  0
SECTION
  2
HEADER
  9
$ACADVER
  1
AC1014
  9
$ACADMAINTVER
 70
     9
  9
$DWGCODEPAGE
  3
ANSI_1252
  9
$INSBASE
 10
0.0
 20
0.0
 30
0.0
  9
$EXTMIN
 10
20.0
 20
5.073533942010236
 30
0.0
  9
$EXTMAX
 10
297.384048
 20
200.0
 30
0.0
  9
$LIMMIN
 10
0.0
 20
0.0
  9
$LIMMAX
 10
12.0
 20
9.0
  9
$ORTHOMODE
 70
     0
  9
$REGENMODE
 70
     1
  9
$FILLMODE
 70
     1
  9
$QTEXTMODE
 70
     0
  9
$MIRRTEXT
 70
     1
  9
$DRAGMODE
 70
     2
  9
$LTSCALE
 40
12.7
  9
$OSMODE
 70
    23
  9
$ATTMODE
 70
     1
  9
$TEXTSIZE
 40
3.5
  9
$TRACEWID
 40
0.05
  9
$TEXTSTYLE
  7
ONSHAPE-STANDARD
  9
$CLAYER
  8
0
  9
$CELTYPE
  6
BYLAYER
  9
$CECOLOR
 62
   256
  9
$CELTSCALE
 40
1.0
  9
$DELOBJ
 70
     1
  9
$DISPSILH
 70
     0
  9
$DIMSCALE
 40
1.0
  9
$DIMASZ
 40
2.5
  9
$DIMEXO
 40
0.625
  9
$DIMDLI
 40
3.75
  9
$DIMRND
 40
0.0
  9
$DIMDLE
 40
0.0
  9
$DIMEXE
 40
1.25
  9
$DIMTP
 40
0.0
  9
$DIMTM
 40
0.0
  9
$DIMTXT
 40
3.5
  9
$DIMCEN
 40
2.5
  9
$DIMTSZ
 40
0.0
  9
$DIMTOL
 70
     0
  9
$DIMLIM
 70
     0
  9
$DIMTIH
 70
     0
  9
$DIMTOH
 70
     0
  9
$DIMSE1
 70
     0
  9
$DIMSE2
 70
     0
  9
$DIMTAD
 70
     1
  9
$DIMZIN
 70
     8
  9
$DIMBLK
  1

  9
$DIMASO
 70
     1
  9
$DIMSHO
 70
     1
  9
$DIMPOST
  1

  9
$DIMAPOST
  1

  9
$DIMALT
 70
     1
  9
$DIMALTD
 70
     3
  9
$DIMALTF
 40
0.0393700787401575
  9
$DIMLFAC
 40
1.0
  9
$DIMTOFL
 70
     1
  9
$DIMTVP
 40
0.0
  9
$DIMTIX
 70
     0
  9
$DIMSOXD
 70
     0
  9
$DIMSAH
 70
     0
  9
$DIMBLK1
  1

  9
$DIMBLK2
  1

  9
$DIMSTYLE
  2
ONSHAPE-ISO-25
  9
$DIMCLRD
 70
     7
  9
$DIMCLRE
 70
     7
  9
$DIMCLRT
 70
     7
  9
$DIMTFAC
 40
1.0
  9
$DIMGAP
 40
0.625
  9
$DIMJUST
 70
     0
  9
$DIMSD1
 70
     0
  9
$DIMSD2
 70
     0
  9
$DIMTOLJ
 70
     0
  9
$DIMTZIN
 70
     8
  9
$DIMALTZ
 70
     8
  9
$DIMALTTZ
 70
     0
  9
$DIMFIT
 70
     3
  9
$DIMUPT
 70
     1
  9
$DIMUNIT
 70
     2
  9
$DIMDEC
 70
     2
  9
$DIMTDEC
 70
     2
  9
$DIMALTU
 70
     2
  9
$DIMALTTD
 70
     3
  9
$DIMTXSTY
  7
ONSHAPE-STANDARD-DIMENSION
  9
$DIMAUNIT
 70
     0
  9
$LUNITS
 70
     2
  9
$LUPREC
 70
     4
  9
$SKETCHINC
 40
0.1
  9
$FILLETRAD
 40
0.5
  9
$AUNITS
 70
     0
  9
$AUPREC
 70
     0
  9
$MENU
  1
.
  9
$ELEVATION
 40
0.0
  9
$PELEVATION
 40
0.0
  9
$THICKNESS
 40
0.0
  9
$LIMCHECK
 70
     0
  9
$CHAMFERA
 40
0.0
  9
$CHAMFERB
 40
0.0
  9
$CHAMFERC
 40
0.0
  9
$CHAMFERD
 40
0.0
  9
$SKPOLY
 70
     0
  9
$TDCREATE
 40
2461223.865487685
  9
$TDUPDATE
 40
2461223.865488854
  9
$TDINDWG
 40
0.0
  9
$TDUSRTIMER
 40
0.0
  9
$USRTIMER
 70
     1
  9
$ANGBASE
 50
0.0
  9
$ANGDIR
 70
     0
  9
$PDMODE
 70
    33
  9
$PDSIZE
 40
1.0
  9
$PLINEWID
 40
0.0
  9
$COORDS
 70
     1
  9
$SPLFRAME
 70
     0
  9
$SPLINETYPE
 70
     6
  9
$SPLINESEGS
 70
     8
  9
$ATTDIA
 70
     0
  9
$ATTREQ
 70
     1
  9
$HANDLING
 70
     1
  9
$HANDSEED
  5
458
  9
$SURFTAB1
 70
     6
  9
$SURFTAB2
 70
     6
  9
$SURFTYPE
 70
     6
  9
$SURFU
 70
     6
  9
$SURFV
 70
     6
  9
$UCSNAME
  2

  9
$UCSORG
 10
0.0
 20
0.0
 30
0.0
  9
$UCSXDIR
 10
1.0
 20
0.0
 30
0.0
  9
$UCSYDIR
 10
0.0
 20
1.0
 30
0.0
  9
$PUCSNAME
  2

  9
$PUCSORG
 10
0.0
 20
0.0
 30
0.0
  9
$PUCSXDIR
 10
1.0
 20
0.0
 30
0.0
  9
$PUCSYDIR
 10
0.0
 20
1.0
 30
0.0
  9
$USERI1
 70
     0
  9
$USERI2
 70
     0
  9
$USERI3
 70
     0
  9
$USERI4
 70
     0
  9
$USERI5
 70
     0
  9
$USERR1
 40
0.0
  9
$USERR2
 40
0.0
  9
$USERR3
 40
0.0
  9
$USERR4
 40
0.0
  9
$USERR5
 40
0.0
  9
$WORLDVIEW
 70
     1
  9
$SHADEDGE
 70
     3
  9
$SHADEDIF
 70
    70
  9
$TILEMODE
 70
     1
  9
$MAXACTVP
 70
    64
  9
$PINSBASE
 10
0.0
 20
0.0
 30
0.0
  9
$PLIMCHECK
 70
     0
  9
$PEXTMIN
 10
1.000000000000000E+20
 20
1.000000000000000E+20
 30
1.000000000000000E+20
  9
$PEXTMAX
 10
-1.000000000000000E+20
 20
-1.000000000000000E+20
 30
-1.000000000000000E+20
  9
$PLIMMIN
 10
0.0
 20
0.0
  9
$PLIMMAX
 10
12.0
 20
9.0
  9
$UNITMODE
 70
     0
  9
$VISRETAIN
 70
     1
  9
$PLINEGEN
 70
     0
  9
$PSLTSCALE
 70
     1
  9
$TREEDEPTH
 70
  3020
  9
$PICKSTYLE
 70
     1
  9
$CMLSTYLE
  2
STANDARD
  9
$CMLJUST
 70
     0
  9
$CMLSCALE
 40
1.0
  9
$PROXYGRAPHICS
 70
     1
  9
$MEASUREMENT
 70
     0
  0
ENDSEC
  0
SECTION
  2
CLASSES
  0
CLASS
  1
ACDBDICTIONARYWDFLT
  2
AcDbDictionaryWithDefault
  3
ObjectDBX Classes
 90
        0
280
     0
281
     0
  0
CLASS
  1
VISUALSTYLE
  2
AcDbVisualStyle
  3
ObjectDBX Classes
 90
     4095
280
     0
281
     0
  0
CLASS
  1
MATERIAL
  2
AcDbMaterial
  3
ObjectDBX Classes
 90
     1153
280
     0
281
     0
  0
CLASS
  1
SCALE
  2
AcDbScale
  3
ObjectDBX Classes
 90
     1153
280
     0
281
     0
  0
CLASS
  1
TABLESTYLE
  2
AcDbTableStyle
  3
ObjectDBX Classes
 90
     4095
280
     0
281
     0
  0
CLASS
  1
MLEADERSTYLE
  2
AcDbMLeaderStyle
  3
ACDB_MLEADERSTYLE_CLASS
 90
     4095
280
     0
281
     0
  0
CLASS
  1
SUN
  2
AcDbSun
  3
SCENEOE
 90
     1153
280
     0
281
     0
  0
CLASS
  1
DICTIONARYVAR
  2
AcDbDictionaryVar
  3
ObjectDBX Classes
 90
        0
280
     0
281
     0
  0
CLASS
  1
FIELD
  2
AcDbField
  3
ObjectDBX Classes
 90
     1152
280
     0
281
     0
  0
CLASS
  1
FIELDLIST
  2
AcDbFieldList
  3
ObjectDBX Classes
 90
     1152
280
     0
281
     0
  0
CLASS
  1
DIMASSOC
  2
AcDbDimAssoc
  3
"AcDbDimAssoc|Product Desc:     AcDim ARX App For Dimension|Company:          Autodesk, Inc.|WEB Address:      www.autodesk.com"
 90
        0
280
     0
281
     0
  0
CLASS
  1
BREAKDATA
  2
AcDbBreakData
  3
ObjectDBX Classes
 90
     1024
280
     0
281
     0
  0
CLASS
  1
XRECORD
  2
AcDbXrecord
  3
ObjectDBX Classes
 90
        0
280
     0
281
     0
  0
CLASS
  1
LWPOLYLINE
  2
AcDbPolyline
  3
ObjectDBX Classes
 90
        0
280
     0
281
     1
  0
CLASS
  1
HATCH
  2
AcDbHatch
  3
ObjectDBX Classes
 90
        0
280
     0
281
     1
  0
CLASS
  1
ACDBPLACEHOLDER
  2
AcDbPlaceHolder
  3
ObjectDBX Classes
 90
        0
280
     0
281
     0
  0
CLASS
  1
LAYOUT
  2
AcDbLayout
  3
ObjectDBX Classes
 90
        0
280
     0
281
     0
  0
ENDSEC
  0
SECTION
  2
TABLES
  0
TABLE
  2
VPORT
  5
8
102
{ACAD_XDICTIONARY
360
44C
102
}
330
0
100
AcDbSymbolTable
 70
     1
  0
VPORT
  5
29
330
8
100
AcDbSymbolTableRecord
100
AcDbViewportTableRecord
  2
*ACTIVE
 70
     0
 10
0.0
 20
0.0
 11
1.0
 21
1.0
 12
159.194944
 22
105.0
 13
0.0
 23
0.0
 14
0.5
 24
0.5
 15
0.5
 25
0.5
 16
0.0
 26
0.0
 36
1.0
 17
0.0
 27
0.0
 37
0.0
 40
193.8
 41
1.465209936842105
 42
50.0
 43
0.0
 44
0.0
 50
0.0
 51
0.0
 71
     0
 72
   100
 73
     1
 74
     3
 75
     0
 76
     0
 77
     0
 78
     0
  0
ENDTAB
  0
TABLE
  2
LTYPE
  5
5
330
0
100
AcDbSymbolTable
 70
     4
  0
LTYPE
  5
14
330
5
100
AcDbSymbolTableRecord
100
AcDbLinetypeTableRecord
  2
BYBLOCK
 70
     0
  3

 72
    65
 73
     0
 40
0.0
  0
LTYPE
  5
15
330
5
100
AcDbSymbolTableRecord
100
AcDbLinetypeTableRecord
  2
BYLAYER
 70
     0
  3

 72
    65
 73
     0
 40
0.0
  0
LTYPE
  5
16
330
5
100
AcDbSymbolTableRecord
100
AcDbLinetypeTableRecord
  2
CONTINUOUS
 70
     0
  3
Solid line
 72
    65
 73
     0
 40
0.0
  0
LTYPE
  5
272
330
5
100
AcDbSymbolTableRecord
100
AcDbLinetypeTableRecord
  2
CENTER
 70
     0
  3
Center line ____ _ ____ _ ____ _
 72
    65
 73
     4
 40
0.7874015748031495
 49
0.4921259842519685
 74
     0
 49
-0.0984251968503937
 74
     0
 49
0.0984251968503937
 74
     0
 49
-0.0984251968503937
 74
     0
  0
LTYPE
  5
2DD
330
5
100
AcDbSymbolTableRecord
100
AcDbLinetypeTableRecord
  2
ONS_DASHDOT
 70
     0
  3
Onshape Dashed with Dot _ . ____ . ____
 72
    65
 73
     4
 40
0.71
 49
0.5
 74
     0
 49
-0.1
 74
     0
 49
0.01
 74
     0
 49
-0.1
 74
     0
  0
LTYPE
  5
376
330
5
100
AcDbSymbolTableRecord
100
AcDbLinetypeTableRecord
  2
ONS_PHANTOM
 70
     0
  3
Onshape Phantom line ______ __ __ ______
 72
    65
 73
     6
 40
0.4999999999999999
 49
0.25
 74
     0
 49
-0.05
 74
     0
 49
0.05
 74
     0
 49
-0.05
 74
     0
 49
0.05
 74
     0
 49
-0.05
 74
     0
  0
ENDTAB
  0
TABLE
  2
LAYER
  5
2
330
0
100
AcDbSymbolTable
 70
    13
  0
LAYER
  5
10
330
2
100
AcDbSymbolTableRecord
100
AcDbLayerTableRecord
  2
0
 70
     0
 62
     7
  6
CONTINUOUS
  0
LAYER
  5
70
330
2
100
AcDbSymbolTableRecord
100
AcDbLayerTableRecord
  2
DEFPOINTS
 70
     0
 62
     7
  6
CONTINUOUS
  0
LAYER
  5
74
330
2
100
AcDbSymbolTableRecord
100
AcDbLayerTableRecord
  2
VISIBLE
 70
     0
 62
     7
  6
CONTINUOUS
  0
LAYER
  5
AD
330
2
100
AcDbSymbolTableRecord
100
AcDbLayerTableRecord
  2
TANGENT_LINES
 70
     0
 62
     7
  6
CONTINUOUS
  0
LAYER
  5
DA
330
2
100
AcDbSymbolTableRecord
100
AcDbLayerTableRecord
  2
VIEW_HATCHES
 70
     0
 62
     7
  6
CONTINUOUS
  0
LAYER
  5
14E
330
2
100
AcDbSymbolTableRecord
100
AcDbLayerTableRecord
  2
DETAIL_VIEW_BORDER
 70
     0
 62
     7
  6
CONTINUOUS
  0
LAYER
  5
1D1
330
2
100
AcDbSymbolTableRecord
100
AcDbLayerTableRecord
  2
BORDER_FRAME
 70
     0
 62
     7
  6
CONTINUOUS
  0
LAYER
  5
1D7
330
2
100
AcDbSymbolTableRecord
100
AcDbLayerTableRecord
  2
TITLE_BLOCK
 70
     0
 62
     7
  6
CONTINUOUS
  0
LAYER
  5
26C
330
2
100
AcDbSymbolTableRecord
100
AcDbLayerTableRecord
  2
ANNOTATION_TEXT
 70
     0
 62
     7
  6
CONTINUOUS
  0
LAYER
  5
270
330
2
100
AcDbSymbolTableRecord
100
AcDbLayerTableRecord
  2
CENTERMARKS
 70
     0
 62
     7
  6
CONTINUOUS
  0
LAYER
  5
2DB
330
2
100
AcDbSymbolTableRecord
100
AcDbLayerTableRecord
  2
SECTION_CUTTING_LINE
 70
     0
 62
     7
  6
ONS_DASHDOT
  0
LAYER
  5
374
330
2
100
AcDbSymbolTableRecord
100
AcDbLayerTableRecord
  2
DETAIL_VIEW_PARENT_BORDER
 70
     0
 62
     7
  6
ONS_PHANTOM
  0
LAYER
  5
377
330
2
100
AcDbSymbolTableRecord
100
AcDbLayerTableRecord
  2
SKETCHED_GEOMETRY
 70
     0
 62
     7
  6
CONTINUOUS
  0
ENDTAB
  0
TABLE
  2
STYLE
  5
3
330
0
100
AcDbSymbolTable
 70
    36
  0
STYLE
  5
11
330
3
100
AcDbSymbolTableRecord
100
AcDbTextStyleTableRecord
  2
STANDARD
 70
     0
 40
0.0
 41
1.0
 50
0.0
 71
     0
 42
3.5
  3
txt
  4

  0
STYLE
  5
71
330
3
100
AcDbSymbolTableRecord
100
AcDbTextStyleTableRecord
  2
ONSHAPE-STANDARD
 70
     0
 40
0.0
 41
1.0
 50
0.0
 71
     0
 42
3.5
  3
NotoSans-Regular.ttf
  4

1001
ACAD
1000
Noto Sans
1071
        0
  0
STYLE
  5
73
330
3
100
AcDbSymbolTableRecord
100
AcDbTextStyleTableRecord
  2
ONSHAPE-STANDARD-DIMENSION
 70
     0
 40
0.0
 41
1.0
 50
0.0
 71
     0
 42
3.5
  3

  4

1001
ACAD
1000
Noto Sans
1071
        0
  0
STYLE
  5
20D
330
3
100
AcDbSymbolTableRecord
100
AcDbTextStyleTableRecord
  2
ONSHAPE-STANDARD-FIELDS
 70
     0
 40
0.0
 41
1.0
 50
0.0
 71
     0
 42
3.5
  3

  4

1001
ACAD
1000
Noto Sans
1071
        0
  0
STYLE
  5
26E
330
3
100
AcDbSymbolTableRecord
100
AcDbTextStyleTableRecord
  2
ONSHAPE-STANDARD-VIEW-LABE
 70
     0
 40
3.5
 41
1.0
 50
0.0
 71
     0
 42
3.5
  3
NotoSans-Regular.ttf
  4

1001
ACAD
1000
Noto Sans
1071
        0
  0
STYLE
  5
3CA
330
3
100
AcDbSymbolTableRecord
100
AcDbTextStyleTableRecord
  2
ONSHAPE-STANDARD-TCFIELDS
 70
     0
 40
0.0
 41
1.0
 50
0.0
 71
     0
 42
3.5
  3
NotoSansTC-Regular.otf
  4

1001
ACAD
1000
Noto Sans TC
1071
        0
  0
STYLE
  5
3CB
330
3
100
AcDbSymbolTableRecord
100
AcDbTextStyleTableRecord
  2
ONSHAPE-STANDARD-SCFIELDS
 70
     0
 40
0.0
 41
1.0
 50
0.0
 71
     0
 42
3.5
  3
NotoSansSC-Regular.otf
  4

1001
ACAD
1000
Noto Sans SC
1071
        0
  0
STYLE
  5
3CC
330
3
100
AcDbSymbolTableRecord
100
AcDbTextStyleTableRecord
  2
ONSHAPE-STANDARD-KOREANFIE
 70
     0
 40
0.0
 41
1.0
 50
0.0
 71
     0
 42
3.5
  3
NotoSansKR-Regular.otf
  4

1001
ACAD
1000
Noto Sans KR
1071
        0
  0
STYLE
  5
3CD
330
3
100
AcDbSymbolTableRecord
100
AcDbTextStyleTableRecord
  2
ONSHAPE-STANDARD-JAPANESEF
 70
     0
 40
0.0
 41
1.0
 50
0.0
 71
     0
 42
3.5
  3
NotoSansJP-Regular.otf
  4

1001
ACAD
1000
Noto Sans JP
1071
        0
  0
STYLE
  5
3CF
330
3
100
AcDbSymbolTableRecord
100
AcDbTextStyleTableRecord
  2
ONSHAPE-STANDARD-BOLD
 70
     0
 40
0.0
 41
1.0
 50
0.0
 71
     0
 42
3.5
  3
NotoSans-Bold.ttf
  4

1001
ACAD
1000
Noto Sans
1071
 33554432
  0
STYLE
  5
3D2
330
3
100
AcDbSymbolTableRecord
100
AcDbTextStyleTableRecord
  2
TTFSTYLE
 70
     0
 40
0.0
 41
1.0
 50
0.0
 71
     0
 42
3.5
  3

  4

1001
ACAD
1000
Verdana
1071
       34
  0
STYLE
  5
3D3
330
3
100
AcDbSymbolTableRecord
100
AcDbTextStyleTableRecord
  2
ONSHAPE-STANDARD-GTOLERANC
 70
     0
 40
0.0
 41
1.0
 50
0.0
 71
     0
 42
3.5
  3

  4

1001
ACAD
1000
Noto Sans
1071
        0
  0
STYLE
  5
3D4
330
3
100
AcDbSymbolTableRecord
100
AcDbTextStyleTableRecord
  2
ONSHAPE-STANDARD-TABLE-DAT
 70
     0
 40
0.0
 41
1.0
 50
0.0
 71
     0
 42
3.5
  3
NotoSans-Regular.ttf
  4

1001
ACAD
1000
Noto Sans
1071
        0
  0
STYLE
  5
3D5
330
3
100
AcDbSymbolTableRecord
100
AcDbTextStyleTableRecord
  2
ONSHAPE-STANDARD-TABLE-TIT
 70
     0
 40
0.0
 41
1.0
 50
0.0
 71
     0
 42
3.5
  3
NotoSans-Bold.ttf
  4

1001
ACAD
1000
Noto Sans
1071
 33554432
  0
STYLE
  5
3D6
330
3
100
AcDbSymbolTableRecord
100
AcDbTextStyleTableRecord
  2
ONSHAPE-STANDARD-TABLE-HEA
 70
     0
 40
0.0
 41
1.0
 50
0.0
 71
     0
 42
3.5
  3
NotoSans-Bold.ttf
  4

1001
ACAD
1000
Noto Sans
1071
 33554432
  0
STYLE
  5
3D7
330
3
100
AcDbSymbolTableRecord
100
AcDbTextStyleTableRecord
  2
ONSHAPE-STANDARD-BOMTABLE-
 70
     0
 40
0.0
 41
1.0
 50
0.0
 71
     0
 42
3.5
  3
NotoSans-Regular.ttf
  4

1001
ACAD
1000
Noto Sans
1071
        0
  0
STYLE
  5
3D8
330
3
100
AcDbSymbolTableRecord
100
AcDbTextStyleTableRecord
  2
ONSHAPE-STANDARD-BOMTABLE0
 70
     0
 40
0.0
 41
1.0
 50
0.0
 71
     0
 42
3.5
  3
NotoSans-Bold.ttf
  4

1001
ACAD
1000
Noto Sans
1071
 33554432
  0
STYLE
  5
3D9
330
3
100
AcDbSymbolTableRecord
100
AcDbTextStyleTableRecord
  2
ONSHAPE-STANDARD-BOMTABLE1
 70
     0
 40
0.0
 41
1.0
 50
0.0
 71
     0
 42
3.5
  3
NotoSans-Bold.ttf
  4

1001
ACAD
1000
Noto Sans
1071
 33554432
  0
STYLE
  5
3DA
330
3
100
AcDbSymbolTableRecord
100
AcDbTextStyleTableRecord
  2
ONSHAPE-STANDARD-NOTESTYLE
 70
     0
 40
3.5
 41
1.0
 50
0.0
 71
     0
 42
3.5
  3
NotoSans-Regular.ttf
  4

1001
ACAD
1000
Noto Sans
1071
        0
  0
STYLE
  5
3DB
330
3
100
AcDbSymbolTableRecord
100
AcDbTextStyleTableRecord
  2
ONSHAPE-STANDARD-DATUM-DIM
 70
     0
 40
3.5
 41
1.0
 50
0.0
 71
     0
 42
3.5
  3
NotoSans-Regular.ttf
  4

1001
ACAD
1000
Noto Sans
1071
        0
  0
STYLE
  5
3DD
330
3
100
AcDbSymbolTableRecord
100
AcDbTextStyleTableRecord
  2
ONSHAPE-DETAIL-VIEW-LEADER
 70
     0
 40
3.5
 41
1.0
 50
0.0
 71
     0
 42
3.5
  3
NotoSans-Regular.ttf
  4

1001
ACAD
1000
Noto Sans
1071
        0
  0
STYLE
  5
3DE
330
3
100
AcDbSymbolTableRecord
100
AcDbTextStyleTableRecord
  2
ONSHAPE-STANDARD-HOLE-CALL
 70
     0
 40
3.5
 41
1.0
 50
0.0
 71
     0
 42
3.5
  3
NotoSans-Regular.ttf
  4

1001
ACAD
1000
Noto Sans
1071
        0
  0
STYLE
  5
3DF
330
3
100
AcDbSymbolTableRecord
100
AcDbTextStyleTableRecord
  2
ONSHAPE-STANDARD-HOLETABLE
 70
     0
 40
0.0
 41
1.0
 50
0.0
 71
     0
 42
3.5
  3
NotoSans-Regular.ttf
  4

1001
ACAD
1000
Noto Sans
1071
        0
  0
STYLE
  5
3E0
330
3
100
AcDbSymbolTableRecord
100
AcDbTextStyleTableRecord
  2
ONSHAPE-STANDARD-HOLETABL0
 70
     0
 40
0.0
 41
1.0
 50
0.0
 71
     0
 42
3.5
  3
NotoSans-Bold.ttf
  4

1001
ACAD
1000
Noto Sans
1071
 33554432
  0
STYLE
  5
3E1
330
3
100
AcDbSymbolTableRecord
100
AcDbTextStyleTableRecord
  2
ONSHAPE-STANDARD-HOLETABL1
 70
     0
 40
0.0
 41
1.0
 50
0.0
 71
     0
 42
3.5
  3
NotoSans-Bold.ttf
  4

1001
ACAD
1000
Noto Sans
1071
 33554432
  0
STYLE
  5
3E2
330
3
100
AcDbSymbolTableRecord
100
AcDbTextStyleTableRecord
  2
ONSHAPE-STANDARD-HOLE-TAG
 70
     0
 40
3.5
 41
1.0
 50
0.0
 71
     0
 42
3.5
  3
NotoSans-Regular.ttf
  4

1001
ACAD
1000
Noto Sans
1071
        0
  0
STYLE
  5
3E3
330
3
100
AcDbSymbolTableRecord
100
AcDbTextStyleTableRecord
  2
ONSHAPE-STANDARD-REVISIONT
 70
     0
 40
0.0
 41
1.0
 50
0.0
 71
     0
 42
3.5
  3
NotoSans-Regular.ttf
  4

1001
ACAD
1000
Noto Sans
1071
        0
  0
STYLE
  5
3E4
330
3
100
AcDbSymbolTableRecord
100
AcDbTextStyleTableRecord
  2
ONSHAPE-STANDARD-REVISION0
 70
     0
 40
0.0
 41
1.0
 50
0.0
 71
     0
 42
3.5
  3
NotoSans-Bold.ttf
  4

1001
ACAD
1000
Noto Sans
1071
 33554432
  0
STYLE
  5
3E5
330
3
100
AcDbSymbolTableRecord
100
AcDbTextStyleTableRecord
  2
ONSHAPE-STANDARD-REVISION1
 70
     0
 40
0.0
 41
1.0
 50
0.0
 71
     0
 42
3.5
  3
NotoSans-Bold.ttf
  4

1001
ACAD
1000
Noto Sans
1071
 33554432
  0
STYLE
  5
3E6
330
3
100
AcDbSymbolTableRecord
100
AcDbTextStyleTableRecord
  2
ONSHAPE-STANDARD-REVISION-
 70
     0
 40
3.5
 41
1.0
 50
0.0
 71
     0
 42
3.5
  3
NotoSans-Regular.ttf
  4

1001
ACAD
1000
Noto Sans
1071
        0
  0
STYLE
  5
3E7
330
3
100
AcDbSymbolTableRecord
100
AcDbTextStyleTableRecord
  2
ONSHAPE-STANDARD-CUTLISTTA
 70
     0
 40
0.0
 41
1.0
 50
0.0
 71
     0
 42
3.5
  3
NotoSans-Regular.ttf
  4

1001
ACAD
1000
Noto Sans
1071
        0
  0
STYLE
  5
3E8
330
3
100
AcDbSymbolTableRecord
100
AcDbTextStyleTableRecord
  2
ONSHAPE-STANDARD-CUTLISTT0
 70
     0
 40
0.0
 41
1.0
 50
0.0
 71
     0
 42
3.5
  3
NotoSans-Bold.ttf
  4

1001
ACAD
1000
Noto Sans
1071
 33554432
  0
STYLE
  5
3E9
330
3
100
AcDbSymbolTableRecord
100
AcDbTextStyleTableRecord
  2
ONSHAPE-STANDARD-CUTLISTT1
 70
     0
 40
0.0
 41
1.0
 50
0.0
 71
     0
 42
3.5
  3
NotoSans-Bold.ttf
  4

1001
ACAD
1000
Noto Sans
1071
 33554432
  0
STYLE
  5
3EA
330
3
100
AcDbSymbolTableRecord
100
AcDbTextStyleTableRecord
  2
ONSHAPE-STANDARD-CUSTOMTAB
 70
     0
 40
0.0
 41
1.0
 50
0.0
 71
     0
 42
3.5
  3
NotoSans-Regular.ttf
  4

1001
ACAD
1000
Noto Sans
1071
        0
  0
STYLE
  5
3EB
330
3
100
AcDbSymbolTableRecord
100
AcDbTextStyleTableRecord
  2
ONSHAPE-STANDARD-CUSTOMTA0
 70
     0
 40
0.0
 41
1.0
 50
0.0
 71
     0
 42
3.5
  3
NotoSans-Bold.ttf
  4

1001
ACAD
1000
Noto Sans
1071
 33554432
  0
STYLE
  5
3EC
330
3
100
AcDbSymbolTableRecord
100
AcDbTextStyleTableRecord
  2
ONSHAPE-STANDARD-CUSTOMTA1
 70
     0
 40
0.0
 41
1.0
 50
0.0
 71
     0
 42
3.5
  3
NotoSans-Bold.ttf
  4

1001
ACAD
1000
Noto Sans
1071
 33554432
  0
ENDTAB
  0
TABLE
  2
VIEW
  5
6
330
0
100
AcDbSymbolTable
 70
     0
  0
ENDTAB
  0
TABLE
  2
UCS
  5
7
330
0
100
AcDbSymbolTable
 70
     0
  0
ENDTAB
  0
TABLE
  2
APPID
  5
9
330
0
100
AcDbSymbolTable
 70
     9
  0
APPID
  5
12
330
9
100
AcDbSymbolTableRecord
100
AcDbRegAppTableRecord
  2
ACAD
 70
     0
  0
APPID
  5
240
330
9
100
AcDbSymbolTableRecord
100
AcDbRegAppTableRecord
  2
ONSHAPE_NOTES_REORDERING_D
 70
     0
  0
APPID
  5
241
330
9
100
AcDbSymbolTableRecord
100
AcDbRegAppTableRecord
  2
ONSHAPE_NOTES_ANNOTATION_D
 70
     0
  0
APPID
  5
317
330
9
100
AcDbSymbolTableRecord
100
AcDbRegAppTableRecord
  2
ACAD_DIMASSOC_CALC_DIMLFAC
 70
     0
  0
APPID
  5
318
330
9
100
AcDbSymbolTableRecord
100
AcDbRegAppTableRecord
  2
ACAD_DIMASSOC_DIMLFAC
 70
     0
  0
APPID
  5
319
330
9
100
AcDbSymbolTableRecord
100
AcDbRegAppTableRecord
  2
ACAD_DIMASSOC_OVERRIDDEN_D
 70
     0
  0
APPID
  5
309
330
9
100
AcDbSymbolTableRecord
100
AcDbRegAppTableRecord
  2
INDEX
 70
     0
  0
APPID
  5
370
330
9
100
AcDbSymbolTableRecord
100
AcDbRegAppTableRecord
  2
ACAD_DSTYLE_DIMRADIAL_EXTE
 70
     0
  0
APPID
  5
456
330
9
100
AcDbSymbolTableRecord
100
AcDbRegAppTableRecord
  2
ACAD_MLEADERVER
 70
     0
  0
ENDTAB
  0
TABLE
  2
DIMSTYLE
  5
A
330
0
100
AcDbSymbolTable
 70
    23
  0
DIMSTYLE
105
27
330
A
100
AcDbSymbolTableRecord
100
AcDbDimStyleTableRecord
  2
STANDARD
 70
     0
  3

  4

  5

  6

  7

 40
1.0
 41
0.18
 42
0.0625
 43
0.38
 44
0.18
 45
0.0
 46
0.0
 47
0.0
 48
0.0
140
0.18
141
0.09
142
0.0
143
0.0393700787401575
144
1.0
145
0.0
146
1.0
147
0.09
 71
     0
 72
     0
 73
     1
 74
     1
 75
     0
 76
     0
 77
     0
 78
     0
170
     0
171
     2
172
     0
173
     0
174
     0
175
     0
176
     0
177
     0
178
     0
270
     2
271
     4
272
     4
273
     2
274
     2
340
11
275
     0
280
     0
281
     0
282
     0
283
     1
284
     0
285
     0
286
     0
287
     3
288
     0
  0
DIMSTYLE
105
72
330
A
100
AcDbSymbolTableRecord
100
AcDbDimStyleTableRecord
  2
ONSHAPE-ISO-25
 70
     0
  3

  4

  5

  6

  7

 40
1.0
 41
2.5
 42
0.625
 43
3.75
 44
1.25
 45
0.0
 46
0.0
 47
0.0
 48
0.0
140
3.5
141
2.5
142
0.0
143
0.0393700787401575
144
1.0
145
0.0
146
1.0
147
0.625
 71
     0
 72
     0
 73
     0
 74
     0
 75
     0
 76
     0
 77
     1
 78
     8
170
     0
171
     3
172
     1
173
     0
174
     0
175
     0
176
     7
177
     7
178
     7
179
     1
270
     2
271
     2
272
     2
273
     2
274
     3
340
73
275
     0
280
     0
281
     0
282
     0
283
     0
284
     8
285
     8
286
     0
287
     3
288
     1
  0
DIMSTYLE
105
304
102
{ACAD_REACTORS
330
2FB
330
31A
330
33A
330
387
330
3A6
102
}
330
A
100
AcDbSymbolTableRecord
100
AcDbDimStyleTableRecord
  2
ONSHAPE-ISO-25$0
 70
     0
  3

  4

  5

  6

  7

 40
1.0
 41
2.5
 42
0.625
 43
3.75
 44
1.25
 45
0.0
 46
0.0
 47
0.0
 48
0.0
140
3.5
141
2.5
142
0.0
143
0.0393700787401575
144
1.0
145
0.0
146
1.0
147
0.625
 71
     0
 72
     0
 73
     0
 74
     0
 75
     0
 76
     0
 77
     1
 78
     8
170
     0
171
     3
172
     1
173
     0
174
     0
175
     0
176
     7
177
     7
178
     7
179
     1
270
     2
271
     2
272
     2
273
     2
274
     3
340
73
275
     0
280
     0
281
     0
282
     0
283
     0
284
     8
285
     8
286
     0
287
     3
288
     1
  0
DIMSTYLE
105
362
102
{ACAD_REACTORS
330
359
102
}
330
A
100
AcDbSymbolTableRecord
100
AcDbDimStyleTableRecord
  2
ONSHAPE-ISO-25$3
 70
     0
  3

  4

  5

  6

  7

 40
1.0
 41
2.5
 42
0.625
 43
3.75
 44
1.25
 45
0.0
 46
0.0
 47
0.0
 48
0.0
140
3.5
141
0.0
142
0.0
143
0.0393700787401575
144
1.0
145
0.0
146
1.0
147
0.625
 71
     0
 72
     0
 73
     0
 74
     0
 75
     0
 76
     0
 77
     1
 78
     8
170
     0
171
     3
172
     1
173
     0
174
     0
175
     0
176
     7
177
     7
178
     7
179
     1
270
     2
271
     2
272
     2
273
     2
274
     3
340
73
275
     0
280
     0
281
     0
282
     0
283
     0
284
     8
285
     8
286
     0
287
     3
288
     1
  0
DIMSTYLE
105
3ED
330
A
100
AcDbSymbolTableRecord
100
AcDbDimStyleTableRecord
  2
ISO-25
 70
     0
  3

  4

  5

  6

  7

 40
1.0
 41
2.5
 42
0.625
 43
3.75
 44
1.25
 45
0.0
 46
0.0
 47
0.0
 48
0.0
140
2.5
141
2.5
142
0.0
143
0.0393700787401575
144
1.0
145
0.0
146
1.0
147
0.625
 71
     0
 72
     0
 73
     0
 74
     0
 75
     0
 76
     0
 77
     1
 78
     8
170
     0
171
     3
172
     1
173
     0
174
     0
175
     0
176
     7
177
     7
178
     7
270
     2
271
     2
272
     2
273
     2
274
     3
340
11
275
     0
280
     0
281
     0
282
     0
283
     0
284
     8
285
     0
286
     0
287
     3
288
     1
  0
DIMSTYLE
105
3EF
330
A
100
AcDbSymbolTableRecord
100
AcDbDimStyleTableRecord
  2
ISO
 70
     0
  3

  4
"
  5

  6

  7

 40
1.0
 41
3.5
 42
1.0
 43
10.0
 44
1.0
 45
0.0
 46
0.0
 47
0.1
 48
0.1
140
3.5
141
0.0
142
0.0
143
0.0393700787401575
144
1.0
145
0.0
146
0.71
147
1.5
 71
     0
 72
     0
 73
     0
 74
     0
 75
     0
 76
     0
 77
     1
 78
     8
170
     0
171
     3
172
     1
173
     0
174
     0
175
     0
176
     7
177
     7
178
     7
270
     2
271
     2
272
     3
273
     2
274
     3
340
11
275
     0
280
     0
281
     0
282
     0
283
     0
284
     8
285
     8
286
     0
287
     3
288
     1
  0
DIMSTYLE
105
3F0
330
A
100
AcDbSymbolTableRecord
100
AcDbDimStyleTableRecord
  2
ISO$3
 70
     0
  3

  4
"
  5

  6

  7

 40
1.0
 41
3.5
 42
1.0
 43
10.0
 44
1.0
 45
0.0
 46
0.0
 47
0.1
 48
0.1
140
3.5
141
0.0
142
0.0
143
0.0393700787401575
144
1.0
145
0.0
146
0.71
147
1.5
 71
     0
 72
     0
 73
     0
 74
     1
 75
     0
 76
     0
 77
     1
 78
     8
170
     0
171
     3
172
     0
173
     0
174
     0
175
     0
176
     7
177
     7
178
     7
270
     2
271
     2
272
     3
273
     2
274
     3
340
11
275
     0
280
     0
281
     0
282
     0
283
     0
284
     8
285
     8
286
     0
288
     1
  0
DIMSTYLE
105
3F1
330
A
100
AcDbSymbolTableRecord
100
AcDbDimStyleTableRecord
  2
ISO$4
 70
     0
  3

  4
"
  5

  6

  7

 40
1.0
 41
3.5
 42
1.0
 43
10.0
 44
1.0
 45
0.0
 46
0.0
 47
0.1
 48
0.1
140
3.5
141
0.0
142
0.0
143
0.0393700787401575
144
1.0
145
0.0
146
0.71
147
1.5
 71
     0
 72
     0
 73
     0
 74
     0
 75
     0
 76
     0
 77
     1
 78
     8
170
     0
171
     3
172
     1
173
     0
174
     0
175
     0
176
     7
177
     7
178
     7
270
     2
271
     2
272
     3
273
     2
274
     3
340
11
275
     0
280
     0
281
     0
282
     0
283
     0
284
     8
285
     8
286
     0
287
     3
288
     1
  0
DIMSTYLE
105
3F2
330
A
100
AcDbSymbolTableRecord
100
AcDbDimStyleTableRecord
  2
ISO$6
 70
     0
  3

  4
"
  5

  6

  7

 40
1.0
 41
0.5
 42
1.0
 43
10.0
 44
1.0
 45
0.0
 46
0.0
 47
0.1
 48
0.1
140
3.5
141
0.0
142
0.0
143
0.0393700787401575
144
1.0
145
0.0
146
0.71
147
1.5
 71
     0
 72
     0
 73
     0
 74
     0
 75
     0
 76
     0
 77
     0
 78
     8
170
     0
171
     3
172
     1
173
     0
174
     0
175
     0
176
     7
177
     7
178
     7
270
     2
271
     2
272
     3
273
     2
274
     3
340
11
275
     0
280
     0
281
     0
282
     0
283
     0
284
     8
285
     8
286
     0
287
     3
288
     1
  0
DIMSTYLE
105
3F3
330
A
100
AcDbSymbolTableRecord
100
AcDbDimStyleTableRecord
  2
ISO$7
 70
     0
  3

  4
"
  5

  6

  7

 40
1.0
 41
3.5
 42
1.0
 43
10.0
 44
1.0
 45
0.0
 46
0.0
 47
0.1
 48
0.1
140
3.5
141
0.0
142
0.0
143
0.0393700787401575
144
1.0
145
0.0
146
0.71
147
1.5
 71
     0
 72
     0
 73
     0
 74
     0
 75
     0
 76
     0
 77
     1
 78
     8
170
     0
171
     3
172
     1
173
     0
174
     0
175
     0
176
     7
177
     7
178
     7
270
     2
271
     2
272
     3
273
     2
274
     3
340
11
275
     0
280
     0
281
     0
282
     0
283
     0
284
     8
285
     8
286
     0
287
     3
288
     1
  0
DIMSTYLE
105
3F4
330
A
100
AcDbSymbolTableRecord
100
AcDbDimStyleTableRecord
  2
ISO$SF
 70
     0
  3

  4
"
  5

  6

  7

 40
1.0
 41
3.5
 42
1.0
 43
10.0
 44
1.0
 45
0.0
 46
0.0
 47
0.1
 48
0.1
140
3.5
141
0.0
142
0.0
143
0.0393700787401575
144
1.0
145
0.0
146
0.71
147
1.5
 71
     0
 72
     0
 73
     0
 74
     0
 75
     1
 76
     1
 77
     1
 78
     8
170
     0
171
     3
172
     1
173
     0
174
     0
175
     0
176
     7
177
     7
178
     7
270
     2
271
     2
272
     3
273
     2
274
     3
340
11
275
     0
280
     0
281
     0
282
     0
283
     0
284
     8
285
     8
286
     0
287
     3
288
     1
  0
DIMSTYLE
105
3F5
330
A
100
AcDbSymbolTableRecord
100
AcDbDimStyleTableRecord
  2
ISO$SH
 70
     0
  3

  4
"
  5

  6

  7

 40
1.0
 41
3.5
 42
1.0
 43
10.0
 44
1.0
 45
0.0
 46
0.0
 47
0.1
 48
0.1
140
3.5
141
0.0
142
0.0
143
0.0393700787401575
144
2.0
145
0.0
146
0.71
147
1.5
 71
     0
 72
     0
 73
     0
 74
     0
 75
     1
 76
     1
 77
     1
 78
     8
170
     0
171
     3
172
     1
173
     1
174
     0
175
     0
176
     7
177
     7
178
     7
270
     2
271
     2
272
     3
273
     2
274
     3
340
11
275
     0
280
     0
281
     0
282
     0
283
     0
284
     8
285
     8
286
     0
287
     3
288
     1
  0
DIMSTYLE
105
3F9
330
A
100
AcDbSymbolTableRecord
100
AcDbDimStyleTableRecord
  2
ONSHAPE-ISO-25$2
 70
     0
  3

  4

  5

  6

  7

 40
1.0
 41
2.5
 42
0.625
 43
3.75
 44
1.25
 45
0.0
 46
0.0
 47
0.0
 48
0.0
140
3.5
141
2.5
142
0.0
143
0.0393700787401575
144
1.0
145
0.0
146
1.0
147
0.625
 71
     0
 72
     0
 73
     0
 74
     0
 75
     0
 76
     0
 77
     1
 78
     8
170
     0
171
     3
172
     1
173
     0
174
     0
175
     0
176
     7
177
     7
178
     7
179
     1
270
     2
271
     2
272
     2
273
     2
274
     3
340
73
275
     0
280
     0
281
     0
282
     0
283
     0
284
     8
285
     8
286
     0
287
     3
288
     1
  0
DIMSTYLE
105
3FB
330
A
100
AcDbSymbolTableRecord
100
AcDbDimStyleTableRecord
  2
ONSHAPE-ISO-25$4
 70
     0
  3

  4

  5

  6

  7

 40
1.0
 41
2.5
 42
0.625
 43
3.75
 44
1.25
 45
0.0
 46
0.0
 47
0.0
 48
0.0
140
3.5
141
0.0
142
0.0
143
0.0393700787401575
144
1.0
145
0.0
146
1.0
147
0.625
 71
     0
 72
     0
 73
     0
 74
     0
 75
     0
 76
     0
 77
     1
 78
     8
170
     0
171
     3
172
     1
173
     0
174
     0
175
     0
176
     7
177
     7
178
     7
179
     1
270
     2
271
     2
272
     2
273
     2
274
     3
340
73
275
     0
280
     0
281
     0
282
     0
283
     0
284
     8
285
     8
286
     0
287
     3
288
     1
  0
DIMSTYLE
105
3FC
330
A
100
AcDbSymbolTableRecord
100
AcDbDimStyleTableRecord
  2
ONSHAPE-ISO-25$6
 70
     0
  3

  4

  5

  6

  7

 40
1.0
 41
0.5
 42
0.625
 43
3.75
 44
1.25
 45
0.0
 46
0.0
 47
0.0
 48
0.0
140
3.5
141
2.5
142
0.0
143
0.0393700787401575
144
1.0
145
0.0
146
1.0
147
0.625
 71
     0
 72
     0
 73
     0
 74
     0
 75
     0
 76
     0
 77
     1
 78
     8
170
     0
171
     3
172
     1
173
     0
174
     0
175
     0
176
     7
177
     7
178
     7
179
     1
270
     2
271
     2
272
     2
273
     2
274
     3
340
73
275
     0
280
     0
281
     0
282
     0
283
     0
284
     8
285
     8
286
     0
287
     3
288
     1
  0
DIMSTYLE
105
3FD
330
A
100
AcDbSymbolTableRecord
100
AcDbDimStyleTableRecord
  2
ONSHAPE-ISO-25$7
 70
     0
  3

  4

  5

  6

  7

 40
1.0
 41
2.5
 42
0.625
 43
3.75
 44
1.25
 45
0.0
 46
0.0
 47
0.0
 48
0.0
140
3.5
141
2.5
142
0.0
143
0.0393700787401575
144
1.0
145
0.0
146
1.0
147
0.625
 71
     0
 72
     0
 73
     0
 74
     0
 75
     0
 76
     0
 77
     1
 78
     8
170
     0
171
     3
172
     1
173
     0
174
     0
175
     0
176
     7
177
     7
178
     7
179
     1
270
     2
271
     2
272
     2
273
     2
274
     3
340
73
275
     0
280
     0
281
     0
282
     0
283
     0
284
     8
285
     8
286
     0
287
     3
288
     1
  0
DIMSTYLE
105
3FE
330
A
100
AcDbSymbolTableRecord
100
AcDbDimStyleTableRecord
  2
ONSHAPE-STANDARD-GTOLERANC
 70
     0
  3

  4

  5

  6

  7

 40
1.0
 41
2.5
 42
0.625
 43
3.75
 44
1.25
 45
0.0
 46
0.0
 47
0.0
 48
0.0
140
3.5
141
2.5
142
0.0
143
0.03937
144
1.0
145
0.0
146
1.0
147
0.625
 71
     0
 72
     0
 73
     0
 74
     0
 75
     0
 76
     0
 77
     1
 78
     8
170
     0
171
     3
172
     1
173
     0
174
     0
175
     0
176
     7
177
     7
178
     7
179
     1
270
     2
271
     2
272
     2
273
     2
274
     3
340
3D3
275
     0
280
     0
281
     0
282
     0
283
     0
284
     8
285
     8
286
     0
287
     3
288
     1
  0
DIMSTYLE
105
400
330
A
100
AcDbSymbolTableRecord
100
AcDbDimStyleTableRecord
  2
ONSHAPE-ORDINATESTYLE
 70
     0
  3

  4

  5

  6

  7

 40
1.0
 41
2.5
 42
0.625
 43
3.75
 44
1.25
 45
0.0
 46
0.0
 47
0.0
 48
0.0
140
3.5
141
2.5
142
0.0
143
0.0393700787401575
144
1.0
145
0.0
146
1.0
147
0.625
 71
     0
 72
     0
 73
     0
 74
     0
 75
     0
 76
     0
 77
     1
 78
     8
170
     0
171
     3
172
     1
173
     0
174
     0
175
     0
176
     7
177
     7
178
     7
179
     1
270
     2
271
     2
272
     2
273
     2
274
     3
340
73
275
     0
280
     0
281
     0
282
     0
283
     0
284
     8
285
     8
286
     0
287
     3
288
     1
  0
DIMSTYLE
105
401
330
A
100
AcDbSymbolTableRecord
100
AcDbDimStyleTableRecord
  2
ONSHAPE-CHAMFERDIMSTYLE
 70
     0
  3

  4

  5

  6

  7

 40
1.0
 41
2.5
 42
0.625
 43
3.75
 44
1.25
 45
0.0
 46
0.0
 47
0.0
 48
0.0
140
3.5
141
2.5
142
0.0
143
0.0393700787401575
144
1.0
145
0.0
146
1.0
147
0.625
 71
     0
 72
     0
 73
     0
 74
     0
 75
     0
 76
     0
 77
     1
 78
     8
170
     0
171
     3
172
     1
173
     0
174
     0
175
     0
176
     7
177
     7
178
     7
179
     1
270
     2
271
     2
272
     2
273
     2
274
     3
340
73
275
     0
280
     0
281
     0
282
     0
283
     0
284
     8
285
     8
286
     0
287
     3
288
     1
  0
DIMSTYLE
105
402
330
A
100
AcDbSymbolTableRecord
100
AcDbDimStyleTableRecord
  2
ONSHAPE-SKETCHDRIVENDIMSTY
 70
     0
  3

  4

  5

  6

  7

 40
1.0
 41
2.5
 42
0.625
 43
3.75
 44
1.25
 45
0.0
 46
0.0
 47
0.0
 48
0.0
140
3.5
141
2.5
142
0.0
143
0.0393700787401575
144
1.0
145
0.0
146
1.0
147
0.625
 71
     0
 72
     0
 73
     0
 74
     0
 75
     0
 76
     0
 77
     1
 78
     8
170
     0
171
     3
172
     1
173
     0
174
     0
175
     0
176
   251
177
   251
178
   251
179
     1
270
     2
271
     2
272
     2
273
     2
274
     3
340
73
275
     0
280
     0
281
     0
282
     0
283
     0
284
     8
285
     8
286
     0
287
     3
288
     1
  0
DIMSTYLE
105
403
330
A
100
AcDbSymbolTableRecord
100
AcDbDimStyleTableRecord
  2
ONSHAPE-SKETCHDRIVENDIMST0
 70
     0
  3

  4

  5

  6

  7

 40
1.0
 41
2.5
 42
0.625
 43
3.75
 44
1.25
 45
0.0
 46
0.0
 47
0.0
 48
0.0
140
3.5
141
2.5
142
0.0
143
0.0393700787401575
144
1.0
145
0.0
146
1.0
147
0.625
 71
     0
 72
     0
 73
     0
 74
     0
 75
     0
 76
     0
 77
     1
 78
     8
170
     0
171
     3
172
     1
173
     0
174
     0
175
     0
176
   251
177
   251
178
   251
179
     1
270
     2
271
     2
272
     2
273
     2
274
     3
340
73
275
     0
280
     0
281
     0
282
     0
283
     0
284
     8
285
     8
286
     0
287
     3
288
     1
  0
DIMSTYLE
105
404
330
A
100
AcDbSymbolTableRecord
100
AcDbDimStyleTableRecord
  2
ONSHAPE-SKETCHDRIVENDIMST1
 70
     0
  3

  4

  5

  6

  7

 40
1.0
 41
2.5
 42
0.625
 43
3.75
 44
1.25
 45
0.0
 46
0.0
 47
0.0
 48
0.0
140
3.5
141
0.0
142
0.0
143
0.0393700787401575
144
1.0
145
0.0
146
1.0
147
0.625
 71
     0
 72
     0
 73
     0
 74
     0
 75
     0
 76
     0
 77
     1
 78
     8
170
     0
171
     3
172
     1
173
     0
174
     0
175
     0
176
   251
177
   251
178
   251
179
     1
270
     2
271
     2
272
     2
273
     2
274
     3
340
73
275
     0
280
     0
281
     0
282
     0
283
     0
284
     8
285
     8
286
     0
287
     3
288
     1
  0
DIMSTYLE
105
405
330
A
100
AcDbSymbolTableRecord
100
AcDbDimStyleTableRecord
  2
ONSHAPE-SKETCHDRIVENDIMST2
 70
     0
  3

  4

  5

  6

  7

 40
1.0
 41
2.5
 42
0.625
 43
3.75
 44
1.25
 45
0.0
 46
0.0
 47
0.0
 48
0.0
140
3.5
141
0.0
142
0.0
143
0.0393700787401575
144
1.0
145
0.0
146
1.0
147
0.625
 71
     0
 72
     0
 73
     0
 74
     0
 75
     0
 76
     0
 77
     1
 78
     8
170
     0
171
     3
172
     1
173
     0
174
     0
175
     0
176
   251
177
   251
178
   251
179
     1
270
     2
271
     2
272
     2
273
     2
274
     3
340
73
275
     0
280
     0
281
     0
282
     0
283
     0
284
     8
285
     8
286
     0
287
     3
288
     1
  0
ENDTAB
  0
TABLE
  2
BLOCK_RECORD
  5
1
330
0
100
AcDbSymbolTable
 70
     6
  0
BLOCK_RECORD
  5
1F
330
1
100
AcDbSymbolTableRecord
100
AcDbBlockTableRecord
  2
*MODEL_SPACE
  0
BLOCK_RECORD
  5
1B
330
1
100
AcDbSymbolTableRecord
100
AcDbBlockTableRecord
  2
*PAPER_SPACE
  0
BLOCK_RECORD
  5
306
330
1
100
AcDbSymbolTableRecord
100
AcDbBlockTableRecord
  2
*D1
  0
BLOCK_RECORD
  5
325
330
1
100
AcDbSymbolTableRecord
100
AcDbBlockTableRecord
  2
*D2
  0
BLOCK_RECORD
  5
345
330
1
100
AcDbSymbolTableRecord
100
AcDbBlockTableRecord
  2
*D3
  0
BLOCK_RECORD
  5
364
330
1
100
AcDbSymbolTableRecord
100
AcDbBlockTableRecord
  2
*D4
  0
BLOCK_RECORD
  5
392
330
1
100
AcDbSymbolTableRecord
100
AcDbBlockTableRecord
  2
*D5
  0
BLOCK_RECORD
  5
3B1
330
1
100
AcDbSymbolTableRecord
100
AcDbBlockTableRecord
  2
*D6
  0
ENDTAB
  0
ENDSEC
  0
SECTION
  2
BLOCKS
  0
BLOCK
  5
20
330
1F
100
AcDbEntity
  8
0
100
AcDbBlockBegin
  2
*MODEL_SPACE
 70
     0
 10
0.0
 20
0.0
 30
0.0
  3
*MODEL_SPACE
  1

  0
ENDBLK
  5
21
330
1F
100
AcDbEntity
  8
0
100
AcDbBlockEnd
  0
BLOCK
  5
1C
330
1B
100
AcDbEntity
 67
     1
  8
0
100
AcDbBlockBegin
  2
*PAPER_SPACE
 70
     0
 10
0.0
 20
0.0
 30
0.0
  3
*PAPER_SPACE
  1

  0
ENDBLK
  5
1D
330
1B
100
AcDbEntity
 67
     1
  8
0
100
AcDbBlockEnd
  0
BLOCK
  5
307
330
306
100
AcDbEntity
  8
0
100
AcDbBlockBegin
  2
*D1
 70
     1
 10
0.0
 20
0.0
 30
0.0
  3
*D1
  1

  0
LINE
  5
308
330
306
100
AcDbEntity
  8
ANNOTATION_TEXT
 62
     7
100
AcDbLine
 10
94.3153045683127
 20
109.9348033257782
 30
0.0
 11
94.3153045683127
 21
94.38296449616287
 31
0.0
1001
INDEX
1070
     0
  0
LINE
  5
30A
330
306
100
AcDbEntity
  8
ANNOTATION_TEXT
 62
     7
100
AcDbLine
 10
97.0653045683127
 20
111.7363673546446
 30
0.0
 11
97.0653045683127
 21
94.38296449616287
 31
0.0
1001
INDEX
1070
     1
  0
LINE
  5
30B
330
306
100
AcDbEntity
  8
ANNOTATION_TEXT
 62
     7
100
AcDbLine
 10
94.3153045683127
 20
95.63296449616287
 30
0.0
 11
81.75672146204566
 21
95.63296449616287
 31
0.0
  0
LINE
  5
30C
330
306
100
AcDbEntity
  8
ANNOTATION_TEXT
 62
     7
100
AcDbLine
 10
94.3153045683127
 20
95.63296449616287
 30
0.0
 11
97.0653045683127
 21
95.63296449616287
 31
0.0
1001
INDEX
1070
     3
  0
LINE
  5
30D
330
306
100
AcDbEntity
  8
ANNOTATION_TEXT
 62
     7
100
AcDbLine
 10
91.8153045683127
 20
95.63296449616287
 30
0.0
 11
89.3153045683127
 21
95.63296449616287
 31
0.0
1001
INDEX
1070
     3
  0
LINE
  5
30E
330
306
100
AcDbEntity
  8
ANNOTATION_TEXT
 62
     7
100
AcDbLine
 10
99.5653045683127
 20
95.63296449616287
 30
0.0
 11
102.0653045683127
 21
95.63296449616287
 31
0.0
1001
INDEX
1070
     3
  0
SOLID
  5
30F
330
306
100
AcDbEntity
  8
ANNOTATION_TEXT
 62
     7
100
AcDbTrace
 10
91.8153045683127
 20
95.2162978294962
 30
0.0
 11
91.8153045683127
 21
96.04963116282954
 31
0.0
 12
94.3153045683127
 22
95.63296449616287
 32
0.0
 13
94.3153045683127
 23
95.63296449616287
 33
0.0
  0
SOLID
  5
310
330
306
100
AcDbEntity
  8
ANNOTATION_TEXT
 62
     7
100
AcDbTrace
 10
99.5653045683127
 20
96.04963116282954
 30
0.0
 11
99.5653045683127
 21
95.2162978294962
 31
0.0
 12
97.0653045683127
 22
95.63296449616287
 32
0.0
 13
97.0653045683127
 23
95.63296449616287
 33
0.0
  0
MTEXT
  5
311
330
306
100
AcDbEntity
  8
ANNOTATION_TEXT
 62
     7
100
AcDbMText
 10
85.53601301517918
 20
98.32267839262063
 30
0.0
 40
3.5
 41
0.0
 71
     5
 72
     1
  1
5,5
  7
ONSHAPE-STANDARD-DIMENSION
  0
POINT
  5
312
330
306
100
AcDbEntity
  8
DEFPOINTS
 62
     0
100
AcDbPoint
 10
94.3153045683127
 20
110.5598033257782
 30
0.0
  0
POINT
  5
313
330
306
100
AcDbEntity
  8
DEFPOINTS
 62
     0
100
AcDbPoint
 10
97.0653045683127
 20
112.3613673546446
 30
0.0
  0
POINT
  5
314
330
306
100
AcDbEntity
  8
DEFPOINTS
 62
     0
100
AcDbPoint
 10
97.0653045683127
 20
95.63296449616287
 30
0.0
  0
POINT
  5
315
330
306
100
AcDbEntity
  8
DEFPOINTS
 62
     0
100
AcDbPoint
 10
97.0653045683127
 20
95.63296449616287
 30
0.0
  0
ENDBLK
  5
316
330
306
100
AcDbEntity
  8
0
100
AcDbBlockEnd
  0
BLOCK
  5
326
330
325
100
AcDbEntity
  8
0
100
AcDbBlockBegin
  2
*D2
 70
     1
 10
0.0
 20
0.0
 30
0.0
  3
*D2
  1

  0
LINE
  5
327
330
325
100
AcDbEntity
  8
ANNOTATION_TEXT
 62
     7
100
AcDbLine
 10
94.3153045683127
 20
109.9348033257782
 30
0.0
 11
94.3153045683127
 21
97.50796449616287
 31
0.0
1001
INDEX
1070
     0
  0
LINE
  5
329
330
325
100
AcDbEntity
  8
ANNOTATION_TEXT
 62
     7
100
AcDbLine
 10
94.3153045683127
 20
93.75796449616287
 30
0.0
 11
94.3153045683127
 21
83.51040053889945
 31
0.0
1001
INDEX
1070
     0
  0
LINE
  5
32A
330
325
100
AcDbEntity
  8
ANNOTATION_TEXT
 62
     7
100
AcDbLine
 10
101.0653045683127
 20
111.4348033257782
 30
0.0
 11
101.0653045683127
 21
97.50796449616287
 31
0.0
1001
INDEX
1070
     1
  0
LINE
  5
32B
330
325
100
AcDbEntity
  8
ANNOTATION_TEXT
 62
     7
100
AcDbLine
 10
101.0653045683127
 20
93.75796449616287
 30
0.0
 11
101.0653045683127
 21
83.51040053889945
 31
0.0
1001
INDEX
1070
     1
  0
LINE
  5
32C
330
325
100
AcDbEntity
  8
ANNOTATION_TEXT
 62
     7
100
AcDbLine
 10
94.3153045683127
 20
84.76040053889945
 30
0.0
 11
81.5911901268958
 21
84.76040053889945
 31
0.0
  0
LINE
  5
32D
330
325
100
AcDbEntity
  8
ANNOTATION_TEXT
 62
     7
100
AcDbLine
 10
94.3153045683127
 20
84.76040053889945
 30
0.0
 11
101.0653045683127
 21
84.76040053889945
 31
0.0
1001
INDEX
1070
     3
  0
LINE
  5
32E
330
325
100
AcDbEntity
  8
ANNOTATION_TEXT
 62
     7
100
AcDbLine
 10
103.5653045683127
 20
84.76040053889945
 30
0.0
 11
106.0653045683127
 21
84.76040053889945
 31
0.0
1001
INDEX
1070
     3
  0
SOLID
  5
32F
330
325
100
AcDbEntity
  8
ANNOTATION_TEXT
 62
     7
100
AcDbTrace
 10
91.8153045683127
 20
84.34373387223278
 30
0.0
 11
91.8153045683127
 21
85.17706720556612
 31
0.0
 12
94.3153045683127
 22
84.76040053889945
 32
0.0
 13
94.3153045683127
 23
84.76040053889945
 33
0.0
  0
SOLID
  5
330
330
325
100
AcDbEntity
  8
ANNOTATION_TEXT
 62
     7
100
AcDbTrace
 10
103.5653045683127
 20
85.17706720556612
 30
0.0
 11
103.5653045683127
 21
84.34373387223278
 31
0.0
 12
101.0653045683127
 22
84.76040053889945
 32
0.0
 13
101.0653045683127
 23
84.76040053889945
 33
0.0
  0
MTEXT
  5
331
330
325
100
AcDbEntity
  8
ANNOTATION_TEXT
 62
     7
100
AcDbMText
 10
86.70324734760425
 20
87.46799590674686
 30
0.0
 40
3.5
 41
0.0
 71
     5
 72
     1
  1
13,5
  7
ONSHAPE-STANDARD-DIMENSION
  0
POINT
  5
332
330
325
100
AcDbEntity
  8
DEFPOINTS
 62
     0
100
AcDbPoint
 10
94.3153045683127
 20
110.5598033257782
 30
0.0
  0
POINT
  5
333
330
325
100
AcDbEntity
  8
DEFPOINTS
 62
     0
100
AcDbPoint
 10
101.0653045683127
 20
112.0598033257782
 30
0.0
  0
POINT
  5
420
330
325
100
AcDbEntity
  8
DEFPOINTS
 62
     0
100
AcDbPoint
 10
101.0653045683127
 20
84.76040053889945
 30
0.0
  0
POINT
  5
421
330
325
100
AcDbEntity
  8
DEFPOINTS
 62
     0
100
AcDbPoint
 10
101.0653045683127
 20
84.76040053889945
 30
0.0
  0
ENDBLK
  5
336
330
325
100
AcDbEntity
  8
0
100
AcDbBlockEnd
  0
BLOCK
  5
346
330
345
100
AcDbEntity
  8
0
100
AcDbBlockBegin
  2
*D3
 70
     1
 10
0.0
 20
0.0
 30
0.0
  3
*D3
  1

  0
LINE
  5
347
330
345
100
AcDbEntity
  8
ANNOTATION_TEXT
 62
     7
100
AcDbLine
 10
94.3153045683127
 20
109.9348033257782
 30
0.0
 11
94.3153045683127
 21
103.0823510097019
 31
0.0
1001
INDEX
1070
     0
  0
LINE
  5
349
330
345
100
AcDbEntity
  8
ANNOTATION_TEXT
 62
     7
100
AcDbLine
 10
95.2153045683127
 20
110.6848033257767
 30
0.0
 11
95.2153045683127
 21
103.0823510097019
 31
0.0
1001
INDEX
1070
     1
  0
LINE
  5
34A
330
345
100
AcDbEntity
  8
ANNOTATION_TEXT
 62
     7
100
AcDbLine
 10
92.4403045683127
 20
104.3323510097019
 30
0.0
 11
81.84970511327184
 21
104.3323510097019
 31
0.0
  0
LINE
  5
34B
330
345
100
AcDbEntity
  8
ANNOTATION_TEXT
 62
     7
100
AcDbLine
 10
91.8153045683127
 20
104.3323510097019
 30
0.0
 11
89.3153045683127
 21
104.3323510097019
 31
0.0
1001
INDEX
1070
     3
  0
LINE
  5
34C
330
345
100
AcDbEntity
  8
ANNOTATION_TEXT
 62
     7
100
AcDbLine
 10
97.7153045683127
 20
104.3323510097019
 30
0.0
 11
100.2153045683127
 21
104.3323510097019
 31
0.0
1001
INDEX
1070
     3
  0
SOLID
  5
34D
330
345
100
AcDbEntity
  8
ANNOTATION_TEXT
 62
     7
100
AcDbTrace
 10
91.8153045683127
 20
103.9156843430352
 30
0.0
 11
91.8153045683127
 21
104.7490176763686
 31
0.0
 12
94.3153045683127
 22
104.3323510097019
 32
0.0
 13
94.3153045683127
 23
104.3323510097019
 33
0.0
  0
SOLID
  5
34E
330
345
100
AcDbEntity
  8
ANNOTATION_TEXT
 62
     7
100
AcDbTrace
 10
97.7153045683127
 20
104.7490176763686
 30
0.0
 11
97.7153045683127
 21
103.9156843430352
 31
0.0
 12
95.2153045683127
 22
104.3323510097019
 32
0.0
 13
95.2153045683127
 23
104.3323510097019
 33
0.0
  0
MTEXT
  5
34F
330
345
100
AcDbEntity
  8
ANNOTATION_TEXT
 62
     7
100
AcDbMText
 10
85.58250484079227
 20
107.0399463775493
 30
0.0
 40
3.5
 41
0.0
 71
     5
 72
     1
  1
1,8
  7
ONSHAPE-STANDARD-DIMENSION
  0
POINT
  5
350
330
345
100
AcDbEntity
  8
DEFPOINTS
 62
     0
100
AcDbPoint
 10
94.3153045683127
 20
110.5598033257782
 30
0.0
  0
POINT
  5
351
330
345
100
AcDbEntity
  8
DEFPOINTS
 62
     0
100
AcDbPoint
 10
95.2153045683127
 20
111.3098033257767
 30
0.0
  0
POINT
  5
352
330
345
100
AcDbEntity
  8
DEFPOINTS
 62
     0
100
AcDbPoint
 10
95.2153045683127
 20
104.3323510097019
 30
0.0
  0
POINT
  5
353
330
345
100
AcDbEntity
  8
DEFPOINTS
 62
     0
100
AcDbPoint
 10
95.2153045683127
 20
104.3323510097019
 30
0.0
  0
ENDBLK
  5
354
330
345
100
AcDbEntity
  8
0
100
AcDbBlockEnd
  0
BLOCK
  5
365
330
364
100
AcDbEntity
  8
0
100
AcDbBlockBegin
  2
*D4
 70
     1
 10
0.0
 20
0.0
 30
0.0
  3
*D4
  1

  0
LINE
  5
366
330
364
100
AcDbEntity
  8
ANNOTATION_TEXT
 62
     7
100
AcDbLine
 10
172.7286970150723
 20
112.389558000009
 30
0.0
 11
144.5549927626118
 21
105.6268049921466
 31
0.0
1001
INDEX
1070
     3
  0
LINE
  5
368
330
364
100
AcDbEntity
  8
ANNOTATION_TEXT
 62
     7
100
AcDbLine
 10
179.1463982041682
 20
113.9300486515473
 30
0.0
 11
181.5773456242803
 21
114.5135678377361
 31
0.0
1001
INDEX
1070
     3
  0
MTEXT
  5
369
330
364
100
AcDbEntity
  8
ANNOTATION_TEXT
 62
     7
100
AcDbMText
 10
154.1741304338437
 20
110.7754358252308
 30
0.0
 40
3.5
 41
0.0
 71
     5
 72
     1
  1
%%c3,2 TYP
  7
ONSHAPE-STANDARD-DIMENSION
 11
0.9723789680448348
 21
0.2334076744755023
 31
0.0
  0
LINE
  5
36A
330
364
100
AcDbEntity
  8
ANNOTATION_TEXT
 62
     7
100
AcDbLine
 10
176.7154507840561
 20
113.3465294653586
 30
0.0
 11
175.1596444351844
 21
112.9730771861978
 31
0.0
1001
INDEX
1070
     3
  0
SOLID
  5
36B
330
364
100
AcDbEntity
  8
ANNOTATION_TEXT
 62
     7
100
AcDbTrace
 10
179.04914500647
 20
114.3352065548994
 30
0.0
 11
179.2436514018663
 21
113.5248907481953
 31
0.0
 12
176.7154507840561
 22
113.3465294653586
 32
0.0
 13
176.7154507840561
 23
113.3465294653586
 33
0.0
  0
SOLID
  5
36C
330
364
100
AcDbEntity
  8
ANNOTATION_TEXT
 62
     7
100
AcDbTrace
 10
172.8259502127704
 20
111.984400096657
 30
0.0
 11
172.6314438173741
 21
112.7947159033611
 31
0.0
 12
175.1596444351844
 22
112.9730771861978
 32
0.0
 13
175.1596444351844
 23
112.9730771861978
 33
0.0
  0
POINT
  5
36D
330
364
100
AcDbEntity
  8
DEFPOINTS
 62
     0
100
AcDbPoint
 10
175.1596444351844
 20
112.9730771861978
 30
0.0
  0
POINT
  5
36E
330
364
100
AcDbEntity
  8
DEFPOINTS
 62
     0
100
AcDbPoint
 10
176.7154507840561
 20
113.3465294653586
 30
0.0
  0
ENDBLK
  5
36F
330
364
100
AcDbEntity
  8
0
100
AcDbBlockEnd
  0
BLOCK
  5
393
330
392
100
AcDbEntity
  8
0
100
AcDbBlockBegin
  2
*D5
 70
     1
 10
0.0
 20
0.0
 30
0.0
  3
*D5
  1

  0
LINE
  5
394
330
392
100
AcDbEntity
  8
ANNOTATION_TEXT
 62
     7
100
AcDbLine
 10
266.5518625369334
 20
85.01884197090588
 30
0.0
 11
261.1622059219492
 21
85.01884197090588
 31
0.0
1001
INDEX
1070
     0
  0
LINE
  5
396
330
392
100
AcDbEntity
  8
ANNOTATION_TEXT
 62
     7
100
AcDbLine
 10
266.8518625369334
 20
84.71884197090588
 30
0.0
 11
261.1622059219492
 21
84.71884197090588
 31
0.0
1001
INDEX
1070
     1
  0
LINE
  5
397
330
392
100
AcDbEntity
  8
ANNOTATION_TEXT
 62
     7
100
AcDbLine
 10
262.4122059219492
 20
85.01884197090588
 30
0.0
 11
262.4122059219492
 21
97.64656676654624
 31
0.0
  0
LINE
  5
398
330
392
100
AcDbEntity
  8
ANNOTATION_TEXT
 62
     7
100
AcDbLine
 10
262.4122059219492
 20
85.01884197090588
 30
0.0
 11
262.4122059219492
 21
84.71884197090588
 31
0.0
1001
INDEX
1070
     3
  0
LINE
  5
399
330
392
100
AcDbEntity
  8
ANNOTATION_TEXT
 62
     7
100
AcDbLine
 10
262.4122059219492
 20
87.51884197090588
 30
0.0
 11
262.4122059219492
 21
90.01884197090588
 31
0.0
1001
INDEX
1070
     3
  0
LINE
  5
39A
330
392
100
AcDbEntity
  8
ANNOTATION_TEXT
 62
     7
100
AcDbLine
 10
262.4122059219492
 20
82.21884197090588
 30
0.0
 11
262.4122059219492
 21
79.71884197090588
 31
0.0
1001
INDEX
1070
     3
  0
SOLID
  5
39B
330
392
100
AcDbEntity
  8
ANNOTATION_TEXT
 62
     7
100
AcDbTrace
 10
261.9955392552825
 20
87.51884197090588
 30
0.0
 11
262.8288725886159
 21
87.51884197090588
 31
0.0
 12
262.4122059219492
 22
85.01884197090588
 32
0.0
 13
262.4122059219492
 23
85.01884197090588
 33
0.0
  0
SOLID
  5
39C
330
392
100
AcDbEntity
  8
ANNOTATION_TEXT
 62
     7
100
AcDbTrace
 10
262.8288725886159
 20
82.21884197090588
 30
0.0
 11
261.9955392552825
 21
82.21884197090588
 31
0.0
 12
262.4122059219492
 22
84.71884197090588
 32
0.0
 13
262.4122059219492
 23
84.71884197090588
 33
0.0
  0
MTEXT
  5
39D
330
392
100
AcDbEntity
  8
ANNOTATION_TEXT
 62
     7
100
AcDbMText
 10
259.7022263579165
 20
93.83270436872607
 30
0.0
 40
3.5
 41
0.0
 71
     5
 72
     1
  1
0,3
  7
ONSHAPE-STANDARD-DIMENSION
 11
0.0
 21
1.0
 31
0.0
  0
POINT
  5
39E
330
392
100
AcDbEntity
  8
DEFPOINTS
 62
     0
100
AcDbPoint
 10
267.1768625369334
 20
85.01884197090588
 30
0.0
  0
POINT
  5
39F
330
392
100
AcDbEntity
  8
DEFPOINTS
 62
     0
100
AcDbPoint
 10
267.4768625369334
 20
84.71884197090588
 30
0.0
  0
POINT
  5
3A0
330
392
100
AcDbEntity
  8
DEFPOINTS
 62
     0
100
AcDbPoint
 10
262.4122059219492
 20
84.71884197090588
 30
0.0
  0
POINT
  5
3A1
330
392
100
AcDbEntity
  8
DEFPOINTS
 62
     0
100
AcDbPoint
 10
262.4122059219492
 20
84.71884197090588
 30
0.0
  0
ENDBLK
  5
3A2
330
392
100
AcDbEntity
  8
0
100
AcDbBlockEnd
  0
BLOCK
  5
3B2
330
3B1
100
AcDbEntity
  8
0
100
AcDbBlockBegin
  2
*D6
 70
     1
 10
0.0
 20
0.0
 30
0.0
  3
*D6
  1

  0
LINE
  5
3B3
330
3B1
100
AcDbEntity
  8
ANNOTATION_TEXT
 62
     7
100
AcDbLine
 10
267.1768625369334
 20
80.59384197090588
 30
0.0
 11
267.1768625369334
 21
71.92287050130764
 31
0.0
1001
INDEX
1070
     0
  0
LINE
  5
3B5
330
3B1
100
AcDbEntity
  8
ANNOTATION_TEXT
 62
     7
100
AcDbLine
 10
267.4768625369334
 20
80.89384197090588
 30
0.0
 11
267.4768625369334
 21
71.92287050130764
 31
0.0
1001
INDEX
1070
     1
  0
LINE
  5
3B6
330
3B1
100
AcDbEntity
  8
ANNOTATION_TEXT
 62
     7
100
AcDbLine
 10
267.1768625369334
 20
73.17287050130764
 30
0.0
 11
254.5491377412931
 21
73.17287050130764
 31
0.0
  0
LINE
  5
3B7
330
3B1
100
AcDbEntity
  8
ANNOTATION_TEXT
 62
     7
100
AcDbLine
 10
267.1768625369334
 20
73.17287050130764
 30
0.0
 11
267.4768625369334
 21
73.17287050130764
 31
0.0
1001
INDEX
1070
     3
  0
LINE
  5
3B8
330
3B1
100
AcDbEntity
  8
ANNOTATION_TEXT
 62
     7
100
AcDbLine
 10
264.6768625369334
 20
73.17287050130764
 30
0.0
 11
262.1768625369334
 21
73.17287050130764
 31
0.0
1001
INDEX
1070
     3
  0
LINE
  5
3B9
330
3B1
100
AcDbEntity
  8
ANNOTATION_TEXT
 62
     7
100
AcDbLine
 10
269.9768625369334
 20
73.17287050130764
 30
0.0
 11
272.4768625369334
 21
73.17287050130764
 31
0.0
1001
INDEX
1070
     3
  0
SOLID
  5
3BA
330
3B1
100
AcDbEntity
  8
ANNOTATION_TEXT
 62
     7
100
AcDbTrace
 10
264.6768625369334
 20
72.75620383464097
 30
0.0
 11
264.6768625369334
 21
73.58953716797431
 31
0.0
 12
267.1768625369334
 22
73.17287050130764
 32
0.0
 13
267.1768625369334
 23
73.17287050130764
 33
0.0
  0
SOLID
  5
3BB
330
3B1
100
AcDbEntity
  8
ANNOTATION_TEXT
 62
     7
100
AcDbTrace
 10
269.9768625369334
 20
73.58953716797431
 30
0.0
 11
269.9768625369334
 21
72.75620383464097
 31
0.0
 12
267.4768625369334
 22
73.17287050130764
 32
0.0
 13
267.4768625369334
 23
73.17287050130764
 33
0.0
  0
MTEXT
  5
3BC
330
3B1
100
AcDbEntity
  8
ANNOTATION_TEXT
 62
     7
100
AcDbMText
 10
258.3630001391132
 20
75.88285006534034
 30
0.0
 40
3.5
 41
0.0
 71
     5
 72
     1
  1
0,3
  7
ONSHAPE-STANDARD-DIMENSION
  0
POINT
  5
3BD
330
3B1
100
AcDbEntity
  8
DEFPOINTS
 62
     0
100
AcDbPoint
 10
267.1768625369334
 20
81.21884197090588
 30
0.0
  0
POINT
  5
3BE
330
3B1
100
AcDbEntity
  8
DEFPOINTS
 62
     0
100
AcDbPoint
 10
267.4768625369334
 20
81.51884197090588
 30
0.0
  0
POINT
  5
3BF
330
3B1
100
AcDbEntity
  8
DEFPOINTS
 62
     0
100
AcDbPoint
 10
267.4768625369334
 20
73.17287050130764
 30
0.0
  0
POINT
  5
3C0
330
3B1
100
AcDbEntity
  8
DEFPOINTS
 62
     0
100
AcDbPoint
 10
267.4768625369334
 20
73.17287050130764
 30
0.0
  0
ENDBLK
  5
3C1
330
3B1
100
AcDbEntity
  8
0
100
AcDbBlockEnd
  0
ENDSEC
  0
SECTION
  2
ENTITIES
  0
CIRCLE
  5
76
330
1F
100
AcDbEntity
  8
VISIBLE
100
AcDbCircle
 10
224.2375476096202
 20
145.5098033257782
 30
0.0
 40
0.9499999999999995
  0
CIRCLE
  5
77
330
1F
100
AcDbEntity
  8
VISIBLE
100
AcDbCircle
 10
224.2375476096202
 20
113.1598033257782
 30
0.0
 40
0.9499999999999995
  0
CIRCLE
  5
78
330
1F
100
AcDbEntity
  8
VISIBLE
100
AcDbCircle
 10
175.9375476096202
 20
113.1598033257782
 30
0.0
 40
0.9499999999999995
  0
CIRCLE
  5
79
330
1F
100
AcDbEntity
  8
VISIBLE
100
AcDbCircle
 10
224.2375476096202
 20
113.1598033257782
 30
0.0
 40
0.7999999999999986
  0
CIRCLE
  5
7A
330
1F
100
AcDbEntity
  8
VISIBLE
100
AcDbCircle
 10
175.9875476096202
 20
126.9598033257782
 30
0.0
 40
0.7999999999999986
  0
CIRCLE
  5
7B
330
1F
100
AcDbEntity
  8
VISIBLE
100
AcDbCircle
 10
175.9875476096202
 20
126.9598033257782
 30
0.0
 40
0.9499999999999995
  0
CIRCLE
  5
7C
330
1F
100
AcDbEntity
  8
VISIBLE
100
AcDbCircle
 10
224.2375476096202
 20
145.5098033257782
 30
0.0
 40
0.7999999999999986
  0
CIRCLE
  5
7D
330
1F
100
AcDbEntity
  8
VISIBLE
100
AcDbCircle
 10
175.9375476096202
 20
113.1598033257782
 30
0.0
 40
0.7999999999999986
  0
CIRCLE
  5
7E
330
1F
100
AcDbEntity
  8
VISIBLE
100
AcDbCircle
 10
183.4375476096202
 20
123.1598033257782
 30
0.0
 40
4.25
  0
CIRCLE
  5
7F
330
1F
100
AcDbEntity
  8
VISIBLE
100
AcDbCircle
 10
206.3375476096202
 20
123.1598033257782
 30
0.0
 40
4.25
  0
CIRCLE
  5
80
330
1F
100
AcDbEntity
  8
VISIBLE
100
AcDbCircle
 10
216.0850476096202
 20
140.3098033257782
 30
0.0
 40
1.274999999999999
  0
CIRCLE
  5
81
330
1F
100
AcDbEntity
  8
VISIBLE
100
AcDbCircle
 10
192.1665476096202
 20
115.8160533257757
 30
0.0
 40
0.1999999999999988
  0
CIRCLE
  5
82
330
1F
100
AcDbEntity
  8
VISIBLE
100
AcDbCircle
 10
198.0085476096202
 20
115.8160533257757
 30
0.0
 40
0.1999999999999988
  0
CIRCLE
  5
83
330
1F
100
AcDbEntity
  8
VISIBLE
100
AcDbCircle
 10
220.8375476096202
 20
140.2598033257782
 30
0.0
 40
1.549999999999999
  0
LINE
  5
84
330
1F
100
AcDbEntity
  8
VISIBLE
100
AcDbLine
 10
177.8621610873022
 20
129.0052361302983
 30
0.0
 11
212.3421610873022
 21
129.0052361302983
 31
0.0
  0
LINE
  5
85
330
1F
100
AcDbEntity
  8
VISIBLE
100
AcDbLine
 10
177.3621610873022
 20
129.5052361302983
 30
0.0
 11
177.3621610873022
 21
146.3706520784407
 31
0.0
  0
LINE
  5
86
330
1F
100
AcDbEntity
  8
VISIBLE
100
AcDbLine
 10
177.8621610873022
 20
146.8706520784407
 30
0.0
 11
212.3421610873022
 21
146.8706520784407
 31
0.0
  0
LINE
  5
87
330
1F
100
AcDbEntity
  8
VISIBLE
100
AcDbLine
 10
175.9875476096202
 20
125.4598033257782
 30
0.0
 11
174.0875476096202
 21
125.4598033257782
 31
0.0
  0
LINE
  5
88
330
1F
100
AcDbEntity
  8
VISIBLE
100
AcDbLine
 10
175.9875476096202
 20
128.4598033257782
 30
0.0
 11
174.0875476096202
 21
128.4598033257782
 31
0.0
  0
LINE
  5
89
330
1F
100
AcDbEntity
  8
VISIBLE
100
AcDbLine
 10
175.9375470971417
 20
111.3098033257782
 30
0.0
 11
224.2375481220952
 21
111.3098033257767
 31
0.0
  0
LINE
  5
8A
330
1F
100
AcDbEntity
  8
VISIBLE
100
AcDbLine
 10
226.0875476096202
 20
113.1598028132982
 30
0.0
 11
226.0875476096167
 21
145.5098038382282
 31
0.0
  0
LINE
  5
8B
330
1F
100
AcDbEntity
  8
VISIBLE
100
AcDbLine
 10
173.3375476096202
 20
147.5598033257782
 30
0.0
 11
173.3375476096202
 21
112.5598033257782
 31
0.0
  0
LINE
  5
8C
330
1F
100
AcDbEntity
  8
VISIBLE
100
AcDbLine
 10
226.8375476096202
 20
112.5598033257782
 30
0.0
 11
226.8375476096202
 21
147.5598033257782
 31
0.0
  0
LINE
  5
8D
330
1F
100
AcDbEntity
  8
VISIBLE
100
AcDbLine
 10
224.8375476096202
 20
149.5598033257782
 30
0.0
 11
175.3375476096202
 21
149.5598033257782
 31
0.0
  0
LINE
  5
8E
330
1F
100
AcDbEntity
  8
VISIBLE
100
AcDbLine
 10
224.2375476096202
 20
114.6598033257782
 30
0.0
 11
226.0875476096202
 21
114.6598033257782
 31
0.0
  0
LINE
  5
8F
330
1F
100
AcDbEntity
  8
VISIBLE
100
AcDbLine
 10
175.9375476096202
 20
144.2598033257782
 30
0.0
 11
174.0875476096202
 21
144.2598033257782
 31
0.0
  0
LINE
  5
90
330
1F
100
AcDbEntity
  8
VISIBLE
100
AcDbLine
 10
175.3375476096202
 20
110.5598033257782
 30
0.0
 11
224.8375476096202
 21
110.5598033257782
 31
0.0
  0
LINE
  5
91
330
1F
100
AcDbEntity
  8
VISIBLE
100
AcDbLine
 10
177.1875476096202
 20
145.5098033257782
 30
0.0
 11
177.1875476096202
 21
147.3598033257782
 31
0.0
  0
LINE
  5
92
330
1F
100
AcDbEntity
  8
VISIBLE
100
AcDbLine
 10
174.0875476096202
 20
145.5098038382282
 30
0.0
 11
174.0875476096202
 21
113.1598028132982
 31
0.0
  0
LINE
  5
93
330
1F
100
AcDbEntity
  8
VISIBLE
100
AcDbLine
 10
222.7375476096202
 20
113.1598033257782
 30
0.0
 11
222.7375476096202
 21
111.3098033257782
 31
0.0
  0
LINE
  5
94
330
1F
100
AcDbEntity
  8
VISIBLE
100
AcDbLine
 10
222.7375476096202
 20
145.5098033257782
 30
0.0
 11
222.7375476096202
 21
147.3598033257782
 31
0.0
  0
LINE
  5
95
330
1F
100
AcDbEntity
  8
VISIBLE
100
AcDbLine
 10
224.2375481220952
 20
147.3598033257782
 30
0.0
 11
175.9375470971417
 21
147.3598033257497
 31
0.0
  0
LINE
  5
96
330
1F
100
AcDbEntity
  8
VISIBLE
100
AcDbLine
 10
224.2375476096202
 20
144.0098033257782
 30
0.0
 11
226.0875476096202
 21
144.0098033257782
 31
0.0
  0
LINE
  5
97
330
1F
100
AcDbEntity
  8
VISIBLE
100
AcDbLine
 10
177.4375476096202
 20
113.1598033257782
 30
0.0
 11
177.4375476096202
 21
111.3098033257782
 31
0.0
  0
LINE
  5
98
330
1F
100
AcDbEntity
  8
VISIBLE
100
AcDbLine
 10
212.8421610873022
 20
129.5052361302983
 30
0.0
 11
212.8421610873022
 21
146.3706520784407
 31
0.0
  0
LINE
  5
99
330
1F
100
AcDbEntity
  8
VISIBLE
100
AcDbLine
 10
175.9375476096202
 20
114.6598033257782
 30
0.0
 11
174.0875476096202
 21
114.6598033257782
 31
0.0
  0
ARC
  5
9A
330
1F
100
AcDbEntity
  8
VISIBLE
100
AcDbCircle
 10
212.3421610873022
 20
129.5052361302983
 30
0.0
 40
0.5
100
AcDbArc
 50
270.0
 51
0.0
  0
ARC
  5
9B
330
1F
100
AcDbEntity
  8
VISIBLE
100
AcDbCircle
 10
175.9375470971417
 20
113.1598028132982
 30
0.0
 40
1.849999487521503
100
AcDbArc
 50
180.0
 51
270.0
  0
ARC
  5
9C
330
1F
100
AcDbEntity
  8
VISIBLE
100
AcDbCircle
 10
175.3375476096202
 20
147.5598033257782
 30
0.0
 40
2.0
100
AcDbArc
 50
90.0
 51
180.0
  0
ARC
  5
9D
330
1F
100
AcDbEntity
  8
VISIBLE
100
AcDbCircle
 10
175.3375476096202
 20
112.5598033257782
 30
0.0
 40
2.0
100
AcDbArc
 50
180.0
 51
270.0
  0
ARC
  5
9E
330
1F
100
AcDbEntity
  8
VISIBLE
100
AcDbCircle
 10
224.2375481220952
 20
145.5098038382282
 30
0.0
 40
1.849999487521507
100
AcDbArc
 50
0.0
 51
90.0
  0
ARC
  5
9F
330
1F
100
AcDbEntity
  8
VISIBLE
100
AcDbCircle
 10
175.9875476096202
 20
126.9598033257782
 30
0.0
 40
1.500000000000001
100
AcDbArc
 50
270.0
 51
90.0
  0
ARC
  5
A0
330
1F
100
AcDbEntity
  8
VISIBLE
100
AcDbCircle
 10
175.9375476096202
 20
113.1598033257782
 30
0.0
 40
1.5
100
AcDbArc
 50
0.0
 51
90.0
  0
ARC
  5
A1
330
1F
100
AcDbEntity
  8
VISIBLE
100
AcDbCircle
 10
224.2375481220952
 20
113.1598028132982
 30
0.0
 40
1.849999487521503
100
AcDbArc
 50
270.0
 51
0.0
  0
ARC
  5
A2
330
1F
100
AcDbEntity
  8
VISIBLE
100
AcDbCircle
 10
224.2375476096202
 20
145.5098033257782
 30
0.0
 40
1.500000000000001
100
AcDbArc
 50
180.0
 51
270.0
  0
ARC
  5
A3
330
1F
100
AcDbEntity
  8
VISIBLE
100
AcDbCircle
 10
175.9375476096202
 20
145.5098033257782
 30
0.0
 40
1.250000000000001
100
AcDbArc
 50
270.0
 51
0.0
  0
ARC
  5
A4
330
1F
100
AcDbEntity
  8
VISIBLE
100
AcDbCircle
 10
224.8375476096202
 20
147.5598033257782
 30
0.0
 40
2.0
100
AcDbArc
 50
0.0
 51
90.0
  0
ARC
  5
A5
330
1F
100
AcDbEntity
  8
VISIBLE
100
AcDbCircle
 10
175.9375470971417
 20
145.5098038382282
 30
0.0
 40
1.8499994875215
100
AcDbArc
 50
90.0
 51
180.0
  0
ARC
  5
A6
330
1F
100
AcDbEntity
  8
VISIBLE
100
AcDbCircle
 10
224.8375476096202
 20
112.5598033257782
 30
0.0
 40
2.0
100
AcDbArc
 50
270.0
 51
0.0
  0
ARC
  5
A7
330
1F
100
AcDbEntity
  8
VISIBLE
100
AcDbCircle
 10
224.2375476096202
 20
113.1598033257782
 30
0.0
 40
1.5
100
AcDbArc
 50
90.0
 51
180.0
  0
ARC
  5
A8
330
1F
100
AcDbEntity
  8
VISIBLE
100
AcDbCircle
 10
212.3421610873022
 20
146.3706520784407
 30
0.0
 40
0.5
100
AcDbArc
 50
0.0
 51
90.0
  0
ARC
  5
A9
330
1F
100
AcDbEntity
  8
VISIBLE
100
AcDbCircle
 10
177.8621610873022
 20
146.3706520784407
 30
0.0
 40
0.5
100
AcDbArc
 50
90.0
 51
180.0
  0
ARC
  5
AA
330
1F
100
AcDbEntity
  8
VISIBLE
100
AcDbCircle
 10
177.8621610873022
 20
129.5052361302983
 30
0.0
 40
0.5
100
AcDbArc
 50
180.0
 51
270.0
  0
LINE
  5
AE
330
1F
100
AcDbEntity
  8
VISIBLE
100
AcDbLine
 10
224.8375476096202
 20
178.7679383780205
 30
0.0
 11
175.3375476096202
 21
178.7679383780205
 31
0.0
  0
LINE
  5
AF
330
1F
100
AcDbEntity
  8
VISIBLE
100
AcDbLine
 10
197.4725476096202
 20
182.6304383780205
 30
0.0
 11
197.4725476096202
 21
182.3304383780205
 31
0.0
  0
LINE
  5
B0
330
1F
100
AcDbEntity
  8
VISIBLE
100
AcDbLine
 10
173.3375476096202
 20
180.2679383780205
 30
0.0
 11
173.3375476096202
 21
185.5179383780205
 31
0.0
  0
LINE
  5
B1
330
1F
100
AcDbEntity
  8
VISIBLE
100
AcDbLine
 10
174.8375476096202
 20
178.7679383780205
 30
0.0
 11
173.3375476096202
 21
180.2679383780205
 31
0.0
  0
LINE
  5
B2
330
1F
100
AcDbEntity
  8
TANGENT_LINES
100
AcDbLine
 10
175.3375476096202
 20
185.5179383780205
 30
0.0
 11
175.3375476096202
 21
180.2679383780205
 31
0.0
  0
LINE
  5
B3
330
1F
100
AcDbEntity
  8
TANGENT_LINES
100
AcDbLine
 10
192.2025476096202
 20
182.3304383780205
 30
0.0
 11
192.2025476096202
 21
182.6304383780205
 31
0.0
  0
LINE
  5
B4
330
1F
100
AcDbEntity
  8
VISIBLE
100
AcDbLine
 10
192.7025476096202
 20
182.3304383780205
 30
0.0
 11
192.7025476096202
 21
182.6304383780205
 31
0.0
  0
LINE
  5
B5
330
1F
100
AcDbEntity
  8
VISIBLE
100
AcDbLine
 10
225.3375476096202
 20
178.7679383780205
 30
0.0
 11
226.8375476096202
 21
180.2679383780205
 31
0.0
  0
LINE
  5
B6
330
1F
100
AcDbEntity
  8
TANGENT_LINES
100
AcDbLine
 10
224.8375476096202
 20
178.7679383780205
 30
0.0
 11
224.8375476096202
 21
180.2679383780205
 31
0.0
  0
LINE
  5
B7
330
1F
100
AcDbEntity
  8
VISIBLE
100
AcDbLine
 10
175.3375476096202
 20
185.5179383780205
 30
0.0
 11
224.8375476096202
 21
185.5179383780205
 31
0.0
  0
LINE
  5
B8
330
1F
100
AcDbEntity
  8
VISIBLE
100
AcDbLine
 10
226.8375476096202
 20
185.5179383780205
 30
0.0
 11
226.8375476096202
 21
180.2679383780205
 31
0.0
  0
LINE
  5
B9
330
1F
100
AcDbEntity
  8
TANGENT_LINES
100
AcDbLine
 10
224.8375476096202
 20
180.2679383780205
 30
0.0
 11
224.8375476096202
 21
185.5179383780205
 31
0.0
  0
LINE
  5
BA
330
1F
100
AcDbEntity
  8
VISIBLE
100
AcDbLine
 10
196.6825476096202
 20
181.5404383780205
 30
0.0
 11
193.4925476096202
 21
181.5404383780205
 31
0.0
  0
LINE
  5
BB
330
1F
100
AcDbEntity
  8
TANGENT_LINES
100
AcDbLine
 10
196.6825476096202
 20
181.0404383780205
 30
0.0
 11
193.4925476096202
 21
181.0404383780205
 31
0.0
  0
LINE
  5
BC
330
1F
100
AcDbEntity
  8
TANGENT_LINES
100
AcDbLine
 10
193.4925476096202
 20
183.9204383780205
 30
0.0
 11
196.6825476096202
 21
183.9204383780205
 31
0.0
  0
LINE
  5
BD
330
1F
100
AcDbEntity
  8
VISIBLE
100
AcDbLine
 10
175.3375476096202
 20
180.2679383780205
 30
0.0
 11
224.8375476096202
 21
180.2679383780205
 31
0.0
  0
LINE
  5
BE
330
1F
100
AcDbEntity
  8
VISIBLE
100
AcDbLine
 10
193.4925476096202
 20
183.4204383780205
 30
0.0
 11
196.6825476096202
 21
183.4204383780205
 31
0.0
  0
LINE
  5
BF
330
1F
100
AcDbEntity
  8
TANGENT_LINES
100
AcDbLine
 10
175.3375476096202
 20
178.7679383780205
 30
0.0
 11
175.3375476096202
 21
180.2679383780205
 31
0.0
  0
LINE
  5
C0
330
1F
100
AcDbEntity
  8
TANGENT_LINES
100
AcDbLine
 10
197.9725476096202
 20
182.6304383780205
 30
0.0
 11
197.9725476096202
 21
182.3304383780205
 31
0.0
  0
ARC
  5
C1
330
1F
100
AcDbEntity
  8
VISIBLE
100
AcDbCircle
 10
193.4925476096202
 20
182.6304383780205
 30
0.0
 40
0.790000000000001
100
AcDbArc
 50
90.0
 51
180.0
  0
ARC
  5
C2
330
1F
100
AcDbEntity
  8
TANGENT_LINES
100
AcDbCircle
 10
193.4925476096202
 20
182.6304383780205
 30
0.0
 40
1.290000000000001
100
AcDbArc
 50
90.00000000000128
 51
180.0
  0
LINE
  5
C3
330
1F
100
AcDbEntity
  8
TANGENT_LINES
100
AcDbLine
 10
193.4925476096202
 20
183.9204383780205
 30
0.0
 11
193.4925476096202
 21
183.4204383780205
 31
0.0
  0
LINE
  5
C4
330
1F
100
AcDbEntity
  8
TANGENT_LINES
100
AcDbLine
 10
192.2025476096202
 20
182.6304383780205
 30
0.0
 11
192.7025476096202
 21
182.6304383780205
 31
0.0
  0
LINE
  5
C5
330
1F
100
AcDbEntity
  8
TANGENT_LINES
100
AcDbLine
 10
192.2025476096202
 20
182.3304383780205
 30
0.0
 11
192.7025476096202
 21
182.3304383780205
 31
0.0
  0
LINE
  5
C6
330
1F
100
AcDbEntity
  8
VISIBLE
100
AcDbLine
 10
224.8375476096202
 20
185.5179383780205
 30
0.0
 11
226.8375476096202
 21
185.5179383780205
 31
0.0
  0
ARC
  5
C7
330
1F
100
AcDbEntity
  8
TANGENT_LINES
100
AcDbCircle
 10
196.6825476096202
 20
182.3304383780205
 30
0.0
 40
1.29
100
AcDbArc
 50
270.0
 51
0.0
  0
LINE
  5
C8
330
1F
100
AcDbEntity
  8
VISIBLE
100
AcDbLine
 10
224.8375476096202
 20
180.2679383780205
 30
0.0
 11
226.8375476096202
 21
180.2679383780205
 31
0.0
  0
ARC
  5
C9
330
1F
100
AcDbEntity
  8
VISIBLE
100
AcDbCircle
 10
196.6825476096202
 20
182.3304383780205
 30
0.0
 40
0.7899999999999996
100
AcDbArc
 50
270.0
 51
0.0
  0
LINE
  5
CA
330
1F
100
AcDbEntity
  8
TANGENT_LINES
100
AcDbLine
 10
196.6825476096202
 20
181.5404383780205
 30
0.0
 11
196.6825476096202
 21
181.0404383780205
 31
0.0
  0
LINE
  5
CB
330
1F
100
AcDbEntity
  8
TANGENT_LINES
100
AcDbLine
 10
197.4725476096202
 20
182.6304383780205
 30
0.0
 11
197.9725476096202
 21
182.6304383780205
 31
0.0
  0
LINE
  5
CC
330
1F
100
AcDbEntity
  8
VISIBLE
100
AcDbLine
 10
225.3375476096202
 20
178.7679383780205
 30
0.0
 11
224.8375476096202
 21
178.7679383780205
 31
0.0
  0
LINE
  5
CD
330
1F
100
AcDbEntity
  8
VISIBLE
100
AcDbLine
 10
175.3375476096202
 20
178.7679383780205
 30
0.0
 11
174.8375476096202
 21
178.7679383780205
 31
0.0
  0
LINE
  5
CE
330
1F
100
AcDbEntity
  8
TANGENT_LINES
100
AcDbLine
 10
197.4725476096202
 20
182.3304383780205
 30
0.0
 11
197.9725476096202
 21
182.3304383780205
 31
0.0
  0
LINE
  5
CF
330
1F
100
AcDbEntity
  8
VISIBLE
100
AcDbLine
 10
173.3375476096202
 20
185.5179383780205
 30
0.0
 11
175.3375476096202
 21
185.5179383780205
 31
0.0
  0
LINE
  5
D0
330
1F
100
AcDbEntity
  8
TANGENT_LINES
100
AcDbLine
 10
196.6825476096202
 20
183.9204383780205
 30
0.0
 11
196.6825476096202
 21
183.4204383780205
 31
0.0
  0
LINE
  5
D1
330
1F
100
AcDbEntity
  8
VISIBLE
100
AcDbLine
 10
173.3375476096202
 20
180.2679383780205
 30
0.0
 11
175.3375476096202
 21
180.2679383780205
 31
0.0
  0
ARC
  5
D2
330
1F
100
AcDbEntity
  8
VISIBLE
100
AcDbCircle
 10
196.6825476096202
 20
182.6304383780205
 30
0.0
 40
0.7900000000000047
100
AcDbArc
 50
0.0
 51
90.0
  0
ARC
  5
D3
330
1F
100
AcDbEntity
  8
VISIBLE
100
AcDbCircle
 10
193.4925476096202
 20
182.3304383780205
 30
0.0
 40
0.7900000000000035
100
AcDbArc
 50
180.0
 51
270.0
  0
ARC
  5
D4
330
1F
100
AcDbEntity
  8
TANGENT_LINES
100
AcDbCircle
 10
196.6825476096202
 20
182.6304383780205
 30
0.0
 40
1.290000000000005
100
AcDbArc
 50
0.0
 51
90.0
  0
LINE
  5
D5
330
1F
100
AcDbEntity
  8
TANGENT_LINES
100
AcDbLine
 10
193.4925476096202
 20
181.5404383780205
 30
0.0
 11
193.4925476096202
 21
181.0404383780205
 31
0.0
  0
ARC
  5
D6
330
1F
100
AcDbEntity
  8
TANGENT_LINES
100
AcDbCircle
 10
193.4925476096202
 20
182.3304383780205
 30
0.0
 40
1.290000000000003
100
AcDbArc
 50
180.0
 51
270.0
  0
HATCH
  5
DB
330
1F
100
AcDbEntity
  8
VIEW_HATCHES
100
AcDbHatch
 10
0.0
 20
0.0
 30
0.0
210
0.0
220
0.0
230
1.0
  2
ISO02W100
 70
     0
 71
     0
 91
        1
 92
        0
 93
       30
 72
     1
 10
95.2153045683127
 20
128.4598033257782
 11
100.0653045683127
 21
128.4598033257782
 72
     1
 10
95.2153045683127
 20
128.4598033257782
 11
95.2153045683127
 21
127.9098033257782
 72
     1
 10
95.2153045683127
 20
127.9098033257782
 11
95.36530456831271
 21
127.7598033257782
 72
     1
 10
97.0653045683127
 20
127.7598033257782
 11
95.3653045683127
 21
127.7598033257782
 72
     1
 10
97.0653045683127
 20
126.1598033257782
 11
97.0653045683127
 21
127.7598033257782
 72
     1
 10
95.3653045683127
 20
126.1598033257782
 11
97.0653045683127
 21
126.1598033257782
 72
     1
 10
95.3653045683127
 20
126.1598033257782
 11
95.21530456831269
 21
126.0098033257782
 72
     1
 10
95.2153045683127
 20
126.0098033257782
 11
95.2153045683127
 21
125.4598033257782
 72
     1
 10
95.2153045683127
 20
125.4598033257782
 11
100.0653045683127
 21
125.4598033257782
 72
     1
 10
100.0653045683127
 20
114.6589697608347
 11
100.0653045683127
 21
125.4598033257782
 72
     1
 10
95.2153045683127
 20
114.6589697608347
 11
100.0653045683127
 21
114.6589697608347
 72
     1
 10
95.2153045683127
 20
114.6589697608347
 11
95.2153045683127
 21
114.1084866238287
 72
     1
 10
95.2153045683127
 20
114.1084866238287
 11
95.36530456831271
 21
113.9582392969117
 72
     1
 10
97.0653045683127
 20
113.9582392969117
 11
95.3653045683127
 21
113.9582392969117
 72
     1
 10
97.0653045683127
 20
112.3613673546446
 11
97.0653045683127
 21
113.9582392969117
 72
     1
 10
95.3653045683127
 20
112.3613673546446
 11
97.0653045683127
 21
112.3613673546446
 72
     1
 10
95.3653045683127
 20
112.3613673546446
 11
95.21530456831269
 21
112.2111200277277
 72
     1
 10
95.2153045683127
 20
112.2111200277277
 11
95.2153045683127
 21
111.3098033257767
 72
     1
 10
95.2153045683127
 20
111.3098033257767
 11
94.3153045683127
 21
111.3098033257782
 72
     1
 10
94.3153045683127
 20
111.3098033257782
 11
94.3153045683127
 21
110.5598033257782
 72
     1
 10
94.3153045683127
 20
110.5598033257782
 11
99.5653045683127
 21
110.5598033257782
 72
     1
 10
99.5653045683127
 20
110.5598033257782
 11
101.0653045683127
 21
112.0598033257782
 72
     1
 10
101.0653045683127
 20
112.0598033257782
 11
101.0653045683127
 21
148.0598033257782
 72
     1
 10
101.0653045683127
 20
148.0598033257782
 11
99.5653045683127
 21
149.5598033257782
 72
     1
 10
99.5653045683127
 20
149.5598033257782
 11
94.3153045683127
 21
149.5598033257782
 72
     1
 10
94.3153045683127
 20
149.5598033257782
 11
94.3153045683127
 21
147.3598033257639
 72
     1
 10
94.3153045683127
 20
147.3598033257639
 11
95.2153045683127
 21
147.3598033257782
 72
     1
 10
95.2153045683127
 20
147.3598033257782
 11
95.2153045683127
 21
144.2608037260985
 72
     1
 10
100.0653045683127
 20
144.2608037260985
 11
95.2153045683127
 21
144.2608037260985
 72
     1
 10
100.0653045683127
 20
128.4598033257782
 11
100.0653045683127
 21
144.2608037260985
 97
        0
 75
     0
 76
     2
 52
0.0
 41
26.38654960391752
 77
     0
 78
     1
 53
45.0
 43
100.0653045683127
 44
127.0258622027024
 45
-2.332263519630661
 46
2.332263519630661
 79
     2
 49
7.915964881175257
 49
-1.978991220293814
 98
        1
 10
100.0653045683127
 20
127.0258622027024
  0
LINE
  5
DC
330
1F
100
AcDbEntity
  8
VISIBLE
100
AcDbLine
 10
94.3153045683127
 20
145.5098038382282
 30
0.0
 11
94.3153045683127
 21
113.1598028132982
 31
0.0
  0
LINE
  5
DD
330
1F
100
AcDbEntity
  8
TANGENT_LINES
100
AcDbLine
 10
94.3153045683127
 20
113.1598028132982
 30
0.0
 11
95.2153045683127
 21
113.1598028132982
 31
0.0
  0
LINE
  5
DE
330
1F
100
AcDbEntity
  8
TANGENT_LINES
100
AcDbLine
 10
94.3153045683127
 20
145.5098038382282
 30
0.0
 11
95.2153045683127
 21
145.5098038382282
 31
0.0
  0
LINE
  5
DF
330
1F
100
AcDbEntity
  8
VISIBLE
100
AcDbLine
 10
95.2153045683127
 20
114.6598033257782
 30
0.0
 11
100.0653045683127
 21
114.6598033257782
 31
0.0
  0
LINE
  5
E0
330
1F
100
AcDbEntity
  8
VISIBLE
100
AcDbLine
 10
95.2153045683127
 20
144.2598033257782
 30
0.0
 11
100.0653045683127
 21
144.2598033257782
 31
0.0
  0
LINE
  5
E1
330
1F
100
AcDbEntity
  8
VISIBLE
100
AcDbLine
 10
95.2153045683127
 20
127.9098033257782
 30
0.0
 11
95.3653045683127
 21
127.7598033257782
 31
0.0
  0
LINE
  5
E2
330
1F
100
AcDbEntity
  8
VISIBLE
100
AcDbLine
 10
100.0653045683127
 20
114.6589697608347
 30
0.0
 11
100.0653045683127
 21
125.4598033257782
 31
0.0
  0
LINE
  5
E3
330
1F
100
AcDbEntity
  8
VISIBLE
100
AcDbLine
 10
95.2153045683127
 20
114.6589697608347
 30
0.0
 11
100.0653045683127
 21
114.6589697608347
 31
0.0
  0
LINE
  5
E4
330
1F
100
AcDbEntity
  8
VISIBLE
100
AcDbLine
 10
95.2153045683127
 20
126.0098033257782
 30
0.0
 11
95.2153045683127
 21
125.4598033257782
 31
0.0
  0
LINE
  5
E5
330
1F
100
AcDbEntity
  8
VISIBLE
100
AcDbLine
 10
95.2153045683127
 20
114.6589697608347
 30
0.0
 11
95.2153045683127
 21
114.1084866238287
 31
0.0
  0
LINE
  5
E6
330
1F
100
AcDbEntity
  8
VISIBLE
100
AcDbLine
 10
95.2153045683127
 20
114.1084866238287
 30
0.0
 11
95.3653045683127
 21
113.9582392969117
 31
0.0
  0
LINE
  5
E7
330
1F
100
AcDbEntity
  8
VISIBLE
100
AcDbLine
 10
97.0653045683127
 20
126.1598033257782
 30
0.0
 11
97.0653045683127
 21
127.7598033257782
 31
0.0
  0
LINE
  5
E8
330
1F
100
AcDbEntity
  8
VISIBLE
100
AcDbLine
 10
97.0653045683127
 20
113.9582392969117
 30
0.0
 11
95.3653045683127
 21
113.9582392969117
 31
0.0
  0
LINE
  5
E9
330
1F
100
AcDbEntity
  8
VISIBLE
100
AcDbLine
 10
99.5653045683127
 20
149.5598033257782
 30
0.0
 11
94.3153045683127
 21
149.5598033257782
 31
0.0
  0
LINE
  5
EA
330
1F
100
AcDbEntity
  8
VISIBLE
100
AcDbLine
 10
95.2153045683127
 20
128.4598033257782
 30
0.0
 11
95.2153045683127
 21
127.9098033257782
 31
0.0
  0
LINE
  5
EB
330
1F
100
AcDbEntity
  8
VISIBLE
100
AcDbLine
 10
95.3653045683127
 20
126.1598033257782
 30
0.0
 11
97.0653045683127
 21
126.1598033257782
 31
0.0
  0
LINE
  5
EC
330
1F
100
AcDbEntity
  8
VISIBLE
100
AcDbLine
 10
95.3653045683127
 20
112.3613673546446
 30
0.0
 11
97.0653045683127
 21
112.3613673546446
 31
0.0
  0
LINE
  5
ED
330
1F
100
AcDbEntity
  8
VISIBLE
100
AcDbLine
 10
95.2153045683127
 20
125.4598033257782
 30
0.0
 11
100.0653045683127
 21
125.4598033257782
 31
0.0
  0
LINE
  5
EE
330
1F
100
AcDbEntity
  8
VISIBLE
100
AcDbLine
 10
95.2153045683127
 20
147.3598033257782
 30
0.0
 11
95.2153045683127
 21
144.2608037260985
 31
0.0
  0
LINE
  5
EF
330
1F
100
AcDbEntity
  8
VISIBLE
100
AcDbLine
 10
94.3153045683127
 20
111.3098033257782
 30
0.0
 11
94.3153045683127
 21
110.5598033257782
 31
0.0
  0
LINE
  5
F0
330
1F
100
AcDbEntity
  8
VISIBLE
100
AcDbLine
 10
100.0653045683127
 20
128.4598033257782
 30
0.0
 11
100.0653045683127
 21
144.2608037260985
 31
0.0
  0
LINE
  5
F1
330
1F
100
AcDbEntity
  8
VISIBLE
100
AcDbLine
 10
99.5653045683127
 20
110.5598033257782
 30
0.0
 11
101.0653045683127
 21
112.0598033257782
 31
0.0
  0
LINE
  5
F2
330
1F
100
AcDbEntity
  8
VISIBLE
100
AcDbLine
 10
95.3653045683127
 20
126.1598033257782
 30
0.0
 11
95.2153045683127
 21
126.0098033257782
 31
0.0
  0
LINE
  5
F3
330
1F
100
AcDbEntity
  8
VISIBLE
100
AcDbLine
 10
94.3153045683127
 20
149.5598033257782
 30
0.0
 11
94.3153045683127
 21
147.3598033257639
 31
0.0
  0
LINE
  5
F4
330
1F
100
AcDbEntity
  8
VISIBLE
100
AcDbLine
 10
100.0653045683127
 20
144.2608037260985
 30
0.0
 11
95.2153045683127
 21
144.2608037260985
 31
0.0
  0
LINE
  5
F5
330
1F
100
AcDbEntity
  8
VISIBLE
100
AcDbLine
 10
95.2153045683127
 20
128.4598033257782
 30
0.0
 11
100.0653045683127
 21
128.4598033257782
 31
0.0
  0
LINE
  5
F6
330
1F
100
AcDbEntity
  8
VISIBLE
100
AcDbLine
 10
101.0653045683127
 20
148.0598033257782
 30
0.0
 11
99.5653045683127
 21
149.5598033257782
 31
0.0
  0
LINE
  5
F7
330
1F
100
AcDbEntity
  8
VISIBLE
100
AcDbLine
 10
101.0653045683127
 20
112.0598033257782
 30
0.0
 11
101.0653045683127
 21
148.0598033257782
 31
0.0
  0
LINE
  5
F8
330
1F
100
AcDbEntity
  8
VISIBLE
100
AcDbLine
 10
95.3653045683127
 20
112.3613673546446
 30
0.0
 11
95.2153045683127
 21
112.2111200277277
 31
0.0
  0
LINE
  5
F9
330
1F
100
AcDbEntity
  8
VISIBLE
100
AcDbLine
 10
94.3153045683127
 20
147.3598033257639
 30
0.0
 11
95.2153045683127
 21
147.3598033257782
 31
0.0
  0
LINE
  5
FA
330
1F
100
AcDbEntity
  8
VISIBLE
100
AcDbLine
 10
97.0653045683127
 20
112.3613673546446
 30
0.0
 11
97.0653045683127
 21
113.9582392969117
 31
0.0
  0
LINE
  5
FB
330
1F
100
AcDbEntity
  8
VISIBLE
100
AcDbLine
 10
97.0653045683127
 20
127.7598033257782
 30
0.0
 11
95.3653045683127
 21
127.7598033257782
 31
0.0
  0
LINE
  5
FC
330
1F
100
AcDbEntity
  8
VISIBLE
100
AcDbLine
 10
94.3153045683127
 20
110.5598033257782
 30
0.0
 11
99.5653045683127
 21
110.5598033257782
 31
0.0
  0
LINE
  5
FD
330
1F
100
AcDbEntity
  8
VISIBLE
100
AcDbLine
 10
95.2153045683127
 20
111.3098033257767
 30
0.0
 11
94.3153045683127
 21
111.3098033257782
 31
0.0
  0
LINE
  5
FE
330
1F
100
AcDbEntity
  8
VISIBLE
100
AcDbLine
 10
95.2153045683127
 20
112.2111200277277
 30
0.0
 11
95.2153045683127
 21
111.3098033257767
 31
0.0
  0
LINE
  5
FF
330
1F
100
AcDbEntity
  8
VISIBLE
100
AcDbLine
 10
94.3153045683127
 20
147.3598033257497
 30
0.0
 11
94.3153045683127
 21
145.5098038382282
 31
0.0
  0
LINE
  5
100
330
1F
100
AcDbEntity
  8
VISIBLE
100
AcDbLine
 10
95.2153045683127
 20
144.2598033257782
 30
0.0
 11
95.2153045683127
 21
144.2608037260985
 31
0.0
  0
LINE
  5
101
330
1F
100
AcDbEntity
  8
VISIBLE
100
AcDbLine
 10
95.3653045683127
 20
113.9582392969118
 30
0.0
 11
95.3653045683127
 21
112.3613673546446
 31
0.0
  0
LINE
  5
102
330
1F
100
AcDbEntity
  8
VISIBLE
100
AcDbLine
 10
95.2153045683127
 20
112.2111200277277
 30
0.0
 11
95.2153045683127
 21
114.1084866238287
 31
0.0
  0
LINE
  5
103
330
1F
100
AcDbEntity
  8
VISIBLE
100
AcDbLine
 10
94.3153045683127
 20
113.1598028132982
 30
0.0
 11
94.3153045683127
 21
111.3098033257767
 31
0.0
  0
LINE
  5
104
330
1F
100
AcDbEntity
  8
VISIBLE
100
AcDbLine
 10
95.2153045683127
 20
126.0098033257782
 30
0.0
 11
95.2153045683127
 21
127.9098033257782
 31
0.0
  0
LINE
  5
105
330
1F
100
AcDbEntity
  8
VISIBLE
100
AcDbLine
 10
95.2153045683127
 20
114.6589697608347
 30
0.0
 11
95.2153045683127
 21
114.6598033257782
 31
0.0
  0
LINE
  5
106
330
1F
100
AcDbEntity
  8
VISIBLE
100
AcDbLine
 10
95.3653045683127
 20
127.7598033257782
 30
0.0
 11
95.3653045683127
 21
126.1598033257782
 31
0.0
  0
LINE
  5
10A
330
1F
100
AcDbEntity
  8
VISIBLE
100
AcDbLine
 10
75.85308183476954
 20
41.27967590687523
 30
0.0
 11
76.40534988562892
 21
40.96082379904674
 31
0.0
  0
LINE
  5
10B
330
1F
100
AcDbEntity
  8
VISIBLE
100
AcDbLine
 10
50.41560460856147
 20
21.28500236187515
 30
0.0
 11
38.48995462409825
 21
28.17027959066624
 31
0.0
  0
LINE
  5
10C
330
1F
100
AcDbEntity
  8
VISIBLE
100
AcDbLine
 10
50.53195038124619
 20
19.97298840693287
 30
0.0
 11
85.53373604998032
 21
40.18127878489409
 31
0.0
  0
LINE
  5
10D
330
1F
100
AcDbEntity
  8
VISIBLE
100
AcDbLine
 10
60.0778919272646
 20
54.87821724159316
 30
0.0
 11
25.07610625853047
 21
34.66992686363194
 31
0.0
  0
LINE
  5
10E
330
1F
100
AcDbEntity
  8
TANGENT_LINES
100
AcDbLine
 10
25.07610625853047
 20
34.26167857316808
 30
0.0
 11
24.01544608675064
 21
32.42456126608069
 31
0.0
  0
LINE
  5
10F
330
1F
100
AcDbEntity
  8
VISIBLE
100
AcDbLine
 10
48.76418342827982
 20
18.13587109984548
 30
0.0
 11
24.01544608675064
 21
32.42456126608069
 31
0.0
  0
LINE
  5
110
330
1F
100
AcDbEntity
  8
TANGENT_LINES
100
AcDbLine
 10
63.22454983000371
 20
42.45080479109217
 30
0.0
 11
62.87099643941043
 21
43.06317722678796
 31
0.0
  0
LINE
  5
111
330
1F
100
AcDbEntity
  8
VISIBLE
100
AcDbLine
 10
25.07610625853047
 20
34.26167857316808
 30
0.0
 11
49.82484360005964
 21
19.97298840693287
 31
0.0
  0
LINE
  5
112
330
1F
100
AcDbEntity
  8
TANGENT_LINES
100
AcDbLine
 10
48.76418342827982
 20
18.13587109984548
 30
0.0
 11
49.82484360005964
 21
19.97298840693287
 31
0.0
  0
LINE
  5
113
330
1F
100
AcDbEntity
  8
VISIBLE
100
AcDbLine
 10
64.28521000178353
 20
43.06317722678796
 30
0.0
 11
76.21085998624675
 21
36.17789999799687
 31
0.0
  0
LINE
  5
114
330
1F
100
AcDbEntity
  8
VISIBLE
100
AcDbLine
 10
25.07610625853047
 20
34.66992686363194
 30
0.0
 11
24.01544608675064
 21
34.05755442793615
 31
0.0
  0
LINE
  5
115
330
1F
100
AcDbEntity
  8
TANGENT_LINES
100
AcDbLine
 10
51.59261055302601
 20
18.13587109984549
 30
0.0
 11
50.53195038124619
 21
19.97298840693287
 31
0.0
  0
LINE
  5
116
330
1F
100
AcDbEntity
  8
TANGENT_LINES
100
AcDbLine
 10
48.76418342827982
 20
13.84926404997492
 30
0.0
 11
48.76418342827982
 21
18.13587109984548
 31
0.0
  0
LINE
  5
117
330
1F
100
AcDbEntity
  8
TANGENT_LINES
100
AcDbLine
 10
63.93165661119026
 20
42.45080479109217
 30
0.0
 11
64.28521000178353
 21
43.06317722678796
 31
0.0
  0
LINE
  5
118
330
1F
100
AcDbEntity
  8
VISIBLE
100
AcDbLine
 10
38.48995462409825
 20
28.98677617159397
 30
0.0
 11
62.87099643941043
 21
43.06317722678796
 31
0.0
  0
LINE
  5
119
330
1F
100
AcDbEntity
  8
VISIBLE
100
AcDbLine
 10
86.59439622176015
 20
38.34416147780671
 30
0.0
 11
51.59261055302601
 21
18.13587109984549
 31
0.0
  0
LINE
  5
11A
330
1F
100
AcDbEntity
  8
VISIBLE
100
AcDbLine
 10
85.53373604998032
 20
40.58952707535796
 30
0.0
 11
60.78499870845114
 21
54.87821724159316
 31
0.0
  0
LINE
  5
11B
330
1F
100
AcDbEntity
  8
TANGENT_LINES
100
AcDbLine
 10
51.59261055302601
 20
18.13587109984549
 30
0.0
 11
51.59261055302602
 21
13.84926404997493
 31
0.0
  0
LINE
  5
11C
330
1F
100
AcDbEntity
  8
VISIBLE
100
AcDbLine
 10
86.59439622176015
 20
34.05755442793615
 30
0.0
 11
51.59261055302602
 21
13.84926404997493
 31
0.0
  0
LINE
  5
11D
330
1F
100
AcDbEntity
  8
TANGENT_LINES
100
AcDbLine
 10
86.59439622176015
 20
34.05755442793615
 30
0.0
 11
86.59439622176015
 21
38.34416147780671
 31
0.0
  0
LINE
  5
11E
330
1F
100
AcDbEntity
  8
VISIBLE
100
AcDbLine
 10
23.42965964912374
 20
33.24105784700842
 30
0.0
 11
23.42965964912374
 21
28.95445079713785
 31
0.0
  0
LINE
  5
11F
330
1F
100
AcDbEntity
  8
VISIBLE
100
AcDbLine
 10
48.76418342827982
 20
13.84926404997492
 30
0.0
 11
24.01544608675064
 21
28.13795421621013
 31
0.0
  0
LINE
  5
120
330
1F
100
AcDbEntity
  8
TANGENT_LINES
100
AcDbLine
 10
24.01544608675064
 20
32.42456126608069
 30
0.0
 11
24.01544608675064
 21
28.13795421621013
 31
0.0
  0
LINE
  5
121
330
1F
100
AcDbEntity
  8
TANGENT_LINES
100
AcDbLine
 10
38.84350801469152
 20
28.37440373589818
 30
0.0
 11
38.84350801469152
 21
27.96615544543431
 31
0.0
  0
LINE
  5
122
330
1F
100
AcDbEntity
  8
VISIBLE
100
AcDbLine
 10
63.22454983000371
 20
42.45080479109217
 30
0.0
 11
38.84350801469152
 21
28.37440373589818
 31
0.0
  0
LINE
  5
123
330
1F
100
AcDbEntity
  8
TANGENT_LINES
100
AcDbLine
 10
63.22454983000371
 20
42.04255650062831
 30
0.0
 11
63.22454983000371
 21
42.45080479109217
 31
0.0
  0
LINE
  5
124
330
1F
100
AcDbEntity
  8
VISIBLE
100
AcDbLine
 10
38.84350801469152
 20
27.96615544543431
 30
0.0
 11
63.22454983000371
 21
42.04255650062831
 31
0.0
  0
LINE
  5
125
330
1F
100
AcDbEntity
  8
TANGENT_LINES
100
AcDbLine
 10
86.59439622176015
 20
38.34416147780671
 30
0.0
 11
85.53373604998032
 21
40.18127878489409
 31
0.0
  0
LINE
  5
126
330
1F
100
AcDbEntity
  8
TANGENT_LINES
100
AcDbLine
 10
38.48995462409825
 20
28.98677617159397
 30
0.0
 11
38.84350801469152
 21
28.37440373589818
 31
0.0
  0
LINE
  5
127
330
1F
100
AcDbEntity
  8
TANGENT_LINES
100
AcDbLine
 10
75.85730659565347
 20
35.56552756230109
 30
0.0
 11
76.21085998624675
 21
36.17789999799687
 31
0.0
  0
LINE
  5
128
330
1F
100
AcDbEntity
  8
TANGENT_LINES
100
AcDbLine
 10
75.85730659565347
 20
35.15727927183721
 30
0.0
 11
75.85730659565347
 21
35.56552756230109
 31
0.0
  0
LINE
  5
129
330
1F
100
AcDbEntity
  8
TANGENT_LINES
100
AcDbLine
 10
63.93165661119026
 20
42.45080479109217
 30
0.0
 11
63.93165661119026
 21
42.04255650062831
 31
0.0
  0
LINE
  5
12A
330
1F
100
AcDbEntity
  8
VISIBLE
100
AcDbLine
 10
75.85730659565347
 20
35.56552756230109
 30
0.0
 11
63.93165661119026
 21
42.45080479109217
 31
0.0
  0
LINE
  5
12B
330
1F
100
AcDbEntity
  8
VISIBLE
100
AcDbLine
 10
76.21085998624675
 20
35.36140341706915
 30
0.0
 11
51.82981817093457
 21
21.28500236187514
 31
0.0
  0
LINE
  5
12C
330
1F
100
AcDbEntity
  8
VISIBLE
100
AcDbLine
 10
63.93165661119026
 20
42.04255650062831
 30
0.0
 11
75.85730659565347
 21
35.15727927183721
 31
0.0
  0
LINE
  5
12D
330
1F
100
AcDbEntity
  8
VISIBLE
100
AcDbLine
 10
86.59439622176015
 20
39.97715463966216
 30
0.0
 11
85.53373604998032
 21
40.58952707535796
 31
0.0
  0
LINE
  5
12E
330
1F
100
AcDbEntity
  8
VISIBLE
100
AcDbLine
 10
87.18018265938704
 20
34.87405100886387
 30
0.0
 11
87.18018265938704
 21
39.16065805873443
 31
0.0
  0
ELLIPSE
  5
12F
330
1F
100
AcDbEntity
  8
VISIBLE
100
AcDbEllipse
 10
63.57810322059697
 20
41.83843235539638
 30
0.0
 11
-0.4999999999999999
 21
-3.399349888776295E-17
 31
0.0
210
0.0
220
0.0
230
1.0
 40
0.577350269189626
 41
10.21017612416683
 42
11.78097245096173
  0
ELLIPSE
  5
130
330
1F
100
AcDbEntity
  8
VISIBLE
100
AcDbEllipse
 10
85.18018265938701
 20
39.16065805873443
 30
0.0
 11
2.0
 21
1.359739955510518E-16
 31
0.0
210
0.0
220
0.0
230
-1.0
 40
0.577350269189626
 41
11.78097245096172
 42
13.35176877775662
  0
ELLIPSE
  5
131
330
1F
100
AcDbEntity
  8
VISIBLE
100
AcDbEllipse
 10
73.8647063934493
 20
38.95551329277634
 30
0.0
 11
1.274999999999999
 21
8.668342216379547E-17
 31
0.0
210
0.0
220
0.0
230
-1.0
 40
0.577350269189626
 41
9.705757364276646
 42
12.28539121085185
  0
ELLIPSE
  5
132
330
1F
100
AcDbEntity
  8
VISIBLE
100
AcDbEllipse
 10
54.84530174648413
 20
42.38581955339895
 30
0.0
 11
-4.25
 21
-2.889447405459851E-16
 31
0.0
210
0.0
220
0.0
230
1.0
 40
0.5773502691896257
 41
8.696598026720068
 42
13.29455054840846
  0
ELLIPSE
  5
133
330
1F
100
AcDbEntity
  8
VISIBLE
100
AcDbEllipse
 10
75.50375320506019
 20
35.36140341706916
 30
0.0
 11
-0.4999999999999999
 21
-3.399349888776295E-17
 31
0.0
210
0.0
220
0.0
230
1.0
 40
0.577350269189626
 41
2.35619449019232
 42
3.926990816987256
  0
ELLIPSE
  5
134
330
1F
100
AcDbEntity
  8
VISIBLE
100
AcDbEllipse
 10
25.42965964912375
 20
33.24105784700842
 30
0.0
 11
2.0
 21
1.359739955510518E-16
 31
0.0
210
0.0
220
0.0
230
-1.0
 40
0.577350269189626
 41
2.356194490192343
 42
3.926990816987243
  0
ELLIPSE
  5
135
330
1F
100
AcDbEntity
  8
VISIBLE
100
AcDbEllipse
 10
43.7629939416409
 20
42.39184121568431
 30
0.0
 11
-0.1999999999999988
 21
-1.359739955510510E-17
 31
0.0
210
0.0
220
0.0
230
1.0
 40
0.577350269189626
 41
0.0
 42
6.283185307179586
  0
ELLIPSE
  5
136
330
1F
100
AcDbEntity
  8
VISIBLE
100
AcDbEllipse
 10
77.18987603197904
 20
40.91612570772904
 30
0.0
 11
1.549999999999999
 21
1.053798465520651E-16
 31
0.0
210
0.0
220
0.0
230
-1.0
 40
0.5773502691896261
 41
9.89849587642898
 42
12.09265269869957
  0
ELLIPSE
  5
137
330
1F
100
AcDbEntity
  8
VISIBLE
100
AcDbEllipse
 10
50.17839699065292
 20
14.66576063090265
 30
0.0
 11
2.0
 21
1.359739955510518E-16
 31
0.0
210
0.0
220
0.0
230
-1.0
 40
0.577350269189626
 41
0.7853981633974491
 42
2.356194490192342
  0
ELLIPSE
  5
138
330
1F
100
AcDbEntity
  8
VISIBLE
100
AcDbEllipse
 10
77.18987603197904
 20
41.73262228865677
 30
0.0
 11
-1.549999999999999
 21
-1.053798465520651E-16
 31
0.0
210
0.0
220
0.0
230
1.0
 40
0.577350269189626
 41
0.0
 42
6.283185307179586
  0
ELLIPSE
  5
139
330
1F
100
AcDbEntity
  8
VISIBLE
100
AcDbEllipse
 10
54.84530174648413
 20
41.97757126293508
 30
0.0
 11
-4.25
 21
-2.889447405459851E-16
 31
0.0
210
0.0
220
0.0
230
1.0
 40
0.5773502691896257
 41
9.508063244336244
 42
12.48308533079233
  0
ELLIPSE
  5
13A
330
1F
100
AcDbEntity
  8
VISIBLE
100
AcDbEllipse
 10
25.42965964912375
 20
28.95445079713786
 30
0.0
 11
2.0
 21
1.359739955510518E-16
 31
0.0
210
0.0
220
0.0
230
-1.0
 40
0.577350269189626
 41
2.356194490192343
 42
3.141592653589793
  0
ELLIPSE
  5
13B
330
1F
100
AcDbEntity
  8
VISIBLE
100
AcDbEllipse
 10
39.19706140528481
 20
28.17027959066624
 30
0.0
 11
-0.4999999999999999
 21
-3.399349888776295E-17
 31
0.0
210
0.0
220
0.0
230
1.0
 40
0.577350269189626
 41
11.78097245096172
 42
13.35176877775662
  0
ELLIPSE
  5
13C
330
1F
100
AcDbEntity
  8
VISIBLE
100
AcDbEllipse
 10
54.84530174648413
 20
42.79406784386281
 30
0.0
 11
4.749999999999998
 21
3.229382394337479E-16
 31
0.0
210
0.0
220
0.0
230
-1.0
 40
0.5773502691896258
 41
0.0
 42
6.283185307179586
  0
ELLIPSE
  5
13D
330
1F
100
AcDbEntity
  8
VISIBLE
100
AcDbEllipse
 10
50.17839699065292
 20
20.17711255216481
 30
0.0
 11
-0.5000000000000003
 21
-3.399349888776298E-17
 31
0.0
210
0.0
220
0.0
230
1.0
 40
0.5773502691896258
 41
0.7853981633974307
 42
2.356194490192363
  0
ELLIPSE
  5
13E
330
1F
100
AcDbEntity
  8
VISIBLE
100
AcDbEllipse
 10
25.42965964912375
 20
34.46580271840001
 30
0.0
 11
-0.5000000000000003
 21
-3.399349888776298E-17
 31
0.0
210
0.0
220
0.0
230
1.0
 40
0.5773502691896258
 41
11.78097245096172
 42
13.35176877775664
  0
ELLIPSE
  5
13F
330
1F
100
AcDbEntity
  8
VISIBLE
100
AcDbEllipse
 10
73.8647063934493
 20
39.3637615832402
 30
0.0
 11
-1.274999999999999
 21
-8.668342216379547E-17
 31
0.0
210
0.0
220
0.0
230
1.0
 40
0.577350269189626
 41
8.820147132767872
 42
13.17100144235016
  0
ELLIPSE
  5
140
330
1F
100
AcDbEntity
  8
VISIBLE
100
AcDbEllipse
 10
39.63207612594909
 20
40.00685470279443
 30
0.0
 11
-0.1999999999999988
 21
-1.359739955510510E-17
 31
0.0
210
0.0
220
0.0
230
1.0
 40
0.577350269189626
 41
0.0
 42
6.283185307179586
  0
ELLIPSE
  5
141
330
1F
100
AcDbEntity
  8
VISIBLE
100
AcDbEllipse
 10
85.18018265938701
 20
34.87405100886387
 30
0.0
 11
2.0
 21
1.359739955510518E-16
 31
0.0
210
0.0
220
0.0
230
-1.0
 40
0.577350269189626
 41
0.0000000000000001
 42
0.7853981633974483
  0
ELLIPSE
  5
142
330
1F
100
AcDbEntity
  8
VISIBLE
100
AcDbEllipse
 10
38.65255645731218
 20
32.62868541131262
 30
0.0
 11
-4.25
 21
-2.889447405459851E-16
 31
0.0
210
0.0
220
0.0
230
1.0
 40
0.5773502691896257
 41
9.508063244336249
 42
12.48308533079246
  0
ELLIPSE
  5
143
330
1F
100
AcDbEntity
  8
VISIBLE
100
AcDbEllipse
 10
50.17839699065292
 20
18.95236768077322
 30
0.0
 11
2.0
 21
1.359739955510518E-16
 31
0.0
210
0.0
220
0.0
230
-1.0
 40
0.577350269189626
 41
0.785398163397446
 42
2.356194490192345
  0
ELLIPSE
  5
144
330
1F
100
AcDbEntity
  8
VISIBLE
100
AcDbEllipse
 10
38.65255645731218
 20
33.44518199224034
 30
0.0
 11
4.749999999999998
 21
3.229382394337479E-16
 31
0.0
210
0.0
220
0.0
230
-1.0
 40
0.5773502691896258
 41
0.0
 42
6.283185307179586
  0
ELLIPSE
  5
145
330
1F
100
AcDbEntity
  8
VISIBLE
100
AcDbEllipse
 10
63.57810322059697
 20
42.24668064586024
 30
0.0
 11
-0.4999999999999999
 21
-3.399349888776295E-17
 31
0.0
210
0.0
220
0.0
230
1.0
 40
0.577350269189626
 41
10.21017612416683
 42
11.78097245096173
  0
ELLIPSE
  5
146
330
1F
100
AcDbEntity
  8
VISIBLE
100
AcDbEllipse
 10
63.57810322059697
 20
42.6549289363241
 30
0.0
 11
0.9999999999999973
 21
6.798699777552573E-17
 31
0.0
210
0.0
220
0.0
230
-1.0
 40
0.577350269189626
 41
10.21017612416683
 42
11.78097245096171
  0
ELLIPSE
  5
147
330
1F
100
AcDbEntity
  8
VISIBLE
100
AcDbEllipse
 10
73.8647063934493
 20
39.77200987370406
 30
0.0
 11
1.774999999999999
 21
1.206769210515584E-16
 31
0.0
210
0.0
220
0.0
230
-1.0
 40
0.5773502691896258
 41
0.0
 42
6.283185307179586
  0
ELLIPSE
  5
148
330
1F
100
AcDbEntity
  8
VISIBLE
100
AcDbEllipse
 10
60.43144531785786
 20
54.67409309636123
 30
0.0
 11
-0.5000000000000003
 21
-3.399349888776298E-17
 31
0.0
210
0.0
220
0.0
230
1.0
 40
0.5773502691896258
 41
10.21017612416685
 42
11.7809724509617
  0
ELLIPSE
  5
149
330
1F
100
AcDbEntity
  8
VISIBLE
100
AcDbEllipse
 10
51.12271138974802
 20
21.69325065233902
 30
0.0
 11
0.9999999999999973
 21
6.798699777552573E-17
 31
0.0
210
0.0
220
0.0
230
-1.0
 40
0.577350269189626
 41
0.7853981633974471
 42
2.356194490192346
  0
ELLIPSE
  5
14A
330
1F
100
AcDbEntity
  8
VISIBLE
100
AcDbEllipse
 10
38.65255645731218
 20
33.03693370177648
 30
0.0
 11
-4.25
 21
-2.889447405459851E-16
 31
0.0
210
0.0
220
0.0
230
1.0
 40
0.5773502691896257
 41
8.696598026717355
 42
13.29455054841814
  0
ELLIPSE
  5
14B
330
1F
100
AcDbEntity
  8
VISIBLE
100
AcDbEllipse
 10
39.19706140528481
 20
28.5785278811301
 30
0.0
 11
0.999999999999998
 21
6.798699777552578E-17
 31
0.0
210
0.0
220
0.0
230
-1.0
 40
0.5773502691896261
 41
8.639379797371934
 42
10.21017612416683
  0
ELLIPSE
  5
14C
330
1F
100
AcDbEntity
  8
VISIBLE
100
AcDbEllipse
 10
85.18018265938701
 20
40.38540293012602
 30
0.0
 11
-0.5000000000000003
 21
-3.399349888776298E-17
 31
0.0
210
0.0
220
0.0
230
1.0
 40
0.5773502691896258
 41
8.639379797371936
 42
10.21017612416683
  0
ELLIPSE
  5
14D
330
1F
100
AcDbEntity
  8
VISIBLE
100
AcDbEllipse
 10
75.50375320506019
 20
35.76965170753301
 30
0.0
 11
0.9999999999999973
 21
6.798699777552573E-17
 31
0.0
210
0.0
220
0.0
230
-1.0
 40
0.577350269189626
 41
11.78097245096172
 42
13.35176877775662
  0
POLYLINE
  5
152
330
1F
100
AcDbEntity
  8
DETAIL_VIEW_BORDER
100
AcDb2dPolyline
 66
     1
 10
0.0
 20
0.0
 30
0.0
 70
   129
  0
VERTEX
  5
153
330
152
100
AcDbEntity
  8
DETAIL_VIEW_BORDER
100
AcDbVertex
100
AcDb2dVertex
 10
284.9135461983118
 20
83.11884197090585
 30
0.0
  0
VERTEX
  5
154
330
152
100
AcDbEntity
  8
DETAIL_VIEW_BORDER
100
AcDbVertex
100
AcDb2dVertex
 10
284.8791388861376
 20
84.2137003968721
 30
0.0
  0
VERTEX
  5
155
330
152
100
AcDbEntity
  8
DETAIL_VIEW_BORDER
100
AcDbVertex
100
AcDb2dVertex
 10
284.7760527395569
 20
85.30423791682429
 30
0.0
  0
VERTEX
  5
156
330
152
100
AcDbEntity
  8
DETAIL_VIEW_BORDER
100
AcDbVertex
100
AcDb2dVertex
 10
284.6046945924947
 20
86.38615067739038
 30
0.0
  0
VERTEX
  5
157
330
152
100
AcDbEntity
  8
DETAIL_VIEW_BORDER
100
AcDbVertex
100
AcDb2dVertex
 10
284.3657407172713
 20
87.45516886318333
 30
0.0
  0
VERTEX
  5
158
330
152
100
AcDbEntity
  8
DETAIL_VIEW_BORDER
100
AcDbVertex
100
AcDb2dVertex
 10
284.0601341556646
 20
88.50707354781177
 30
0.0
  0
VERTEX
  5
159
330
152
100
AcDbEntity
  8
DETAIL_VIEW_BORDER
100
AcDbVertex
100
AcDb2dVertex
 10
283.6890809971549
 20
89.53771334405504
 30
0.0
  0
VERTEX
  5
15A
330
152
100
AcDbEntity
  8
DETAIL_VIEW_BORDER
100
AcDbVertex
100
AcDb2dVertex
 10
283.2540456190409
 20
90.54302078749186
 30
0.0
  0
VERTEX
  5
15B
330
152
100
AcDbEntity
  8
DETAIL_VIEW_BORDER
100
AcDbVertex
100
AcDb2dVertex
 10
282.756744907211
 20
91.51902838892427
 30
0.0
  0
VERTEX
  5
15C
330
152
100
AcDbEntity
  8
DETAIL_VIEW_BORDER
100
AcDbVertex
100
AcDb2dVertex
 10
282.1991414803799
 20
92.4618842922449
 30
0.0
  0
VERTEX
  5
15D
330
152
100
AcDbEntity
  8
DETAIL_VIEW_BORDER
100
AcDbVertex
100
AcDb2dVertex
 10
281.5834359445286
 20
93.36786747595323
 30
0.0
  0
VERTEX
  5
15E
330
152
100
AcDbEntity
  8
DETAIL_VIEW_BORDER
100
AcDbVertex
100
AcDb2dVertex
 10
280.9120582081177
 20
94.2334024383275
 30
0.0
  0
VERTEX
  5
15F
330
152
100
AcDbEntity
  8
DETAIL_VIEW_BORDER
100
AcDbVertex
100
AcDb2dVertex
 10
280.1876578923498
 20
95.05507330829653
 30
0.0
  0
VERTEX
  5
160
330
152
100
AcDbEntity
  8
DETAIL_VIEW_BORDER
100
AcDbVertex
100
AcDb2dVertex
 10
279.4130938743241
 20
95.82963732632226
 30
0.0
  0
VERTEX
  5
161
330
152
100
AcDbEntity
  8
DETAIL_VIEW_BORDER
100
AcDbVertex
100
AcDb2dVertex
 10
278.591423004355
 20
96.5540376420902
 30
0.0
  0
VERTEX
  5
162
330
152
100
AcDbEntity
  8
DETAIL_VIEW_BORDER
100
AcDbVertex
100
AcDb2dVertex
 10
277.7258880419808
 20
97.22541537850101
 30
0.0
  0
VERTEX
  5
163
330
152
100
AcDbEntity
  8
DETAIL_VIEW_BORDER
100
AcDbVertex
100
AcDb2dVertex
 10
276.8199048582724
 20
97.8411209143524
 30
0.0
  0
VERTEX
  5
164
330
152
100
AcDbEntity
  8
DETAIL_VIEW_BORDER
100
AcDbVertex
100
AcDb2dVertex
 10
275.8770489549518
 20
98.3987243411835
 30
0.0
  0
VERTEX
  5
165
330
152
100
AcDbEntity
  8
DETAIL_VIEW_BORDER
100
AcDbVertex
100
AcDb2dVertex
 10
274.9010413535194
 20
98.89602505301332
 30
0.0
  0
VERTEX
  5
166
330
152
100
AcDbEntity
  8
DETAIL_VIEW_BORDER
100
AcDbVertex
100
AcDb2dVertex
 10
273.8957339100826
 20
99.33106043112741
 30
0.0
  0
VERTEX
  5
167
330
152
100
AcDbEntity
  8
DETAIL_VIEW_BORDER
100
AcDbVertex
100
AcDb2dVertex
 10
272.8650941138393
 20
99.70211358963707
 30
0.0
  0
VERTEX
  5
168
330
152
100
AcDbEntity
  8
DETAIL_VIEW_BORDER
100
AcDbVertex
100
AcDb2dVertex
 10
271.8131894292109
 20
100.0077201512437
 30
0.0
  0
VERTEX
  5
169
330
152
100
AcDbEntity
  8
DETAIL_VIEW_BORDER
100
AcDbVertex
100
AcDb2dVertex
 10
270.7441712434179
 20
100.2466740264671
 30
0.0
  0
VERTEX
  5
16A
330
152
100
AcDbEntity
  8
DETAIL_VIEW_BORDER
100
AcDbVertex
100
AcDb2dVertex
 10
269.6622584828518
 20
100.4180321735294
 30
0.0
  0
VERTEX
  5
16B
330
152
100
AcDbEntity
  8
DETAIL_VIEW_BORDER
100
AcDbVertex
100
AcDb2dVertex
 10
268.5717209628996
 20
100.5211183201101
 30
0.0
  0
VERTEX
  5
16C
330
152
100
AcDbEntity
  8
DETAIL_VIEW_BORDER
100
AcDbVertex
100
AcDb2dVertex
 10
267.4768625369334
 20
100.5555256322843
 30
0.0
  0
VERTEX
  5
16D
330
152
100
AcDbEntity
  8
DETAIL_VIEW_BORDER
100
AcDbVertex
100
AcDb2dVertex
 10
266.3820041109672
 20
100.5211183201101
 30
0.0
  0
VERTEX
  5
16E
330
152
100
AcDbEntity
  8
DETAIL_VIEW_BORDER
100
AcDbVertex
100
AcDb2dVertex
 10
265.291466591015
 20
100.4180321735294
 30
0.0
  0
VERTEX
  5
16F
330
152
100
AcDbEntity
  8
DETAIL_VIEW_BORDER
100
AcDbVertex
100
AcDb2dVertex
 10
264.2095538304488
 20
100.2466740264671
 30
0.0
  0
VERTEX
  5
170
330
152
100
AcDbEntity
  8
DETAIL_VIEW_BORDER
100
AcDbVertex
100
AcDb2dVertex
 10
263.1405356446559
 20
100.0077201512437
 30
0.0
  0
VERTEX
  5
171
330
152
100
AcDbEntity
  8
DETAIL_VIEW_BORDER
100
AcDbVertex
100
AcDb2dVertex
 10
262.0886309600274
 20
99.70211358963707
 30
0.0
  0
VERTEX
  5
172
330
152
100
AcDbEntity
  8
DETAIL_VIEW_BORDER
100
AcDbVertex
100
AcDb2dVertex
 10
261.0579911637842
 20
99.3310604311274
 30
0.0
  0
VERTEX
  5
173
330
152
100
AcDbEntity
  8
DETAIL_VIEW_BORDER
100
AcDbVertex
100
AcDb2dVertex
 10
260.0526837203474
 20
98.89602505301332
 30
0.0
  0
VERTEX
  5
174
330
152
100
AcDbEntity
  8
DETAIL_VIEW_BORDER
100
AcDbVertex
100
AcDb2dVertex
 10
259.076676118915
 20
98.39872434118348
 30
0.0
  0
VERTEX
  5
175
330
152
100
AcDbEntity
  8
DETAIL_VIEW_BORDER
100
AcDbVertex
100
AcDb2dVertex
 10
258.1338202155944
 20
97.8411209143524
 30
0.0
  0
VERTEX
  5
176
330
152
100
AcDbEntity
  8
DETAIL_VIEW_BORDER
100
AcDbVertex
100
AcDb2dVertex
 10
257.227837031886
 20
97.22541537850101
 30
0.0
  0
VERTEX
  5
177
330
152
100
AcDbEntity
  8
DETAIL_VIEW_BORDER
100
AcDbVertex
100
AcDb2dVertex
 10
256.3623020695118
 20
96.5540376420902
 30
0.0
  0
VERTEX
  5
178
330
152
100
AcDbEntity
  8
DETAIL_VIEW_BORDER
100
AcDbVertex
100
AcDb2dVertex
 10
255.5406311995427
 20
95.82963732632226
 30
0.0
  0
VERTEX
  5
179
330
152
100
AcDbEntity
  8
DETAIL_VIEW_BORDER
100
AcDbVertex
100
AcDb2dVertex
 10
254.766067181517
 20
95.05507330829653
 30
0.0
  0
VERTEX
  5
17A
330
152
100
AcDbEntity
  8
DETAIL_VIEW_BORDER
100
AcDbVertex
100
AcDb2dVertex
 10
254.0416668657491
 20
94.2334024383275
 30
0.0
  0
VERTEX
  5
17B
330
152
100
AcDbEntity
  8
DETAIL_VIEW_BORDER
100
AcDbVertex
100
AcDb2dVertex
 10
253.3702891293382
 20
93.36786747595323
 30
0.0
  0
VERTEX
  5
17C
330
152
100
AcDbEntity
  8
DETAIL_VIEW_BORDER
100
AcDbVertex
100
AcDb2dVertex
 10
252.7545835934868
 20
92.4618842922449
 30
0.0
  0
VERTEX
  5
17D
330
152
100
AcDbEntity
  8
DETAIL_VIEW_BORDER
100
AcDbVertex
100
AcDb2dVertex
 10
252.1969801666557
 20
91.51902838892427
 30
0.0
  0
VERTEX
  5
17E
330
152
100
AcDbEntity
  8
DETAIL_VIEW_BORDER
100
AcDbVertex
100
AcDb2dVertex
 10
251.6996794548259
 20
90.54302078749184
 30
0.0
  0
VERTEX
  5
17F
330
152
100
AcDbEntity
  8
DETAIL_VIEW_BORDER
100
AcDbVertex
100
AcDb2dVertex
 10
251.2646440767118
 20
89.53771334405502
 30
0.0
  0
VERTEX
  5
180
330
152
100
AcDbEntity
  8
DETAIL_VIEW_BORDER
100
AcDbVertex
100
AcDb2dVertex
 10
250.8935909182022
 20
88.50707354781177
 30
0.0
  0
VERTEX
  5
181
330
152
100
AcDbEntity
  8
DETAIL_VIEW_BORDER
100
AcDbVertex
100
AcDb2dVertex
 10
250.5879843565955
 20
87.45516886318333
 30
0.0
  0
VERTEX
  5
182
330
152
100
AcDbEntity
  8
DETAIL_VIEW_BORDER
100
AcDbVertex
100
AcDb2dVertex
 10
250.3490304813721
 20
86.38615067739038
 30
0.0
  0
VERTEX
  5
183
330
152
100
AcDbEntity
  8
DETAIL_VIEW_BORDER
100
AcDbVertex
100
AcDb2dVertex
 10
250.1776723343099
 20
85.30423791682429
 30
0.0
  0
VERTEX
  5
184
330
152
100
AcDbEntity
  8
DETAIL_VIEW_BORDER
100
AcDbVertex
100
AcDb2dVertex
 10
250.0745861877292
 20
84.2137003968721
 30
0.0
  0
VERTEX
  5
185
330
152
100
AcDbEntity
  8
DETAIL_VIEW_BORDER
100
AcDbVertex
100
AcDb2dVertex
 10
250.0401788755549
 20
83.11884197090585
 30
0.0
  0
VERTEX
  5
186
330
152
100
AcDbEntity
  8
DETAIL_VIEW_BORDER
100
AcDbVertex
100
AcDb2dVertex
 10
250.0745861877292
 20
82.02398354493961
 30
0.0
  0
VERTEX
  5
187
330
152
100
AcDbEntity
  8
DETAIL_VIEW_BORDER
100
AcDbVertex
100
AcDb2dVertex
 10
250.1776723343099
 20
80.93344602498742
 30
0.0
  0
VERTEX
  5
188
330
152
100
AcDbEntity
  8
DETAIL_VIEW_BORDER
100
AcDbVertex
100
AcDb2dVertex
 10
250.3490304813721
 20
79.85153326442133
 30
0.0
  0
VERTEX
  5
189
330
152
100
AcDbEntity
  8
DETAIL_VIEW_BORDER
100
AcDbVertex
100
AcDb2dVertex
 10
250.5879843565955
 20
78.78251507862838
 30
0.0
  0
VERTEX
  5
18A
330
152
100
AcDbEntity
  8
DETAIL_VIEW_BORDER
100
AcDbVertex
100
AcDb2dVertex
 10
250.8935909182022
 20
77.73061039399992
 30
0.0
  0
VERTEX
  5
18B
330
152
100
AcDbEntity
  8
DETAIL_VIEW_BORDER
100
AcDbVertex
100
AcDb2dVertex
 10
251.2646440767118
 20
76.69997059775667
 30
0.0
  0
VERTEX
  5
18C
330
152
100
AcDbEntity
  8
DETAIL_VIEW_BORDER
100
AcDbVertex
100
AcDb2dVertex
 10
251.6996794548259
 20
75.69466315431985
 30
0.0
  0
VERTEX
  5
18D
330
152
100
AcDbEntity
  8
DETAIL_VIEW_BORDER
100
AcDbVertex
100
AcDb2dVertex
 10
252.1969801666557
 20
74.71865555288743
 30
0.0
  0
VERTEX
  5
18E
330
152
100
AcDbEntity
  8
DETAIL_VIEW_BORDER
100
AcDbVertex
100
AcDb2dVertex
 10
252.7545835934868
 20
73.77579964956679
 30
0.0
  0
VERTEX
  5
18F
330
152
100
AcDbEntity
  8
DETAIL_VIEW_BORDER
100
AcDbVertex
100
AcDb2dVertex
 10
253.3702891293382
 20
72.86981646585846
 30
0.0
  0
VERTEX
  5
190
330
152
100
AcDbEntity
  8
DETAIL_VIEW_BORDER
100
AcDbVertex
100
AcDb2dVertex
 10
254.0416668657491
 20
72.00428150348421
 30
0.0
  0
VERTEX
  5
191
330
152
100
AcDbEntity
  8
DETAIL_VIEW_BORDER
100
AcDbVertex
100
AcDb2dVertex
 10
254.766067181517
 20
71.18261063351518
 30
0.0
  0
VERTEX
  5
192
330
152
100
AcDbEntity
  8
DETAIL_VIEW_BORDER
100
AcDbVertex
100
AcDb2dVertex
 10
255.5406311995427
 20
70.40804661548944
 30
0.0
  0
VERTEX
  5
193
330
152
100
AcDbEntity
  8
DETAIL_VIEW_BORDER
100
AcDbVertex
100
AcDb2dVertex
 10
256.3623020695118
 20
69.68364629972152
 30
0.0
  0
VERTEX
  5
194
330
152
100
AcDbEntity
  8
DETAIL_VIEW_BORDER
100
AcDbVertex
100
AcDb2dVertex
 10
257.227837031886
 20
69.0122685633107
 30
0.0
  0
VERTEX
  5
195
330
152
100
AcDbEntity
  8
DETAIL_VIEW_BORDER
100
AcDbVertex
100
AcDb2dVertex
 10
258.1338202155944
 20
68.3965630274593
 30
0.0
  0
VERTEX
  5
196
330
152
100
AcDbEntity
  8
DETAIL_VIEW_BORDER
100
AcDbVertex
100
AcDb2dVertex
 10
259.076676118915
 20
67.83895960062821
 30
0.0
  0
VERTEX
  5
197
330
152
100
AcDbEntity
  8
DETAIL_VIEW_BORDER
100
AcDbVertex
100
AcDb2dVertex
 10
260.0526837203474
 20
67.34165888879838
 30
0.0
  0
VERTEX
  5
198
330
152
100
AcDbEntity
  8
DETAIL_VIEW_BORDER
100
AcDbVertex
100
AcDb2dVertex
 10
261.0579911637842
 20
66.9066235106843
 30
0.0
  0
VERTEX
  5
199
330
152
100
AcDbEntity
  8
DETAIL_VIEW_BORDER
100
AcDbVertex
100
AcDb2dVertex
 10
262.0886309600274
 20
66.53557035217463
 30
0.0
  0
VERTEX
  5
19A
330
152
100
AcDbEntity
  8
DETAIL_VIEW_BORDER
100
AcDbVertex
100
AcDb2dVertex
 10
263.1405356446559
 20
66.22996379056795
 30
0.0
  0
VERTEX
  5
19B
330
152
100
AcDbEntity
  8
DETAIL_VIEW_BORDER
100
AcDbVertex
100
AcDb2dVertex
 10
264.2095538304488
 20
65.99100991534456
 30
0.0
  0
VERTEX
  5
19C
330
152
100
AcDbEntity
  8
DETAIL_VIEW_BORDER
100
AcDbVertex
100
AcDb2dVertex
 10
265.291466591015
 20
65.81965176828233
 30
0.0
  0
VERTEX
  5
19D
330
152
100
AcDbEntity
  8
DETAIL_VIEW_BORDER
100
AcDbVertex
100
AcDb2dVertex
 10
266.3820041109672
 20
65.71656562170162
 30
0.0
  0
VERTEX
  5
19E
330
152
100
AcDbEntity
  8
DETAIL_VIEW_BORDER
100
AcDbVertex
100
AcDb2dVertex
 10
267.4768625369334
 20
65.6821583095274
 30
0.0
  0
VERTEX
  5
19F
330
152
100
AcDbEntity
  8
DETAIL_VIEW_BORDER
100
AcDbVertex
100
AcDb2dVertex
 10
268.5717209628996
 20
65.71656562170162
 30
0.0
  0
VERTEX
  5
1A0
330
152
100
AcDbEntity
  8
DETAIL_VIEW_BORDER
100
AcDbVertex
100
AcDb2dVertex
 10
269.6622584828518
 20
65.81965176828233
 30
0.0
  0
VERTEX
  5
1A1
330
152
100
AcDbEntity
  8
DETAIL_VIEW_BORDER
100
AcDbVertex
100
AcDb2dVertex
 10
270.7441712434179
 20
65.99100991534456
 30
0.0
  0
VERTEX
  5
1A2
330
152
100
AcDbEntity
  8
DETAIL_VIEW_BORDER
100
AcDbVertex
100
AcDb2dVertex
 10
271.8131894292109
 20
66.22996379056795
 30
0.0
  0
VERTEX
  5
1A3
330
152
100
AcDbEntity
  8
DETAIL_VIEW_BORDER
100
AcDbVertex
100
AcDb2dVertex
 10
272.8650941138393
 20
66.53557035217463
 30
0.0
  0
VERTEX
  5
1A4
330
152
100
AcDbEntity
  8
DETAIL_VIEW_BORDER
100
AcDbVertex
100
AcDb2dVertex
 10
273.8957339100826
 20
66.90662351068431
 30
0.0
  0
VERTEX
  5
1A5
330
152
100
AcDbEntity
  8
DETAIL_VIEW_BORDER
100
AcDbVertex
100
AcDb2dVertex
 10
274.9010413535194
 20
67.34165888879838
 30
0.0
  0
VERTEX
  5
1A6
330
152
100
AcDbEntity
  8
DETAIL_VIEW_BORDER
100
AcDbVertex
100
AcDb2dVertex
 10
275.8770489549518
 20
67.83895960062821
 30
0.0
  0
VERTEX
  5
1A7
330
152
100
AcDbEntity
  8
DETAIL_VIEW_BORDER
100
AcDbVertex
100
AcDb2dVertex
 10
276.8199048582724
 20
68.39656302745931
 30
0.0
  0
VERTEX
  5
1A8
330
152
100
AcDbEntity
  8
DETAIL_VIEW_BORDER
100
AcDbVertex
100
AcDb2dVertex
 10
277.7258880419808
 20
69.01226856331071
 30
0.0
  0
VERTEX
  5
1A9
330
152
100
AcDbEntity
  8
DETAIL_VIEW_BORDER
100
AcDbVertex
100
AcDb2dVertex
 10
278.591423004355
 20
69.68364629972152
 30
0.0
  0
VERTEX
  5
1AA
330
152
100
AcDbEntity
  8
DETAIL_VIEW_BORDER
100
AcDbVertex
100
AcDb2dVertex
 10
279.4130938743241
 20
70.40804661548944
 30
0.0
  0
VERTEX
  5
1AB
330
152
100
AcDbEntity
  8
DETAIL_VIEW_BORDER
100
AcDbVertex
100
AcDb2dVertex
 10
280.1876578923498
 20
71.18261063351518
 30
0.0
  0
VERTEX
  5
1AC
330
152
100
AcDbEntity
  8
DETAIL_VIEW_BORDER
100
AcDbVertex
100
AcDb2dVertex
 10
280.9120582081177
 20
72.00428150348421
 30
0.0
  0
VERTEX
  5
1AD
330
152
100
AcDbEntity
  8
DETAIL_VIEW_BORDER
100
AcDbVertex
100
AcDb2dVertex
 10
281.5834359445286
 20
72.86981646585848
 30
0.0
  0
VERTEX
  5
1AE
330
152
100
AcDbEntity
  8
DETAIL_VIEW_BORDER
100
AcDbVertex
100
AcDb2dVertex
 10
282.1991414803799
 20
73.7757996495668
 30
0.0
  0
VERTEX
  5
1AF
330
152
100
AcDbEntity
  8
DETAIL_VIEW_BORDER
100
AcDbVertex
100
AcDb2dVertex
 10
282.756744907211
 20
74.71865555288743
 30
0.0
  0
VERTEX
  5
1B0
330
152
100
AcDbEntity
  8
DETAIL_VIEW_BORDER
100
AcDbVertex
100
AcDb2dVertex
 10
283.2540456190409
 20
75.69466315431987
 30
0.0
  0
VERTEX
  5
1B1
330
152
100
AcDbEntity
  8
DETAIL_VIEW_BORDER
100
AcDbVertex
100
AcDb2dVertex
 10
283.6890809971549
 20
76.69997059775667
 30
0.0
  0
VERTEX
  5
1B2
330
152
100
AcDbEntity
  8
DETAIL_VIEW_BORDER
100
AcDbVertex
100
AcDb2dVertex
 10
284.0601341556646
 20
77.73061039399994
 30
0.0
  0
VERTEX
  5
1B3
330
152
100
AcDbEntity
  8
DETAIL_VIEW_BORDER
100
AcDbVertex
100
AcDb2dVertex
 10
284.3657407172713
 20
78.78251507862838
 30
0.0
  0
VERTEX
  5
1B4
330
152
100
AcDbEntity
  8
DETAIL_VIEW_BORDER
100
AcDbVertex
100
AcDb2dVertex
 10
284.6046945924947
 20
79.85153326442133
 30
0.0
  0
VERTEX
  5
1B5
330
152
100
AcDbEntity
  8
DETAIL_VIEW_BORDER
100
AcDbVertex
100
AcDb2dVertex
 10
284.7760527395569
 20
80.93344602498743
 30
0.0
  0
VERTEX
  5
1B6
330
152
100
AcDbEntity
  8
DETAIL_VIEW_BORDER
100
AcDbVertex
100
AcDb2dVertex
 10
284.8791388861376
 20
82.02398354493961
 30
0.0
  0
SEQEND
  5
1B7
330
152
100
AcDbEntity
  8
DETAIL_VIEW_BORDER
  0
LINE
  5
1B8
330
1F
100
AcDbEntity
  8
VIEW_HATCHES
  6
CONTINUOUS
100
AcDbLine
 10
267.1768625369334
 20
85.17541549900663
 30
0.0
 11
268.1202890088326
 21
86.11884197090588
 31
0.0
  0
LINE
  5
1B9
330
1F
100
AcDbEntity
  8
VIEW_HATCHES
  6
CONTINUOUS
100
AcDbLine
 10
276.8768625369334
 20
94.87541549900664
 30
0.0
 11
278.0393081143586
 21
96.03786107643185
 31
0.0
  0
LINE
  5
1BA
330
1F
100
AcDbEntity
  8
VIEW_HATCHES
  6
CONTINUOUS
100
AcDbLine
 10
267.9325168959588
 20
80.11884197090588
 30
0.0
 11
269.3325168959588
 21
81.51884197090588
 31
0.0
  0
LINE
  5
1BB
330
1F
100
AcDbEntity
  8
VIEW_HATCHES
  6
CONTINUOUS
100
AcDbLine
 10
270.8768625369334
 20
83.06318761188048
 30
0.0
 11
272.2270802272325
 21
84.41340530217956
 31
0.0
  0
LINE
  5
1BC
330
1F
100
AcDbEntity
  8
VIEW_HATCHES
  6
CONTINUOUS
100
AcDbLine
 10
276.8768625369334
 20
89.06318761188048
 30
0.0
 11
278.8768625369334
 21
91.06318761188048
 31
0.0
  0
LINE
  5
1BD
330
1F
100
AcDbEntity
  8
VIEW_HATCHES
  6
CONTINUOUS
100
AcDbLine
 10
273.744744783085
 20
80.11884197090588
 30
0.0
 11
275.1331941707955
 21
81.50729135861647
 31
0.0
  0
LINE
  5
1BE
330
1F
100
AcDbEntity
  8
VIEW_HATCHES
  6
CONTINUOUS
100
AcDbLine
 10
276.8768625369334
 20
83.25095972475432
 30
0.0
 11
278.8768625369334
 21
85.25095972475432
 31
0.0
  0
LINE
  5
1BF
330
1F
100
AcDbEntity
  8
VIEW_HATCHES
  6
CONTINUOUS
100
AcDbLine
 10
276.8768625369334
 20
77.43873183762817
 30
0.0
 11
278.0393081143586
 21
78.6011774150534
 31
0.0
  0
LINE
  5
1C0
330
1F
100
AcDbEntity
  8
VIEW_HATCHES
  6
CONTINUOUS
100
AcDbLine
 10
276.8768625369334
 20
71.62650395050201
 30
0.0
 11
278.8768625369334
 21
73.62650395050201
 31
0.0
  0
LINE
  5
1C1
330
1F
100
AcDbEntity
  8
VISIBLE
100
AcDbLine
 10
265.3768625369334
 20
100.4261044670885
 30
0.0
 11
265.3768625369334
 21
65.81157947472317
 31
0.0
  0
LINE
  5
1C2
330
1F
100
AcDbEntity
  8
VISIBLE
100
AcDbLine
 10
267.1768625369334
 20
85.01884197090588
 30
0.0
 11
267.4768625369334
 21
84.71884197090588
 31
0.0
  0
LINE
  5
1C3
330
1F
100
AcDbEntity
  8
VISIBLE
100
AcDbLine
 10
276.8768625369334
 20
68.43527142590578
 30
0.0
 11
276.8768625369334
 21
80.11884197090588
 31
0.0
  0
LINE
  5
1C4
330
1F
100
AcDbEntity
  8
VISIBLE
100
AcDbLine
 10
267.1768625369334
 20
81.21884197090588
 30
0.0
 11
267.1768625369334
 21
80.11884197090588
 31
0.0
  0
LINE
  5
1C5
330
1F
100
AcDbEntity
  8
VISIBLE
100
AcDbLine
 10
270.8768625369334
 20
81.51884197090588
 30
0.0
 11
270.8768625369334
 21
84.71884197090588
 31
0.0
  0
LINE
  5
1C6
330
1F
100
AcDbEntity
  8
VISIBLE
100
AcDbLine
 10
267.1768625369334
 20
86.11884197090589
 30
0.0
 11
267.1768625369334
 21
85.01884197090588
 31
0.0
  0
LINE
  5
1C7
330
1F
100
AcDbEntity
  8
VISIBLE
100
AcDbLine
 10
267.4768625369334
 20
81.51884197090588
 30
0.0
 11
270.8768625369334
 21
81.51884197090588
 31
0.0
  0
LINE
  5
1C8
330
1F
100
AcDbEntity
  8
VISIBLE
100
AcDbLine
 10
267.1768625369334
 20
80.11884197090588
 30
0.0
 11
276.8768625369334
 21
80.11884197090588
 31
0.0
  0
LINE
  5
1C9
330
1F
100
AcDbEntity
  8
VISIBLE
100
AcDbLine
 10
276.8768625369334
 20
86.11884197090589
 30
0.0
 11
276.8768625369334
 21
97.80241251590587
 31
0.0
  0
LINE
  5
1CA
330
1F
100
AcDbEntity
  8
VISIBLE
100
AcDbLine
 10
267.4768625369334
 20
81.51884197090588
 30
0.0
 11
267.1768625369334
 21
81.21884197090588
 31
0.0
  0
LINE
  5
1CB
330
1F
100
AcDbEntity
  8
VISIBLE
100
AcDbLine
 10
267.1768625369334
 20
86.11884197090589
 30
0.0
 11
276.8768625369334
 21
86.11884197090589
 31
0.0
  0
LINE
  5
1CC
330
1F
100
AcDbEntity
  8
VISIBLE
100
AcDbLine
 10
278.8768625369334
 20
69.93529509863806
 30
0.0
 11
278.8768625369334
 21
96.30238884317362
 31
0.0
  0
LINE
  5
1CD
330
1F
100
AcDbEntity
  8
VISIBLE
100
AcDbLine
 10
270.8768625369334
 20
84.71884197090588
 30
0.0
 11
267.4768625369334
 21
84.71884197090588
 31
0.0
  0
LINE
  5
1CE
330
1F
100
AcDbEntity
  8
VISIBLE
100
AcDbLine
 10
267.1768625369334
 20
81.21884197090587
 30
0.0
 11
267.1768625369334
 21
85.01884197090588
 31
0.0
  0
LINE
  5
1CF
330
1F
100
AcDbEntity
  8
VISIBLE
100
AcDbLine
 10
267.4768625369334
 20
84.71884197090587
 30
0.0
 11
267.4768625369334
 21
81.51884197090588
 31
0.0
  0
LINE
  5
1D0
330
1F
100
AcDbEntity
  8
BORDER_FRAME
100
AcDbLine
 10
20.0
 20
10.0
 30
0.0
 11
20.0
 21
200.0
 31
0.0
  0
LINE
  5
1D3
330
1F
100
AcDbEntity
  8
BORDER_FRAME
100
AcDbLine
 10
20.0
 20
200.0
 30
0.0
 11
297.0
 21
200.0
 31
0.0
  0
LINE
  5
1D4
330
1F
100
AcDbEntity
  8
BORDER_FRAME
100
AcDbLine
 10
297.0
 20
200.0
 30
0.0
 11
297.0
 21
10.0
 31
0.0
  0
LINE
  5
1D5
330
1F
100
AcDbEntity
  8
BORDER_FRAME
100
AcDbLine
 10
297.0
 20
10.0
 30
0.0
 11
20.0
 21
10.0
 31
0.0
  0
LINE
  5
1D6
330
1F
100
AcDbEntity
  8
TITLE_BLOCK
100
AcDbLine
 10
135.075
 20
10.0
 30
0.0
 11
135.075
 21
48.09999999999999
 31
0.0
  0
LINE
  5
1D8
330
1F
100
AcDbEntity
  8
TITLE_BLOCK
100
AcDbLine
 10
135.075
 20
10.0
 30
0.0
 11
165.555
 21
10.0
 31
0.0
  0
LINE
  5
1D9
330
1F
100
AcDbEntity
  8
TITLE_BLOCK
100
AcDbLine
 10
135.075
 20
17.62
 30
0.0
 11
165.555
 21
17.62
 31
0.0
  0
LINE
  5
1DA
330
1F
100
AcDbEntity
  8
TITLE_BLOCK
100
AcDbLine
 10
135.075
 20
20.668
 30
0.0
 11
165.555
 21
20.668
 31
0.0
  0
LINE
  5
1DB
330
1F
100
AcDbEntity
  8
TITLE_BLOCK
100
AcDbLine
 10
135.075
 20
25.8496
 30
0.0
 11
165.555
 21
25.8496
 31
0.0
  0
LINE
  5
1DC
330
1F
100
AcDbEntity
  8
TITLE_BLOCK
100
AcDbLine
 10
135.075
 20
30.2692
 30
0.0
 11
165.555
 21
30.2692
 31
0.0
  0
LINE
  5
1DD
330
1F
100
AcDbEntity
  8
TITLE_BLOCK
100
AcDbLine
 10
135.075
 20
48.09999999999999
 30
0.0
 11
165.555
 21
48.09999999999999
 31
0.0
  0
MTEXT
  5
1DE
330
1F
100
AcDbEntity
  8
TITLE_BLOCK
100
AcDbMText
 10
135.74556
 20
47.00272
 30
0.0
 40
1.2192
 41
29.87039999999999
 71
     1
 72
     1
  1
UNLESS OTHERWISE SPECIFIED, DIMENSIONS ARE IN MILLIMETERS
  7
ONSHAPE-STANDARD
  0
MTEXT
  5
1E0
330
1F
100
AcDbEntity
  8
TITLE_BLOCK
100
AcDbMText
 10
150.918504
 20
42.540448
 30
0.0
 40
1.09728
 41
14.93519999999998
 71
     1
 72
     1
  1
^JANGULAR = ± °^J
  7
ONSHAPE-STANDARD
  0
MTEXT
  5
1E1
330
1F
100
AcDbEntity
  8
TITLE_BLOCK
100
AcDbMText
 10
135.74556
 20
35.11552
 30
0.0
 40
1.2192
 41
14.93520000000001
 71
     1
 72
     1
  1
SURFACE FINISH
  7
ONSHAPE-STANDARD
  0
LINE
  5
1E2
330
1F
100
AcDbEntity
  8
TITLE_BLOCK
100
AcDbLine
 10
148.791
 20
33.3172
 30
0.0
 11
149.553
 21
31.99737728463252
 31
0.0
  0
LINE
  5
1E3
330
1F
100
AcDbEntity
  8
TITLE_BLOCK
100
AcDbLine
 10
149.553
 20
31.99737728463252
 30
0.0
 11
151.1532
 21
34.76900498690424
 31
0.0
  0
LINE
  5
1E4
330
1F
100
AcDbEntity
  8
TITLE_BLOCK
100
AcDbLine
 10
151.1532
 20
34.76900498690424
 30
0.0
 11
152.8296
 21
34.76900498690424
 31
0.0
  0
MTEXT
  5
1E5
330
1F
100
AcDbEntity
  8
TITLE_BLOCK
100
AcDbMText
 10
150.315
 20
28.842736
 30
0.0
 40
1.58496
 41
29.87039999999999
 71
     2
 72
     1
  1
DO NOT SCALE DRAWING
  7
ONSHAPE-STANDARD
  0
MTEXT
  5
1E6
330
1F
100
AcDbEntity
  8
TITLE_BLOCK
100
AcDbMText
 10
150.315
 20
24.75232
 30
0.0
 40
1.2192
 41
29.87039999999999
 71
     2
 72
     1
  1
BREAK ALL SHARP EDGES AND REMOVE BURRS
  7
ONSHAPE-STANDARD
  0
CIRCLE
  5
1E7
330
1F
100
AcDbEntity
  8
TITLE_BLOCK
100
AcDbCircle
 10
153.744
 20
13.77952
 30
0.0
 40
1.3716
  0
CIRCLE
  5
1E8
330
1F
100
AcDbEntity
  8
TITLE_BLOCK
100
AcDbCircle
 10
153.744
 20
13.77952
 30
0.0
 40
2.743199999999999
  0
LINE
  5
1E9
330
1F
100
AcDbEntity
  8
TITLE_BLOCK
100
AcDbLine
 10
154.4298
 20
13.77952
 30
0.0
 11
153.0582
 21
13.77952
 31
0.0
  0
LINE
  5
1EA
330
1F
100
AcDbEntity
  8
TITLE_BLOCK
100
AcDbLine
 10
153.744
 20
14.46532
 30
0.0
 11
153.744
 21
13.09372
 31
0.0
  0
LINE
  5
1EB
330
1F
100
AcDbEntity
  8
TITLE_BLOCK
100
AcDbLine
 10
155.1156
 20
13.77952
 30
0.0
 11
157.173
 21
13.77952
 31
0.0
  0
LINE
  5
1EC
330
1F
100
AcDbEntity
  8
TITLE_BLOCK
100
AcDbLine
 10
153.744
 20
15.15112
 30
0.0
 11
153.744
 21
17.20852
 31
0.0
  0
LINE
  5
1ED
330
1F
100
AcDbEntity
  8
TITLE_BLOCK
100
AcDbLine
 10
152.3724
 20
13.77952
 30
0.0
 11
150.315
 21
13.77952
 31
0.0
  0
LINE
  5
1EE
330
1F
100
AcDbEntity
  8
TITLE_BLOCK
100
AcDbLine
 10
153.744
 20
12.40792
 30
0.0
 11
153.744
 21
10.35052
 31
0.0
  0
LINE
  5
1EF
330
1F
100
AcDbEntity
  8
TITLE_BLOCK
100
AcDbLine
 10
149.6292
 20
11.03632
 30
0.0
 11
149.6292
 21
16.52272
 31
0.0
  0
LINE
  5
1F0
330
1F
100
AcDbEntity
  8
TITLE_BLOCK
100
AcDbLine
 10
149.6292
 20
16.52272
 30
0.0
 11
144.1428
 21
15.15112
 31
0.0
  0
LINE
  5
1F1
330
1F
100
AcDbEntity
  8
TITLE_BLOCK
100
AcDbLine
 10
144.1428
 20
15.15112
 30
0.0
 11
144.1428
 21
12.40792
 31
0.0
  0
LINE
  5
1F2
330
1F
100
AcDbEntity
  8
TITLE_BLOCK
100
AcDbLine
 10
144.1428
 20
12.40792
 30
0.0
 11
149.6292
 21
11.03632
 31
0.0
  0
LINE
  5
1F3
330
1F
100
AcDbEntity
  8
TITLE_BLOCK
100
AcDbLine
 10
147.5718
 20
13.77952
 30
0.0
 11
149.9721
 21
13.77952
 31
0.0
  0
LINE
  5
1F4
330
1F
100
AcDbEntity
  8
TITLE_BLOCK
100
AcDbLine
 10
147.16032
 20
13.77952
 30
0.0
 11
146.61168
 21
13.77952
 31
0.0
  0
LINE
  5
1F5
330
1F
100
AcDbEntity
  8
TITLE_BLOCK
100
AcDbLine
 10
146.2002
 20
13.77952
 30
0.0
 11
143.7999
 21
13.77952
 31
0.0
  0
MTEXT
  5
1F6
330
1F
100
AcDbEntity
  8
TITLE_BLOCK
100
AcDbMText
 10
150.315
 20
19.57072
 30
0.0
 40
1.2192
 41
29.87039999999999
 71
     2
 72
     1
  1
FIRST ANGLE PROJECTION
  7
ONSHAPE-STANDARD
  0
LINE
  5
1F7
330
1F
100
AcDbEntity
  8
TITLE_BLOCK
100
AcDbLine
 10
165.555
 20
10.0
 30
0.0
 11
165.555
 21
48.09999999999999
 31
0.0
  0
LINE
  5
1F8
330
1F
100
AcDbEntity
  8
TITLE_BLOCK
100
AcDbLine
 10
178.89
 20
20.668
 30
0.0
 11
178.89
 21
48.09999999999999
 31
0.0
  0
LINE
  5
1F9
330
1F
100
AcDbEntity
  8
TITLE_BLOCK
100
AcDbLine
 10
194.13
 20
20.668
 30
0.0
 11
194.13
 21
48.09999999999999
 31
0.0
  0
LINE
  5
1FA
330
1F
100
AcDbEntity
  8
TITLE_BLOCK
100
AcDbLine
 10
192.225
 20
10.0
 30
0.0
 11
192.225
 21
20.668
 31
0.0
  0
MTEXT
  5
1FB
330
1F
100
AcDbEntity
  8
TITLE_BLOCK
100
AcDbMText
 10
201.75
 20
47.00272
 30
0.0
 40
1.2192
 41
14.93520000000001
 71
     2
 72
     1
  1
SIGNATURE
  7
ONSHAPE-STANDARD
  0
LINE
  5
1FC
330
1F
100
AcDbEntity
  8
TITLE_BLOCK
100
AcDbLine
 10
209.37
 20
20.668
 30
0.0
 11
209.37
 21
48.09999999999999
 31
0.0
  0
LINE
  5
1FD
330
1F
100
AcDbEntity
  8
TITLE_BLOCK
100
AcDbLine
 10
165.555
 20
48.09999999999999
 30
0.0
 11
218.895
 21
48.09999999999999
 31
0.0
  0
LINE
  5
1FE
330
1F
100
AcDbEntity
  8
TITLE_BLOCK
100
AcDbLine
 10
165.555
 20
43.528
 30
0.0
 11
218.895
 21
43.528
 31
0.0
  0
LINE
  5
1FF
330
1F
100
AcDbEntity
  8
TITLE_BLOCK
100
AcDbLine
 10
165.555
 20
38.956
 30
0.0
 11
218.895
 21
38.956
 31
0.0
  0
LINE
  5
200
330
1F
100
AcDbEntity
  8
TITLE_BLOCK
100
AcDbLine
 10
165.555
 20
34.384
 30
0.0
 11
218.895
 21
34.384
 31
0.0
  0
LINE
  5
201
330
1F
100
AcDbEntity
  8
TITLE_BLOCK
100
AcDbLine
 10
165.555
 20
29.812
 30
0.0
 11
218.895
 21
29.812
 31
0.0
  0
LINE
  5
202
330
1F
100
AcDbEntity
  8
TITLE_BLOCK
100
AcDbLine
 10
165.555
 20
25.24
 30
0.0
 11
218.895
 21
25.24
 31
0.0
  0
LINE
  5
203
330
1F
100
AcDbEntity
  8
TITLE_BLOCK
100
AcDbLine
 10
165.555
 20
20.668
 30
0.0
 11
218.895
 21
20.668
 31
0.0
  0
MTEXT
  5
204
330
1F
100
AcDbEntity
  8
TITLE_BLOCK
100
AcDbMText
 10
179.56056
 20
47.00272
 30
0.0
 40
1.2192
 41
14.93519999999998
 71
     1
 72
     1
  1
NAME
  7
ONSHAPE-STANDARD
  0
MTEXT
  5
205
330
1F
100
AcDbEntity
  8
TITLE_BLOCK
100
AcDbMText
 10
214.1325
 20
47.00272
 30
0.0
 40
1.2192
 41
9.334500000000006
 71
     2
 72
     1
  1
DATE
  7
ONSHAPE-STANDARD
  0
MTEXT
  5
206
330
1F
100
AcDbEntity
  8
TITLE_BLOCK
100
AcDbMText
 10
166.22556
 20
42.43072
 30
0.0
 40
1.2192
 41
13.06830000000001
 71
     1
 72
     1
  1
DRAWN
  7
ONSHAPE-STANDARD
  0
MTEXT
  5
207
102
{ACAD_XDICTIONARY
360
208
102
}
330
1F
100
AcDbEntity
  8
TITLE_BLOCK
100
AcDbMText
 10
186.51
 20
41.242
 30
0.0
 40
1.024128
 41
15.23999999999998
 71
     5
 72
     1
  1
DIRK UYS
  7
ONSHAPE-STANDARD-FIELDS
1001
ACAD
1000
ACAD_MTEXT_DEFINED_HEIGHT_BEGIN
1070
    46
1040
4.572000000000003
1000
ACAD_MTEXT_DEFINED_HEIGHT_END
  0
MTEXT
  5
20E
102
{ACAD_XDICTIONARY
360
20F
102
}
330
1F
100
AcDbEntity
  8
TITLE_BLOCK
100
AcDbMText
 10
214.1325
 20
41.242
 30
0.0
 40
1.024128
 41
9.525000000000006
 71
     5
 72
     1
  1
2026-07-01
  7
ONSHAPE-STANDARD-FIELDS
1001
ACAD
1000
ACAD_MTEXT_DEFINED_HEIGHT_BEGIN
1070
    46
1040
4.572000000000003
1000
ACAD_MTEXT_DEFINED_HEIGHT_END
  0
MTEXT
  5
214
330
1F
100
AcDbEntity
  8
TITLE_BLOCK
100
AcDbMText
 10
166.22556
 20
37.85872
 30
0.0
 40
1.2192
 41
13.06830000000001
 71
     1
 72
     1
  1
CHECKED
  7
ONSHAPE-STANDARD
  0
MTEXT
  5
215
330
1F
100
AcDbEntity
  8
TITLE_BLOCK
100
AcDbMText
 10
186.51
 20
36.67
 30
0.0
 40
1.024128
 41
15.23999999999998
 71
     5
 72
     1
  1
 
  7
ONSHAPE-STANDARD-FIELDS
1001
ACAD
1000
ACAD_MTEXT_DEFINED_HEIGHT_BEGIN
1070
    46
1040
4.571999999999996
1000
ACAD_MTEXT_DEFINED_HEIGHT_END
  0
MTEXT
  5
216
330
1F
100
AcDbEntity
  8
TITLE_BLOCK
100
AcDbMText
 10
214.1325
 20
36.67
 30
0.0
 40
1.024128
 41
9.525000000000006
 71
     5
 72
     1
  1
 
  7
ONSHAPE-STANDARD-FIELDS
1001
ACAD
1000
ACAD_MTEXT_DEFINED_HEIGHT_BEGIN
1070
    46
1040
4.571999999999996
1000
ACAD_MTEXT_DEFINED_HEIGHT_END
  0
MTEXT
  5
217
330
1F
100
AcDbEntity
  8
TITLE_BLOCK
100
AcDbMText
 10
166.22556
 20
33.28672
 30
0.0
 40
1.2192
 41
13.06830000000001
 71
     1
 72
     1
  1
APPROVED
  7
ONSHAPE-STANDARD
  0
MTEXT
  5
218
102
{ACAD_XDICTIONARY
360
219
102
}
330
1F
100
AcDbEntity
  8
TITLE_BLOCK
100
AcDbMText
 10
186.51
 20
32.098
 30
0.0
 40
1.024128
 41
15.23999999999998
 71
     5
 72
     1
  1
----
  7
ONSHAPE-STANDARD-FIELDS
1001
ACAD
1000
ACAD_MTEXT_DEFINED_HEIGHT_BEGIN
1070
    46
1040
4.572000000000003
1000
ACAD_MTEXT_DEFINED_HEIGHT_END
  0
MTEXT
  5
21E
102
{ACAD_XDICTIONARY
360
21F
102
}
330
1F
100
AcDbEntity
  8
TITLE_BLOCK
100
AcDbMText
 10
214.1325
 20
32.098
 30
0.0
 40
1.024128
 41
9.525000000000006
 71
     5
 72
     1
  1
----
  7
ONSHAPE-STANDARD-FIELDS
1001
ACAD
1000
ACAD_MTEXT_DEFINED_HEIGHT_BEGIN
1070
    46
1040
4.572000000000003
1000
ACAD_MTEXT_DEFINED_HEIGHT_END
  0
MTEXT
  5
224
330
1F
100
AcDbEntity
  8
TITLE_BLOCK
100
AcDbMText
 10
172.2225
 20
27.526
 30
0.0
 40
1.8288
 41
13.33500000000001
 71
     5
 72
     1
  1
 
  7
ONSHAPE-STANDARD-FIELDS
1001
ACAD
1000
ACAD_MTEXT_DEFINED_HEIGHT_BEGIN
1070
    46
1040
4.571999999999999
1000
ACAD_MTEXT_DEFINED_HEIGHT_END
  0
MTEXT
  5
225
330
1F
100
AcDbEntity
  8
TITLE_BLOCK
100
AcDbMText
 10
186.51
 20
27.526
 30
0.0
 40
1.024128
 41
15.23999999999998
 71
     5
 72
     1
  1
 
  7
ONSHAPE-STANDARD-FIELDS
1001
ACAD
1000
ACAD_MTEXT_DEFINED_HEIGHT_BEGIN
1070
    46
1040
4.571999999999999
1000
ACAD_MTEXT_DEFINED_HEIGHT_END
  0
MTEXT
  5
226
330
1F
100
AcDbEntity
  8
TITLE_BLOCK
100
AcDbMText
 10
214.1325
 20
27.526
 30
0.0
 40
1.024128
 41
9.525000000000006
 71
     5
 72
     1
  1
 
  7
ONSHAPE-STANDARD-FIELDS
1001
ACAD
1000
ACAD_MTEXT_DEFINED_HEIGHT_BEGIN
1070
    46
1040
4.571999999999999
1000
ACAD_MTEXT_DEFINED_HEIGHT_END
  0
MTEXT
  5
227
330
1F
100
AcDbEntity
  8
TITLE_BLOCK
100
AcDbMText
 10
172.2225
 20
22.954
 30
0.0
 40
1.8288
 41
13.33500000000001
 71
     5
 72
     1
  1
 
  7
ONSHAPE-STANDARD-FIELDS
1001
ACAD
1000
ACAD_MTEXT_DEFINED_HEIGHT_BEGIN
1070
    46
1040
4.571999999999999
1000
ACAD_MTEXT_DEFINED_HEIGHT_END
  0
MTEXT
  5
228
330
1F
100
AcDbEntity
  8
TITLE_BLOCK
100
AcDbMText
 10
186.51
 20
22.954
 30
0.0
 40
1.024128
 41
15.23999999999998
 71
     5
 72
     1
  1
 
  7
ONSHAPE-STANDARD-FIELDS
1001
ACAD
1000
ACAD_MTEXT_DEFINED_HEIGHT_BEGIN
1070
    46
1040
4.571999999999999
1000
ACAD_MTEXT_DEFINED_HEIGHT_END
  0
MTEXT
  5
229
330
1F
100
AcDbEntity
  8
TITLE_BLOCK
100
AcDbMText
 10
214.1325
 20
22.954
 30
0.0
 40
1.024128
 41
9.525000000000006
 71
     5
 72
     1
  1
 
  7
ONSHAPE-STANDARD-FIELDS
1001
ACAD
1000
ACAD_MTEXT_DEFINED_HEIGHT_BEGIN
1070
    46
1040
4.571999999999999
1000
ACAD_MTEXT_DEFINED_HEIGHT_END
  0
MTEXT
  5
22A
330
1F
100
AcDbEntity
  8
TITLE_BLOCK
100
AcDbMText
 10
166.22556
 20
19.57072
 30
0.0
 40
1.2192
 41
26.13660000000002
 71
     1
 72
     1
  1
MATERIAL
  7
ONSHAPE-STANDARD
  0
MTEXT
  5
22B
330
1F
100
AcDbEntity
  8
TITLE_BLOCK
100
AcDbMText
 10
178.89
 20
15.334
 30
0.0
 40
1.8288
 41
26.67000000000002
 71
     5
 72
     1
  1
 
  7
ONSHAPE-STANDARD-FIELDS
1001
ACAD
1000
ACAD_MTEXT_DEFINED_HEIGHT_BEGIN
1070
    46
1040
10.668
1000
ACAD_MTEXT_DEFINED_HEIGHT_END
  0
MTEXT
  5
22C
330
1F
100
AcDbEntity
  8
TITLE_BLOCK
100
AcDbMText
 10
192.89556
 20
19.57072
 30
0.0
 40
1.2192
 41
26.13659999999999
 71
     1
 72
     1
  1
FINISH
  7
ONSHAPE-STANDARD
  0
MTEXT
  5
22D
330
1F
100
AcDbEntity
  8
TITLE_BLOCK
100
AcDbMText
 10
205.56
 20
15.334
 30
0.0
 40
1.8288
 41
26.66999999999999
 71
     5
 72
     1
  1
 
  7
ONSHAPE-STANDARD-FIELDS
1001
ACAD
1000
ACAD_MTEXT_DEFINED_HEIGHT_BEGIN
1070
    46
1040
10.668
1000
ACAD_MTEXT_DEFINED_HEIGHT_END
  0
LINE
  5
22E
330
1F
100
AcDbEntity
  8
TITLE_BLOCK
100
AcDbLine
 10
218.895
 20
10.0
 30
0.0
 11
218.895
 21
48.09999999999999
 31
0.0
  0
LINE
  5
22F
330
1F
100
AcDbEntity
  8
TITLE_BLOCK
100
AcDbLine
 10
228.42
 20
14.953
 30
0.0
 11
228.42
 21
22.573
 31
0.0
  0
LINE
  5
230
330
1F
100
AcDbEntity
  8
TITLE_BLOCK
100
AcDbLine
 10
235.659
 20
10.0
 30
0.0
 11
235.659
 21
14.953
 31
0.0
  0
LINE
  5
231
330
1F
100
AcDbEntity
  8
TITLE_BLOCK
100
AcDbLine
 10
270.33
 20
10.0
 30
0.0
 11
270.33
 21
14.953
 31
0.0
  0
LINE
  5
232
330
1F
100
AcDbEntity
  8
TITLE_BLOCK
100
AcDbLine
 10
289.38
 20
14.953
 30
0.0
 11
289.38
 21
22.573
 31
0.0
  0
LINE
  5
233
330
1F
100
AcDbEntity
  8
TITLE_BLOCK
100
AcDbLine
 10
218.895
 20
14.953
 30
0.0
 11
297.0
 21
14.953
 31
0.0
  0
LINE
  5
234
330
1F
100
AcDbEntity
  8
TITLE_BLOCK
100
AcDbLine
 10
218.895
 20
22.573
 30
0.0
 11
297.0
 21
22.573
 31
0.0
  0
LINE
  5
235
330
1F
100
AcDbEntity
  8
TITLE_BLOCK
100
AcDbLine
 10
218.895
 20
38.575
 30
0.0
 11
297.0
 21
38.575
 31
0.0
  0
LINE
  5
236
330
1F
100
AcDbEntity
  8
TITLE_BLOCK
100
AcDbLine
 10
218.895
 20
48.09999999999999
 30
0.0
 11
297.0
 21
48.09999999999999
 31
0.0
  0
MTEXT
  5
237
330
1F
100
AcDbEntity
  8
TITLE_BLOCK
100
AcDbMText
 10
219.56556
 20
37.47772
 30
0.0
 40
1.2192
 41
9.334500000000006
 71
     1
 72
     1
  1
TITLE
  7
ONSHAPE-STANDARD
  0
MTEXT
  5
238
102
{ACAD_XDICTIONARY
360
239
102
}
330
1F
100
AcDbEntity
  8
TITLE_BLOCK
100
AcDbMText
 10
257.9475
 20
35.52699999999999
 30
0.0
 40
2.92608
 41
70.48499999999999
 71
     5
 72
     1
  1
----
  7
ONSHAPE-STANDARD-FIELDS
1001
ACAD
1000
ACAD_MTEXT_DEFINED_HEIGHT_BEGIN
1070
    46
1040
4.800599999999998
1000
ACAD_MTEXT_DEFINED_HEIGHT_END
  0
MTEXT
  5
23E
102
{ACAD_XDICTIONARY
360
23F
102
}
330
1F
100
AcDbEntity
  8
TITLE_BLOCK
100
AcDbMText
 10
257.9475
 20
30.7264
 30
0.0
 40
2.92608
 41
70.48500000000001
 71
     5
 72
     1
  1
PROTOMIDI ENCLOSURE TOP
  7
ONSHAPE-STANDARD-FIELDS
1001
ONSHAPE_NOTES_REORDERING_D
1071
        0
1070
     0
1001
ACAD
1000
ACAD_MTEXT_DEFINED_HEIGHT_BEGIN
1070
    46
1040
2.96594485013624
1000
ACAD_MTEXT_DEFINED_HEIGHT_END
  0
MTEXT
  5
242
102
{ACAD_XDICTIONARY
360
243
102
}
330
1F
100
AcDbEntity
  8
TITLE_BLOCK
100
AcDbMText
 10
257.9475
 20
25.9258
 30
0.0
 40
2.92608
 41
70.48499999999999
 71
     5
 72
     1
  1
----
  7
ONSHAPE-STANDARD-FIELDS
1001
ACAD
1000
ACAD_MTEXT_DEFINED_HEIGHT_BEGIN
1070
    46
1040
4.800599999999998
1000
ACAD_MTEXT_DEFINED_HEIGHT_END
  0
MTEXT
  5
248
330
1F
100
AcDbEntity
  8
TITLE_BLOCK
100
AcDbMText
 10
219.431448
 20
21.695176
 30
0.0
 40
0.9753599999999999
 41
9.334500000000006
 71
     1
 72
     1
  1
SIZE
  7
ONSHAPE-STANDARD
  0
MTEXT
  5
249
102
{ACAD_XDICTIONARY
360
24A
102
}
330
1F
100
AcDbEntity
  8
TITLE_BLOCK
100
AcDbMText
 10
223.6575
 20
18.763
 30
0.0
 40
3.6576
 41
9.525000000000006
 71
     5
 72
     1
  1
A4
  7
ONSHAPE-STANDARD-FIELDS
1001
ACAD
1000
ACAD_MTEXT_DEFINED_HEIGHT_BEGIN
1070
    46
1040
7.620000000000001
1000
ACAD_MTEXT_DEFINED_HEIGHT_END
  0
MTEXT
  5
24F
330
1F
100
AcDbEntity
  8
TITLE_BLOCK
100
AcDbMText
 10
228.956448
 20
21.695176
 30
0.0
 40
0.9753599999999999
 41
59.74079999999998
 71
     1
 72
     1
  1
DWG NO.
  7
ONSHAPE-STANDARD
  0
MTEXT
  5
250
102
{ACAD_XDICTIONARY
360
251
102
}
330
1F
100
AcDbEntity
  8
TITLE_BLOCK
100
AcDbMText
 10
258.9
 20
18.763
 30
0.0
 40
3.6576
 41
60.95999999999998
 71
     5
 72
     1
  1
----
  7
ONSHAPE-STANDARD-FIELDS
1001
ACAD
1000
ACAD_MTEXT_DEFINED_HEIGHT_BEGIN
1070
    46
1040
7.620000000000001
1000
ACAD_MTEXT_DEFINED_HEIGHT_END
  0
MTEXT
  5
256
330
1F
100
AcDbEntity
  8
TITLE_BLOCK
100
AcDbMText
 10
289.916448
 20
21.695176
 30
0.0
 40
0.9753599999999999
 41
7.467600000000004
 71
     1
 72
     1
  1
REV.
  7
ONSHAPE-STANDARD
  0
MTEXT
  5
257
102
{ACAD_XDICTIONARY
360
258
102
}
330
1F
100
AcDbEntity
  8
TITLE_BLOCK
100
AcDbMText
 10
293.571
 20
18.763
 30
0.0
 40
3.6576
 41
6.858000000000004
 71
     5
 72
     1
  1
-
  7
ONSHAPE-STANDARD-FIELDS
1001
ACAD
1000
ACAD_MTEXT_DEFINED_HEIGHT_BEGIN
1070
    46
1040
7.620000000000001
1000
ACAD_MTEXT_DEFINED_HEIGHT_END
  0
MTEXT
  5
25D
330
1F
100
AcDbEntity
  8
TITLE_BLOCK
100
AcDbMText
 10
219.431448
 20
14.075176
 30
0.0
 40
0.9753599999999999
 41
16.42871999999998
 71
     1
 72
     1
  1
SCALE
  7
ONSHAPE-STANDARD
  0
MTEXT
  5
25E
102
{ACAD_XDICTIONARY
360
25F
102
}
330
1F
100
AcDbEntity
  8
TITLE_BLOCK
100
AcDbMText
 10
228.039
 20
12.4765
 30
0.0
 40
2.19456
 41
15.24000000000001
 71
     5
 72
     1
  1
1:2
  7
ONSHAPE-STANDARD-FIELDS
1001
ONSHAPE_NOTES_REORDERING_D
1071
        0
1070
     0
1001
ACAD
1000
ACAD_MTEXT_DEFINED_HEIGHT_BEGIN
1070
    46
1040
2.23791302452316
1000
ACAD_MTEXT_DEFINED_HEIGHT_END
  0
MTEXT
  5
260
330
1F
100
AcDbEntity
  8
TITLE_BLOCK
100
AcDbMText
 10
236.195448
 20
14.075176
 30
0.0
 40
0.9753599999999999
 41
33.97757999999999
 71
     1
 72
     1
  1
WEIGHT
  7
ONSHAPE-STANDARD
  0
MTEXT
  5
261
330
1F
100
AcDbEntity
  8
TITLE_BLOCK
100
AcDbMText
 10
252.9945
 20
12.4765
 30
0.0
 40
2.19456
 41
34.67099999999999
 71
     5
 72
     1
  1
 
  7
ONSHAPE-STANDARD-FIELDS
1001
ACAD
1000
ACAD_MTEXT_DEFINED_HEIGHT_BEGIN
1070
    46
1040
4.952999999999999
1000
ACAD_MTEXT_DEFINED_HEIGHT_END
  0
MTEXT
  5
262
330
1F
100
AcDbEntity
  8
TITLE_BLOCK
100
AcDbMText
 10
270.866448
 20
14.075176
 30
0.0
 40
0.9753599999999999
 41
26.13660000000002
 71
     1
 72
     1
  1
SHEET
  7
ONSHAPE-STANDARD
  0
MTEXT
  5
263
102
{ACAD_XDICTIONARY
360
264
102
}
330
1F
100
AcDbEntity
  8
TITLE_BLOCK
100
AcDbMText
 10
284.427
 20
12.4765
 30
0.0
 40
2.19456
 41
25.14600000000002
 71
     5
 72
     1
  1
1 of 1
  7
ONSHAPE-STANDARD-FIELDS
1001
ACAD
1000
ACAD_MTEXT_DEFINED_HEIGHT_BEGIN
1070
    46
1040
4.952999999999999
1000
ACAD_MTEXT_DEFINED_HEIGHT_END
  0
MTEXT
  5
269
102
{ACAD_XDICTIONARY
360
26A
102
}
330
1F
100
AcDbEntity
  8
ANNOTATION_TEXT
 62
     7
100
AcDbMText
 10
200.0875476096202
 20
106.1348033257782
 30
0.0
 40
3.5
 41
0.0
 71
     2
 72
     1
  1
 1:2
  7
ONSHAPE-STANDARD-VIEW-LABE
1001
ACAD
1000
ACAD_MTEXT_DEFINED_HEIGHT_BEGIN
1070
    46
1040
3.5
1000
ACAD_MTEXT_DEFINED_HEIGHT_END
  0
LINE
  5
274
330
1F
100
AcDbEntity
  8
CENTERMARKS
  6
CONTINUOUS
100
AcDbLine
 10
223.9050476096202
 20
145.5098033257782
 30
0.0
 11
224.5700476096202
 21
145.5098033257782
 31
0.0
  0
LINE
  5
275
330
1F
100
AcDbEntity
  8
CENTERMARKS
  6
CONTINUOUS
100
AcDbLine
 10
224.2375476096202
 20
145.1773033257782
 30
0.0
 11
224.2375476096202
 21
145.8423033257782
 31
0.0
  0
LINE
  5
276
330
1F
100
AcDbEntity
  8
CENTERMARKS
  6
CENTER
100
AcDbLine
 10
223.5725476096202
 20
145.5098033257782
 30
0.0
 11
222.6225476096202
 21
145.5098033257782
 31
0.0
  0
LINE
  5
277
330
1F
100
AcDbEntity
  8
CENTERMARKS
  6
CENTER
100
AcDbLine
 10
224.9025476096202
 20
145.5098033257782
 30
0.0
 11
225.8525476096202
 21
145.5098033257782
 31
0.0
  0
LINE
  5
278
330
1F
100
AcDbEntity
  8
CENTERMARKS
  6
CENTER
100
AcDbLine
 10
224.2375476096202
 20
146.1748033257782
 30
0.0
 11
224.2375476096202
 21
147.1248033257782
 31
0.0
  0
LINE
  5
279
330
1F
100
AcDbEntity
  8
CENTERMARKS
  6
CENTER
100
AcDbLine
 10
224.2375476096202
 20
144.8448033257782
 30
0.0
 11
224.2375476096202
 21
143.8948033257782
 31
0.0
  0
LINE
  5
27E
330
1F
100
AcDbEntity
  8
CENTERMARKS
  6
CONTINUOUS
100
AcDbLine
 10
223.9050476096202
 20
113.1598033257782
 30
0.0
 11
224.5700476096202
 21
113.1598033257782
 31
0.0
  0
LINE
  5
27F
330
1F
100
AcDbEntity
  8
CENTERMARKS
  6
CONTINUOUS
100
AcDbLine
 10
224.2375476096202
 20
112.8273033257782
 30
0.0
 11
224.2375476096202
 21
113.4923033257782
 31
0.0
  0
LINE
  5
280
330
1F
100
AcDbEntity
  8
CENTERMARKS
  6
CENTER
100
AcDbLine
 10
223.5725476096202
 20
113.1598033257782
 30
0.0
 11
222.6225476096202
 21
113.1598033257782
 31
0.0
  0
LINE
  5
281
330
1F
100
AcDbEntity
  8
CENTERMARKS
  6
CENTER
100
AcDbLine
 10
224.9025476096202
 20
113.1598033257782
 30
0.0
 11
225.8525476096202
 21
113.1598033257782
 31
0.0
  0
LINE
  5
282
330
1F
100
AcDbEntity
  8
CENTERMARKS
  6
CENTER
100
AcDbLine
 10
224.2375476096202
 20
113.8248033257782
 30
0.0
 11
224.2375476096202
 21
114.7748033257782
 31
0.0
  0
LINE
  5
283
330
1F
100
AcDbEntity
  8
CENTERMARKS
  6
CENTER
100
AcDbLine
 10
224.2375476096202
 20
112.4948033257782
 30
0.0
 11
224.2375476096202
 21
111.5448033257782
 31
0.0
  0
LINE
  5
288
330
1F
100
AcDbEntity
  8
CENTERMARKS
  6
CONTINUOUS
100
AcDbLine
 10
175.6050476096202
 20
113.1598033257782
 30
0.0
 11
176.2700476096202
 21
113.1598033257782
 31
0.0
  0
LINE
  5
289
330
1F
100
AcDbEntity
  8
CENTERMARKS
  6
CONTINUOUS
100
AcDbLine
 10
175.9375476096202
 20
112.8273033257782
 30
0.0
 11
175.9375476096202
 21
113.4923033257782
 31
0.0
  0
LINE
  5
28A
330
1F
100
AcDbEntity
  8
CENTERMARKS
  6
CENTER
100
AcDbLine
 10
175.2725476096202
 20
113.1598033257782
 30
0.0
 11
174.3225476096202
 21
113.1598033257782
 31
0.0
  0
LINE
  5
28B
330
1F
100
AcDbEntity
  8
CENTERMARKS
  6
CENTER
100
AcDbLine
 10
176.6025476096202
 20
113.1598033257782
 30
0.0
 11
177.5525476096202
 21
113.1598033257782
 31
0.0
  0
LINE
  5
28C
330
1F
100
AcDbEntity
  8
CENTERMARKS
  6
CENTER
100
AcDbLine
 10
175.9375476096202
 20
113.8248033257782
 30
0.0
 11
175.9375476096202
 21
114.7748033257782
 31
0.0
  0
LINE
  5
28D
330
1F
100
AcDbEntity
  8
CENTERMARKS
  6
CENTER
100
AcDbLine
 10
175.9375476096202
 20
112.4948033257782
 30
0.0
 11
175.9375476096202
 21
111.5448033257782
 31
0.0
  0
LINE
  5
292
330
1F
100
AcDbEntity
  8
CENTERMARKS
  6
CONTINUOUS
100
AcDbLine
 10
175.6550476096202
 20
126.9598033257782
 30
0.0
 11
176.3200476096202
 21
126.9598033257782
 31
0.0
  0
LINE
  5
293
330
1F
100
AcDbEntity
  8
CENTERMARKS
  6
CONTINUOUS
100
AcDbLine
 10
175.9875476096202
 20
126.6273033257782
 30
0.0
 11
175.9875476096202
 21
127.2923033257782
 31
0.0
  0
LINE
  5
294
330
1F
100
AcDbEntity
  8
CENTERMARKS
  6
CENTER
100
AcDbLine
 10
175.3225476096202
 20
126.9598033257782
 30
0.0
 11
174.3725476096202
 21
126.9598033257782
 31
0.0
  0
LINE
  5
295
330
1F
100
AcDbEntity
  8
CENTERMARKS
  6
CENTER
100
AcDbLine
 10
176.6525476096202
 20
126.9598033257782
 30
0.0
 11
177.6025476096202
 21
126.9598033257782
 31
0.0
  0
LINE
  5
296
330
1F
100
AcDbEntity
  8
CENTERMARKS
  6
CENTER
100
AcDbLine
 10
175.9875476096202
 20
127.6248033257782
 30
0.0
 11
175.9875476096202
 21
128.5748033257782
 31
0.0
  0
LINE
  5
297
330
1F
100
AcDbEntity
  8
CENTERMARKS
  6
CENTER
100
AcDbLine
 10
175.9875476096202
 20
126.2948033257782
 30
0.0
 11
175.9875476096202
 21
125.3448033257782
 31
0.0
  0
LINE
  5
29C
330
1F
100
AcDbEntity
  8
CENTERMARKS
  6
CONTINUOUS
100
AcDbLine
 10
182.8125476096202
 20
123.1598033257782
 30
0.0
 11
184.0625476096202
 21
123.1598033257782
 31
0.0
  0
LINE
  5
29D
330
1F
100
AcDbEntity
  8
CENTERMARKS
  6
CONTINUOUS
100
AcDbLine
 10
183.4375476096202
 20
122.5348033257782
 30
0.0
 11
183.4375476096202
 21
123.7848033257782
 31
0.0
  0
LINE
  5
29E
330
1F
100
AcDbEntity
  8
CENTERMARKS
  6
CENTER
100
AcDbLine
 10
182.1875476096202
 20
123.1598033257782
 30
0.0
 11
177.9375476096202
 21
123.1598033257782
 31
0.0
  0
LINE
  5
29F
330
1F
100
AcDbEntity
  8
CENTERMARKS
  6
CENTER
100
AcDbLine
 10
184.6875476096202
 20
123.1598033257782
 30
0.0
 11
188.9375476096202
 21
123.1598033257782
 31
0.0
  0
LINE
  5
2A0
330
1F
100
AcDbEntity
  8
CENTERMARKS
  6
CENTER
100
AcDbLine
 10
183.4375476096202
 20
124.4098033257782
 30
0.0
 11
183.4375476096202
 21
128.6598033257782
 31
0.0
  0
LINE
  5
2A1
330
1F
100
AcDbEntity
  8
CENTERMARKS
  6
CENTER
100
AcDbLine
 10
183.4375476096202
 20
121.9098033257782
 30
0.0
 11
183.4375476096202
 21
117.6598033257782
 31
0.0
  0
LINE
  5
2A6
330
1F
100
AcDbEntity
  8
CENTERMARKS
  6
CONTINUOUS
100
AcDbLine
 10
205.7125476096202
 20
123.1598033257782
 30
0.0
 11
206.9625476096202
 21
123.1598033257782
 31
0.0
  0
LINE
  5
2A7
330
1F
100
AcDbEntity
  8
CENTERMARKS
  6
CONTINUOUS
100
AcDbLine
 10
206.3375476096202
 20
122.5348033257782
 30
0.0
 11
206.3375476096202
 21
123.7848033257782
 31
0.0
  0
LINE
  5
2A8
330
1F
100
AcDbEntity
  8
CENTERMARKS
  6
CENTER
100
AcDbLine
 10
205.0875476096202
 20
123.1598033257782
 30
0.0
 11
200.8375476096202
 21
123.1598033257782
 31
0.0
  0
LINE
  5
2A9
330
1F
100
AcDbEntity
  8
CENTERMARKS
  6
CENTER
100
AcDbLine
 10
207.5875476096202
 20
123.1598033257782
 30
0.0
 11
211.8375476096202
 21
123.1598033257782
 31
0.0
  0
LINE
  5
2AA
330
1F
100
AcDbEntity
  8
CENTERMARKS
  6
CENTER
100
AcDbLine
 10
206.3375476096202
 20
124.4098033257782
 30
0.0
 11
206.3375476096202
 21
128.6598033257782
 31
0.0
  0
LINE
  5
2AB
330
1F
100
AcDbEntity
  8
CENTERMARKS
  6
CENTER
100
AcDbLine
 10
206.3375476096202
 20
121.9098033257782
 30
0.0
 11
206.3375476096202
 21
117.6598033257782
 31
0.0
  0
LINE
  5
2B0
330
1F
100
AcDbEntity
  8
CENTERMARKS
  6
CONTINUOUS
100
AcDbLine
 10
215.4600476096202
 20
140.3098033257782
 30
0.0
 11
216.7100476096202
 21
140.3098033257782
 31
0.0
  0
LINE
  5
2B1
330
1F
100
AcDbEntity
  8
CENTERMARKS
  6
CONTINUOUS
100
AcDbLine
 10
216.0850476096202
 20
139.6848033257782
 30
0.0
 11
216.0850476096202
 21
140.9348033257782
 31
0.0
  0
LINE
  5
2B2
330
1F
100
AcDbEntity
  8
CENTERMARKS
  6
CENTER
100
AcDbLine
 10
214.8350476096202
 20
140.3098033257782
 30
0.0
 11
213.5600476096202
 21
140.3098033257782
 31
0.0
  0
LINE
  5
2B3
330
1F
100
AcDbEntity
  8
CENTERMARKS
  6
CENTER
100
AcDbLine
 10
217.3350476096202
 20
140.3098033257782
 30
0.0
 11
218.6100476096202
 21
140.3098033257782
 31
0.0
  0
LINE
  5
2B4
330
1F
100
AcDbEntity
  8
CENTERMARKS
  6
CENTER
100
AcDbLine
 10
216.0850476096202
 20
141.5598033257782
 30
0.0
 11
216.0850476096202
 21
142.8348033257782
 31
0.0
  0
LINE
  5
2B5
330
1F
100
AcDbEntity
  8
CENTERMARKS
  6
CENTER
100
AcDbLine
 10
216.0850476096202
 20
139.0598033257782
 30
0.0
 11
216.0850476096202
 21
137.7848033257782
 31
0.0
  0
LINE
  5
2BA
330
1F
100
AcDbEntity
  8
CENTERMARKS
  6
CONTINUOUS
100
AcDbLine
 10
192.0965476096202
 20
115.8160533257757
 30
0.0
 11
192.2365476096202
 21
115.8160533257757
 31
0.0
  0
LINE
  5
2BB
330
1F
100
AcDbEntity
  8
CENTERMARKS
  6
CONTINUOUS
100
AcDbLine
 10
192.1665476096202
 20
115.7460533257757
 30
0.0
 11
192.1665476096202
 21
115.8860533257757
 31
0.0
  0
LINE
  5
2BC
330
1F
100
AcDbEntity
  8
CENTERMARKS
  6
CENTER
100
AcDbLine
 10
192.0265476096202
 20
115.8160533257757
 30
0.0
 11
191.8265476096202
 21
115.8160533257757
 31
0.0
  0
LINE
  5
2BD
330
1F
100
AcDbEntity
  8
CENTERMARKS
  6
CENTER
100
AcDbLine
 10
192.3065476096202
 20
115.8160533257757
 30
0.0
 11
192.5065476096202
 21
115.8160533257757
 31
0.0
  0
LINE
  5
2BE
330
1F
100
AcDbEntity
  8
CENTERMARKS
  6
CENTER
100
AcDbLine
 10
192.1665476096202
 20
115.9560533257757
 30
0.0
 11
192.1665476096202
 21
116.1560533257757
 31
0.0
  0
LINE
  5
2BF
330
1F
100
AcDbEntity
  8
CENTERMARKS
  6
CENTER
100
AcDbLine
 10
192.1665476096202
 20
115.6760533257757
 30
0.0
 11
192.1665476096202
 21
115.4760533257757
 31
0.0
  0
LINE
  5
2C4
330
1F
100
AcDbEntity
  8
CENTERMARKS
  6
CONTINUOUS
100
AcDbLine
 10
197.9385476096202
 20
115.8160533257757
 30
0.0
 11
198.0785476096202
 21
115.8160533257757
 31
0.0
  0
LINE
  5
2C5
330
1F
100
AcDbEntity
  8
CENTERMARKS
  6
CONTINUOUS
100
AcDbLine
 10
198.0085476096202
 20
115.7460533257757
 30
0.0
 11
198.0085476096202
 21
115.8860533257757
 31
0.0
  0
LINE
  5
2C6
330
1F
100
AcDbEntity
  8
CENTERMARKS
  6
CENTER
100
AcDbLine
 10
197.8685476096202
 20
115.8160533257757
 30
0.0
 11
197.6685476096202
 21
115.8160533257757
 31
0.0
  0
LINE
  5
2C7
330
1F
100
AcDbEntity
  8
CENTERMARKS
  6
CENTER
100
AcDbLine
 10
198.1485476096202
 20
115.8160533257757
 30
0.0
 11
198.3485476096202
 21
115.8160533257757
 31
0.0
  0
LINE
  5
2C8
330
1F
100
AcDbEntity
  8
CENTERMARKS
  6
CENTER
100
AcDbLine
 10
198.0085476096202
 20
115.9560533257757
 30
0.0
 11
198.0085476096202
 21
116.1560533257757
 31
0.0
  0
LINE
  5
2C9
330
1F
100
AcDbEntity
  8
CENTERMARKS
  6
CENTER
100
AcDbLine
 10
198.0085476096202
 20
115.6760533257757
 30
0.0
 11
198.0085476096202
 21
115.4760533257757
 31
0.0
  0
LINE
  5
2CE
330
1F
100
AcDbEntity
  8
CENTERMARKS
  6
CONTINUOUS
100
AcDbLine
 10
220.2125476096202
 20
140.2598033257782
 30
0.0
 11
221.4625476096202
 21
140.2598033257782
 31
0.0
  0
LINE
  5
2CF
330
1F
100
AcDbEntity
  8
CENTERMARKS
  6
CONTINUOUS
100
AcDbLine
 10
220.8375476096202
 20
139.6348033257782
 30
0.0
 11
220.8375476096202
 21
140.8848033257782
 31
0.0
  0
LINE
  5
2D0
330
1F
100
AcDbEntity
  8
CENTERMARKS
  6
CENTER
100
AcDbLine
 10
219.5875476096202
 20
140.2598033257782
 30
0.0
 11
218.0375476096202
 21
140.2598033257782
 31
0.0
  0
LINE
  5
2D1
330
1F
100
AcDbEntity
  8
CENTERMARKS
  6
CENTER
100
AcDbLine
 10
222.0875476096202
 20
140.2598033257782
 30
0.0
 11
223.6375476096202
 21
140.2598033257782
 31
0.0
  0
LINE
  5
2D2
330
1F
100
AcDbEntity
  8
CENTERMARKS
  6
CENTER
100
AcDbLine
 10
220.8375476096202
 20
141.5098033257782
 30
0.0
 11
220.8375476096202
 21
143.0598033257782
 31
0.0
  0
LINE
  5
2D3
330
1F
100
AcDbEntity
  8
CENTERMARKS
  6
CENTER
100
AcDbLine
 10
220.8375476096202
 20
139.0098033257782
 30
0.0
 11
220.8375476096202
 21
137.4598033257782
 31
0.0
  0
MTEXT
  5
2D4
102
{ACAD_XDICTIONARY
360
2D5
102
}
330
1F
100
AcDbEntity
  8
ANNOTATION_TEXT
 62
     7
100
AcDbMText
 10
200.0875476096202
 20
171.9929383780205
 30
0.0
 40
3.5
 41
0.0
 71
     2
 72
     1
  1
 1:2
  7
ONSHAPE-STANDARD-VIEW-LABE
1001
ACAD
1000
ACAD_MTEXT_DEFINED_HEIGHT_BEGIN
1070
    46
1040
3.5
1000
ACAD_MTEXT_DEFINED_HEIGHT_END
  0
LINE
  5
2E0
330
1F
100
AcDbEntity
  8
SECTION_CUTTING_LINE
 62
     7
100
AcDbLine
 10
175.9875476096202
 20
104.5598033257782
 30
0.0
 11
175.9875476096202
 21
155.5598033257782
 31
0.0
  0
SOLID
  5
2E1
330
1F
100
AcDbEntity
  8
SECTION_CUTTING_LINE
 62
     7
100
AcDbTrace
 10
175.9875476096202
 20
104.5598033257782
 30
0.0
 11
178.4875476096202
 21
104.1431366591115
 31
0.0
 12
178.4875476096202
 22
104.9764699924448
 32
0.0
 13
178.4875476096202
 23
104.9764699924448
 33
0.0
  0
SOLID
  5
2E2
330
1F
100
AcDbEntity
  8
SECTION_CUTTING_LINE
 62
     7
100
AcDbTrace
 10
178.4875476096202
 20
104.4556366591115
 30
0.0
 11
180.9875476096202
 21
104.4556366591115
 31
0.0
 12
178.4875476096202
 22
104.6639699924448
 32
0.0
 13
180.9875476096202
 23
104.6639699924448
 33
0.0
  0
SOLID
  5
2E3
330
1F
100
AcDbEntity
  8
SECTION_CUTTING_LINE
 62
     7
100
AcDbTrace
 10
175.9875476096202
 20
155.5598033257782
 30
0.0
 11
178.4875476096202
 21
155.1431366591115
 31
0.0
 12
178.4875476096202
 22
155.9764699924448
 32
0.0
 13
178.4875476096202
 23
155.9764699924448
 33
0.0
  0
SOLID
  5
2E4
330
1F
100
AcDbEntity
  8
SECTION_CUTTING_LINE
 62
     7
100
AcDbTrace
 10
178.4875476096202
 20
155.4556366591115
 30
0.0
 11
180.9875476096202
 21
155.4556366591115
 31
0.0
 12
178.4875476096202
 22
155.6639699924448
 32
0.0
 13
180.9875476096202
 23
155.6639699924448
 33
0.0
  0
MTEXT
  5
2E5
330
1F
100
AcDbEntity
  8
SECTION_CUTTING_LINE
 62
     7
100
AcDbMText
 10
181.8208809429536
 20
106.3098033257782
 30
0.0
 40
3.5
 41
3.12091280653951
 71
     1
 72
     1
  1
\fNoto Sans|b0|i0|c0|p0;\W1.0000000000;\T1.0000000000;\o\lA
  7
ONSHAPE-STANDARD
  0
MTEXT
  5
2E6
330
1F
100
AcDbEntity
  8
SECTION_CUTTING_LINE
 62
     7
100
AcDbMText
 10
181.8208809429536
 20
157.3098033257782
 30
0.0
 40
3.5
 41
3.12091280653951
 71
     1
 72
     1
  1
\fNoto Sans|b0|i0|c0|p0;\W1.0000000000;\T1.0000000000;\o\lA
  7
ONSHAPE-STANDARD
  0
MTEXT
  5
2E7
102
{ACAD_XDICTIONARY
360
2E8
102
}
330
1F
100
AcDbEntity
  8
ANNOTATION_TEXT
 62
     7
100
AcDbMText
 10
96.5676210369146
 20
163.3294213204469
 30
0.0
 40
3.5
 41
0.0
 71
     2
 72
     1
  1
 A - A ^J 1:2
  7
ONSHAPE-STANDARD-VIEW-LABE
1001
ACAD
1000
ACAD_MTEXT_DEFINED_HEIGHT_BEGIN
1070
    46
1040
3.5
1000
ACAD_MTEXT_DEFINED_HEIGHT_END
  0
MTEXT
  5
2EE
102
{ACAD_XDICTIONARY
360
2EF
102
}
330
1F
100
AcDbEntity
  8
ANNOTATION_TEXT
 62
     7
 60
     1
100
AcDbMText
 10
55.30492115425539
 20
8.573533942010236
 30
0.0
 40
3.5
 41
0.0
 71
     2
 72
     1
  1

  7
ONSHAPE-STANDARD-VIEW-LABE
1001
ACAD
1000
ACAD_MTEXT_DEFINED_HEIGHT_BEGIN
1070
    46
1040
3.5
1000
ACAD_MTEXT_DEFINED_HEIGHT_END
  0
DIMENSION
  5
2FB
102
{ACAD_REACTORS
330
31F
330
33F
102
}
102
{ACAD_XDICTIONARY
360
2FC
102
}
330
1F
100
AcDbEntity
  8
ANNOTATION_TEXT
100
AcDbDimension
  2
*D1
 10
97.0653045683127
 20
95.63296449616287
 30
0.0
 11
85.53601301517918
 21
95.63296449616287
 31
0.0
 70
   160
  3
ONSHAPE-ISO-25$0
100
AcDbAlignedDimension
 13
94.3153045683127
 23
110.5598033257782
 33
-24.10000000000002
 14
97.0653045683127
 24
112.3613673546446
 34
-24.10000000000002
100
AcDbRotatedDimension
1001
ACAD
1000
DSTYLE
1002
{
1070
    40
1040
1.0
1070
     4
1000
[]
1070
   144
1040
2.0
1070
     3
1000

1070
   288
1070
     1
1002
}
1001
ACAD_DIMASSOC_CALC_DIMLFAC
1040
-2.0
1001
ACAD_DIMASSOC_DIMLFAC
1040
-2.0
1001
ACAD_DIMASSOC_OVERRIDDEN_D
1040
0.0
  0
DIMENSION
  5
31A
102
{ACAD_REACTORS
330
33F
102
}
102
{ACAD_XDICTIONARY
360
31B
102
}
330
1F
100
AcDbEntity
  8
ANNOTATION_TEXT
100
AcDbDimension
  2
*D2
 10
101.0653045683127
 20
84.76040053889945
 30
0.0
 11
86.70324734760425
 21
84.76040053889945
 31
0.0
 70
   160
  3
ONSHAPE-ISO-25$0
100
AcDbAlignedDimension
 13
94.3153045683127
 23
110.5598033257782
 33
-24.10000000000002
 14
101.0653045683127
 24
112.0598033257782
 34
-24.10000000000002
100
AcDbRotatedDimension
1001
ACAD
1000
DSTYLE
1002
{
1070
    40
1040
1.0
1070
     4
1000
[]
1070
   144
1040
2.0
1070
     3
1000

1070
   288
1070
     1
1002
}
1001
ACAD_DIMASSOC_CALC_DIMLFAC
1040
-2.0
1001
ACAD_DIMASSOC_DIMLFAC
1040
-2.0
1001
ACAD_DIMASSOC_OVERRIDDEN_D
1040
0.0
  0
DIMENSION
  5
33A
102
{ACAD_REACTORS
102
}
102
{ACAD_XDICTIONARY
360
33B
102
}
330
1F
100
AcDbEntity
  8
ANNOTATION_TEXT
100
AcDbDimension
  2
*D3
 10
95.2153045683127
 20
104.3323510097019
 30
0.0
 11
85.58250484079227
 21
104.3323510097019
 31
0.0
 70
   160
  3
ONSHAPE-ISO-25$0
100
AcDbAlignedDimension
 13
94.3153045683127
 23
110.5598033257782
 33
-24.10000000000002
 14
95.2153045683127
 24
111.3098033257767
 34
-24.10000000000002
100
AcDbRotatedDimension
1001
ACAD
1000
DSTYLE
1002
{
1070
    40
1040
1.0
1070
     4
1000
[]
1070
   144
1040
2.0
1070
     3
1000

1070
   288
1070
     1
1002
}
1001
ACAD_DIMASSOC_CALC_DIMLFAC
1040
-2.0
1001
ACAD_DIMASSOC_DIMLFAC
1040
-2.0
1001
ACAD_DIMASSOC_OVERRIDDEN_D
1040
0.0
  0
DIMENSION
  5
359
102
{ACAD_REACTORS
102
}
102
{ACAD_XDICTIONARY
360
35A
102
}
330
1F
100
AcDbEntity
  8
ANNOTATION_TEXT
100
AcDbDimension
  2
*D4
 10
176.7154507840561
 20
113.3465294653586
 30
1.824999999999999
 11
154.8186249900333
 21
108.0904643354694
 31
0.0
 70
   163
  3
ONSHAPE-ISO-25$3
100
AcDbDiametricDimension
 15
175.1596444351844
 25
112.9730771861978
 35
1.824999999999999
 40
0.0
1001
ACAD
1000
DSTYLE
1002
{
1070
   287
1070
     3
1070
    40
1040
1.0
1070
     4
1000
[]
1070
   144
1040
2.0
1070
   289
1070
     3
1070
   279
1070
     0
1070
   172
1070
     1
1070
     3
1000
%%c<> TYP
1002
}
1001
ACAD_DSTYLE_DIMRADIAL_EXTE
1070
   387
1070
     1
1070
   388
1040
0.0
1070
   390
1040
6.283185307179586
1001
ACAD_DIMASSOC_CALC_DIMLFAC
1040
-2.0
1001
ACAD_DIMASSOC_DIMLFAC
1040
-2.0
1001
ACAD_DIMASSOC_OVERRIDDEN_D
1040
0.0
  0
MTEXT
  5
37B
330
1F
100
AcDbEntity
  8
SKETCHED_GEOMETRY
 62
     7
100
AcDbMText
 10
102.8591370081265
 20
129.0381477745042
 30
0.0
 40
3.5
 41
3.173365122615804
 71
     1
 72
     1
  1
\fNoto Sans|b0|i0|c0|p0;\W1.0000000000;\T1.0000000000;\o\lB
  7
ONSHAPE-STANDARD
  0
ARC
  5
37C
330
1F
100
AcDbEntity
  8
DETAIL_VIEW_PARENT_BORDER
  6
ONS_PHANTOM
 62
     7
100
AcDbCircle
 10
95.36530456831268
 20
126.9598033257782
 30
0.0
 40
8.718341830689235
100
AcDbArc
 50
36.10559481331558
 51
328.321128982626
  0
SOLID
  5
37D
330
1F
100
AcDbEntity
  8
DETAIL_VIEW_PARENT_BORDER
 62
     7
100
AcDbTrace
 10
103.5746006030183
 20
129.8952663031145
 30
0.0
 11
102.7733994429071
 21
132.2997803521788
 31
0.0
 12
102.0368652194328
 22
131.909957594896
 32
0.0
 13
102.0368652194328
 23
131.909957594896
 33
0.0
  0
SOLID
  5
37E
330
1F
100
AcDbEntity
  8
DETAIL_VIEW_PARENT_BORDER
 62
     7
100
AcDbTrace
 10
103.7766820891401
 20
124.6667240687821
 30
0.0
 11
102.3990360448101
 21
122.5393542166753
 31
0.0
 12
103.1634611884301
 22
122.2075430591686
 32
0.0
 13
103.1634611884301
 23
122.2075430591686
 33
0.0
  0
MTEXT
  5
37F
102
{ACAD_XDICTIONARY
360
380
102
}
330
1F
100
AcDbEntity
  8
ANNOTATION_TEXT
 62
     7
100
AcDbMText
 10
267.4768625369334
 20
62.18848994338954
 30
0.0
 40
3.5
 41
0.0
 71
     2
 72
     1
  1
 B 
  7
ONSHAPE-STANDARD-VIEW-LABE
1001
ACAD
1000
ACAD_MTEXT_DEFINED_HEIGHT_BEGIN
1070
    46
1040
3.5
1000
ACAD_MTEXT_DEFINED_HEIGHT_END
  0
DIMENSION
  5
387
102
{ACAD_REACTORS
102
}
102
{ACAD_XDICTIONARY
360
388
102
}
330
1F
100
AcDbEntity
  8
ANNOTATION_TEXT
100
AcDbDimension
  2
*D5
 10
262.4122059219492
 20
84.71884197090588
 30
0.0
 11
262.4122059219492
 21
93.83270436872607
 31
0.0
 70
   160
  3
ONSHAPE-ISO-25$0
100
AcDbAlignedDimension
 13
267.1768625369334
 23
85.01884197090588
 33
1.599999999999959
 14
267.4768625369334
 24
84.71884197090588
 34
1.599999999999959
 50
90.0
100
AcDbRotatedDimension
1001
ACAD
1000
DSTYLE
1002
{
1070
    40
1040
1.0
1070
     4
1000
[]
1070
   144
1040
1.0
1070
     3
1000

1070
   288
1070
     1
1002
}
1001
ACAD_DIMASSOC_CALC_DIMLFAC
1040
-1.0
1001
ACAD_DIMASSOC_DIMLFAC
1040
-1.0
1001
ACAD_DIMASSOC_OVERRIDDEN_D
1040
0.0
  0
DIMENSION
  5
3A6
102
{ACAD_REACTORS
102
}
102
{ACAD_XDICTIONARY
360
3A7
102
}
330
1F
100
AcDbEntity
  8
ANNOTATION_TEXT
100
AcDbDimension
  2
*D6
 10
267.4768625369334
 20
73.17287050130764
 30
0.0
 11
258.3630001391132
 21
73.17287050130764
 31
0.0
 70
   160
  3
ONSHAPE-ISO-25$0
100
AcDbAlignedDimension
 13
267.1768625369334
 23
81.21884197090588
 33
1.599999999999959
 14
267.4768625369334
 24
81.51884197090588
 34
1.599999999999959
100
AcDbRotatedDimension
1001
ACAD
1000
DSTYLE
1002
{
1070
    40
1040
1.0
1070
     4
1000
[]
1070
   144
1040
1.0
1070
     3
1000

1070
   288
1070
     1
1002
}
1001
ACAD_DIMASSOC_CALC_DIMLFAC
1040
-1.0
1001
ACAD_DIMASSOC_DIMLFAC
1040
-1.0
1001
ACAD_DIMASSOC_OVERRIDDEN_D
1040
0.0
  0
ENDSEC
  0
SECTION
  2
OBJECTS
  0
DICTIONARY
  5
C
330
0
100
AcDbDictionary
  3
ACAD_FIELDLIST
350
26F
  3
ACAD_GROUP
350
D
  3
ACAD_LAYOUT
350
1A
  3
ACAD_MATERIAL
350
43
  3
ACAD_MLEADERSTYLE
350
6B
  3
ACAD_MLINESTYLE
350
17
  3
ACAD_PLOTSETTINGS
350
19
  3
ACAD_SCALELIST
350
47
  3
ACAD_VISUALSTYLE
350
2A
  3
ACDB_RECOMPOSE_DATA
350
457
  3
ACDBHEADERROUNDTRIPXREC
350
422
  3
ACDBVARIABLEDICTIONARY
350
6E
  3
DWGPROPS
350
449
  3
ONSHAPE_DATA
350
2F1
  0
DICTIONARY
  5
44C
330
8
100
AcDbDictionary
280
     1
  3
ACAD_XREC_ROUNDTRIP
360
44D
  0
DICTIONARY
  5
208
330
207
100
AcDbDictionary
280
     1
  0
DICTIONARY
  5
20F
330
20E
100
AcDbDictionary
280
     1
  0
DICTIONARY
  5
219
330
218
100
AcDbDictionary
280
     1
  0
DICTIONARY
  5
21F
330
21E
100
AcDbDictionary
280
     1
  0
DICTIONARY
  5
239
330
238
100
AcDbDictionary
280
     1
  0
DICTIONARY
  5
23F
330
23E
100
AcDbDictionary
280
     1
  3
ACAD_MTEXT_RT
360
44A
  0
DICTIONARY
  5
243
330
242
100
AcDbDictionary
280
     1
  0
DICTIONARY
  5
24A
330
249
100
AcDbDictionary
280
     1
  0
DICTIONARY
  5
251
330
250
100
AcDbDictionary
280
     1
  0
DICTIONARY
  5
258
330
257
100
AcDbDictionary
280
     1
  0
DICTIONARY
  5
25F
330
25E
100
AcDbDictionary
280
     1
  3
ACAD_MTEXT_RT
360
44B
  0
DICTIONARY
  5
264
330
263
100
AcDbDictionary
280
     1
  0
DICTIONARY
  5
26A
330
269
100
AcDbDictionary
280
     1
  3
ONSHAPE_VIEW_ID
360
26B
  0
DICTIONARY
  5
2D5
330
2D4
100
AcDbDictionary
280
     1
  3
ONSHAPE_VIEW_ID
360
2D6
  0
DICTIONARY
  5
2E8
330
2E7
100
AcDbDictionary
280
     1
  3
ONSHAPE_VIEW_ID
360
2E9
  0
DICTIONARY
  5
2EF
330
2EE
100
AcDbDictionary
280
     1
  3
ONSHAPE_VIEW_ID
360
2F0
  0
DICTIONARY
  5
2FC
330
2FB
100
AcDbDictionary
280
     1
  3
ACAD_BREAKDATA
360
300
  3
OS_DIM_DISPLAY_FLAG_DATA
360
2FD
  0
DICTIONARY
  5
31B
330
31A
100
AcDbDictionary
280
     1
  3
ACAD_BREAKDATA
360
31F
  3
OS_DIM_DISPLAY_FLAG_DATA
360
31C
  0
DICTIONARY
  5
33B
330
33A
100
AcDbDictionary
280
     1
  3
ACAD_BREAKDATA
360
33F
  3
OS_DIM_DISPLAY_FLAG_DATA
360
33C
  0
DICTIONARY
  5
35A
330
359
100
AcDbDictionary
280
     1
  3
ACAD_BREAKDATA
360
35D
  3
OS_DIM_DISPLAY_FLAG_DATA
360
35B
  3
OS_DIM_X_DATA
360
35E
  0
DICTIONARY
  5
380
330
37F
100
AcDbDictionary
280
     1
  3
ONSHAPE_VIEW_ID
360
381
  0
DICTIONARY
  5
388
330
387
100
AcDbDictionary
280
     1
  3
ACAD_BREAKDATA
360
38C
  3
OS_DIM_DISPLAY_FLAG_DATA
360
389
  0
DICTIONARY
  5
3A7
330
3A6
100
AcDbDictionary
280
     1
  3
ACAD_BREAKDATA
360
3AB
  3
OS_DIM_DISPLAY_FLAG_DATA
360
3A8
  0
ACAD_PROXY_OBJECT
  5
26F
102
{ACAD_REACTORS
330
C
102
}
330
C
100
AcDbProxyObject
 90
      499
 91
      509
 93
       11
310
4500
330
20B
330
20C
330
212
330
213
330
21C
330
21D
330
222
330
223
330
23C
330
23D
330
246
330
247
330
24D
330
24E
330
254
330
255
330
25B
330
25C
330
267
330
268
 94
        0
  0
DICTIONARY
  5
D
102
{ACAD_REACTORS
330
C
102
}
330
C
100
AcDbDictionary
  0
DICTIONARY
  5
1A
102
{ACAD_REACTORS
330
C
102
}
330
C
100
AcDbDictionary
  0
DICTIONARY
  5
43
102
{ACAD_REACTORS
330
C
102
}
330
C
100
AcDbDictionary
  3
BYBLOCK
350
45
  3
BYLAYER
350
44
  3
GLOBAL
350
46
  0
DICTIONARY
  5
6B
102
{ACAD_REACTORS
330
C
102
}
330
C
100
AcDbDictionary
  3
STANDARD
350
6C
  0
DICTIONARY
  5
17
102
{ACAD_REACTORS
330
C
102
}
330
C
100
AcDbDictionary
  3
STANDARD
350
18
  0
DICTIONARY
  5
19
102
{ACAD_REACTORS
330
C
102
}
330
C
100
AcDbDictionary
  0
DICTIONARY
  5
47
102
{ACAD_REACTORS
330
C
102
}
330
C
100
AcDbDictionary
  3
A0
350
48
  3
A1
350
49
  3
A2
350
4A
  3
A3
350
4B
  3
A4
350
4C
  3
A5
350
4D
  3
A6
350
4E
  3
A7
350
4F
  3
A8
350
50
  3
A9
350
51
  3
B0
350
52
  3
B1
350
53
  3
B2
350
54
  3
B3
350
55
  3
B4
350
56
  3
B5
350
57
  3
B6
350
58
  3
B7
350
59
  3
B8
350
5A
  3
B9
350
5B
  3
C0
350
5C
  3
C1
350
5D
  3
C2
350
5E
  3
C3
350
5F
  3
C4
350
60
  3
C5
350
61
  3
C6
350
62
  3
C7
350
63
  3
C8
350
64
  3
C9
350
65
  3
D0
350
66
  3
D1
350
67
  3
D2
350
68
  0
DICTIONARY
  5
2A
102
{ACAD_REACTORS
330
C
102
}
330
C
100
AcDbDictionary
  3
2DWIREFRAME
350
2F
  3
BASIC
350
32
  3
BRIGHTEN
350
36
  3
COLORCHANGE
350
3A
  3
CONCEPTUAL
350
34
  3
DIM
350
35
  3
EDGECOLOROFF
350
3D
  3
FACEPATTERN
350
39
  3
FLAT
350
2B
  3
FLATWITHEDGES
350
2C
  3
GOURAUD
350
2D
  3
GOURAUDWITHEDGES
350
2E
  3
HIDDEN
350
31
  3
JITTEROFF
350
3B
  3
LINEPATTERN
350
38
  3
OVERHANGOFF
350
3C
  3
REALISTIC
350
33
  3
SHADED
350
42
  3
SHADED_WITH_EDGES
350
41
  3
SHADES_OF_GRAY
350
3E
  3
SKETCHY
350
3F
  3
THICKEN
350
37
  3
WIREFRAME
350
30
  3
X-RAY
350
40
  0
XRECORD
  5
457
102
{ACAD_REACTORS
330
C
102
}
330
C
100
AcDbXrecord
 90
        1
330
23E
330
25E
  0
DICTIONARY
  5
422
102
{ACAD_REACTORS
330
C
102
}
330
C
100
AcDbDictionary
  3
CEPSNID
350
42C
  3
CEPSNTYPE
350
42B
  3
DIMSTYLEDATA
350
442
  3
FINGERPRINTGUID
350
42D
  3
HYPERLINKBASE
350
425
  3
INSUNITS
350
42A
  3
LAYOUTDICT
350
427
  3
LWETCUNION
350
429
  3
PLOTSETDICT
350
428
  3
PSVPSCALE
350
42F
  3
PUCSBASE
350
432
  3
PUCSORGBACK
350
438
  3
PUCSORGBOTTOM
350
434
  3
PUCSORGFRONT
350
437
  3
PUCSORGLEFT
350
435
  3
PUCSORGRIGHT
350
436
  3
PUCSORGTOP
350
433
  3
PUCSORTHOREF
350
430
  3
PUCSORTHOVIEW
350
431
  3
STYLESHEET
350
426
  3
TSTACKALIGN
350
423
  3
TSTACKSIZE
350
424
  3
UCSBASE
350
43B
  3
UCSORGBACK
350
441
  3
UCSORGBOTTOM
350
43D
  3
UCSORGFRONT
350
440
  3
UCSORGLEFT
350
43E
  3
UCSORGRIGHT
350
43F
  3
UCSORGTOP
350
43C
  3
UCSORTHOREF
350
439
  3
UCSORTHOVIEW
350
43A
  3
VERSIONGUID
350
42E
  0
DICTIONARY
  5
6E
102
{ACAD_REACTORS
330
C
102
}
330
C
100
AcDbDictionary
  3
CANNOSCALE
350
44E
  3
CMLEADERSTYLE
350
444
  3
CTABLESTYLE
350
443
  3
DIMASSOC
350
447
  3
HIDETEXT
350
448
  3
MSLTSCALE
350
44F
  3
OLEFRAME
350
6F
  0
XRECORD
  5
449
102
{ACAD_REACTORS
330
C
102
}
330
C
100
AcDbXrecord
  1
DWGPROPS COOKIE
  2

  3

  4

  6

  7

  8
nobody
  9

300
=
301
=
302
=
303
=
304
=
305
=
306
=
307
=
308
=
309
=
 40
0.0
 41
2461223.865487685
 42
2461223.865488854
  1

 90
        0
  0
DICTIONARY
  5
2F1
102
{ACAD_REACTORS
330
C
102
}
330
C
100
AcDbDictionary
280
     1
  3
DIM_UNITS
360
2F4
  3
ONSHAPE_ALT_DIM_POSTION
360
2F6
  3
ONSHAPE_ALT_DIM_UNIT
360
2F5
  3
ONSHAPE_ALT_DIM_UNIT_ENABLE
360
2F7
  3
ONSHAPE_ANG_TOL_PRECISION
360
2F8
  3
ONSHAPE_BREAK_DIMENSION_DEFAULT
360
386
  3
ONSHAPE_DIMENSION_FIT_STANDARD
360
2F3
  3
ONSHAPE_DIMENSION_TEXT_HOR
360
2F2
  3
ONSHAPE_FITCLASS_TOL_PRECISION
360
2F9
  3
ONSHAPE_JOGDIMENSION_LOCK_
360
2FA
  3
ONSHAPE_SHOWDIMENSIONSLINE
360
3C8
  3
ONSHAPE_UNDERLINEOVERRIDEN
360
3C7
  3
ONSHAPE_VSHARP_EXTENSION
360
3C6
  3
ONSHAPE_WELD_STANDARD
360
3C5
  0
XRECORD
  5
44D
102
{ACAD_REACTORS
330
44C
102
}
330
44C
100
AcDbXrecord
102
VTR_0.000_0.000_1.000_1.000_VISUALSTYLE
340
2F
102
VTR_0.000_0.000_1.000_1.000_GRIDDISPLAY
 70
     3
102
VTR_0.000_0.000_1.000_1.000_GRIDMAJOR
 70
     5
102
VTR_0.000_0.000_1.000_1.000_DEFAULTLIGHTING
280
     1
102
VTR_0.000_0.000_1.000_1.000_DEFAULTLIGHTINGTYPE
 70
     1
102
VTR_0.000_0.000_1.000_1.000_BRIGHTNESS
141
0.0
102
VTR_0.000_0.000_1.000_1.000_CONTRAST
142
0.0
  0
XRECORD
  5
44A
102
{ACAD_REACTORS
330
23F
102
}
330
23F
100
AcDbXrecord
 40
20063.0
  1
{\pxqc;PROTOMIDI ENCLOSURE TOP}
  0
XRECORD
  5
44B
102
{ACAD_REACTORS
330
25F
102
}
330
25F
100
AcDbXrecord
 40
315.0
  1
{\pxqc;1:2}
  0
XRECORD
  5
26B
102
{ACAD_REACTORS
330
26A
102
}
330
26A
100
AcDbXrecord
330
0
  0
XRECORD
  5
2D6
102
{ACAD_REACTORS
330
2D5
102
}
330
2D5
100
AcDbXrecord
330
0
  0
XRECORD
  5
2E9
102
{ACAD_REACTORS
330
2E8
102
}
330
2E8
100
AcDbXrecord
330
0
  0
XRECORD
  5
2F0
102
{ACAD_REACTORS
330
2EF
102
}
330
2EF
100
AcDbXrecord
330
0
  0
BREAKDATA
  5
300
102
{ACAD_REACTORS
330
2FC
102
}
330
2FC
100
AcDbBreakData
 70
     0
330
2FB
 90
        1
100
AcDbBreakPointRef
 71
     0
 72
     0
 91
       -1
 10
0.0
 20
0.0
 30
0.0
 11
0.0
 21
0.0
 31
0.0
331
0
 73
     2
 92
        0
  0
XRECORD
  5
2FD
102
{ACAD_REACTORS
330
2FC
102
}
330
2FC
100
AcDbXrecord
 90
        1
 90
        0
  0
BREAKDATA
  5
31F
102
{ACAD_REACTORS
330
31B
102
}
330
31B
100
AcDbBreakData
 70
     0
330
31A
 90
        2
100
AcDbBreakPointRef
 71
     0
 72
     0
 91
       -1
 10
0.0
 20
0.0
 30
0.0
 11
0.0
 21
0.0
 31
0.0
331
2FB
 73
     5
 92
        0
100
AcDbBreakPointRef
 71
     0
 72
     0
 91
       -1
 10
0.0
 20
0.0
 30
0.0
 11
0.0
 21
0.0
 31
0.0
331
0
 73
     2
 92
        0
  0
XRECORD
  5
31C
102
{ACAD_REACTORS
330
31B
102
}
330
31B
100
AcDbXrecord
 90
        1
 90
        0
  0
BREAKDATA
  5
33F
102
{ACAD_REACTORS
330
33B
102
}
330
33B
100
AcDbBreakData
 70
     0
330
33A
 90
        6
100
AcDbBreakPointRef
 71
     0
 72
     0
 91
       -1
 10
0.0
 20
0.0
 30
0.0
 11
0.0
 21
0.0
 31
0.0
331
2FB
 73
     5
 92
        0
100
AcDbBreakPointRef
 71
     0
 72
     0
 91
       -1
 10
0.0
 20
0.0
 30
0.0
 11
0.0
 21
0.0
 31
0.0
331
31A
 73
     5
 92
        0
100
AcDbBreakPointRef
 71
     0
 72
     0
 91
       -1
 10
0.0
 20
0.0
 30
0.0
 11
0.0
 21
0.0
 31
0.0
331
0
 73
     2
 92
        0
100
AcDbBreakPointRef
 71
     0
 72
     0
 91
       -1
 10
0.0
 20
0.0
 30
0.0
 11
0.0
 21
0.0
 31
0.0
331
0
 73
     2
 92
        0
100
AcDbBreakPointRef
 71
     0
 72
     0
 91
       -1
 10
0.0
 20
0.0
 30
0.0
 11
0.0
 21
0.0
 31
0.0
331
0
 73
     2
 92
        0
100
AcDbBreakPointRef
 71
     0
 72
     0
 91
       -1
 10
0.0
 20
0.0
 30
0.0
 11
0.0
 21
0.0
 31
0.0
331
0
 73
     2
 92
        0
  0
XRECORD
  5
33C
102
{ACAD_REACTORS
330
33B
102
}
330
33B
100
AcDbXrecord
 90
        1
 90
        0
  0
BREAKDATA
  5
35D
102
{ACAD_REACTORS
330
35A
102
}
330
35A
100
AcDbBreakData
 70
     0
330
359
 90
        0
  0
XRECORD
  5
35B
102
{ACAD_REACTORS
330
35A
102
}
330
35A
100
AcDbXrecord
 90
        1
 90
        0
  0
ACAD_PROXY_OBJECT
  5
35E
102
{ACAD_REACTORS
330
35A
102
}
330
35A
100
AcDbProxyObject
 90
      499
 91
      512
 93
      338
310
4A5680008000000B004000078B004000078B004000078B0040C007894958CB004100078815165408804000
  0
XRECORD
  5
381
102
{ACAD_REACTORS
330
380
102
}
330
380
100
AcDbXrecord
330
0
  0
BREAKDATA
  5
38C
102
{ACAD_REACTORS
330
388
102
}
330
388
100
AcDbBreakData
 70
     0
330
387
 90
        0
  0
XRECORD
  5
389
102
{ACAD_REACTORS
330
388
102
}
330
388
100
AcDbXrecord
 90
        1
 90
        0
  0
BREAKDATA
  5
3AB
102
{ACAD_REACTORS
330
3A7
102
}
330
3A7
100
AcDbBreakData
 70
     0
330
3A6
 90
        0
  0
XRECORD
  5
3A8
102
{ACAD_REACTORS
330
3A7
102
}
330
3A7
100
AcDbXrecord
 90
        1
 90
        0
  0
MATERIAL
  5
45
102
{ACAD_REACTORS
330
43
102
}
102
{ACAD_XDICTIONARY
360
452
102
}
330
43
100
AcDbMaterial
  1
BYBLOCK
  0
MATERIAL
  5
44
102
{ACAD_REACTORS
330
43
102
}
102
{ACAD_XDICTIONARY
360
450
102
}
330
43
100
AcDbMaterial
  1
BYLAYER
  0
MATERIAL
  5
46
102
{ACAD_REACTORS
330
43
102
}
102
{ACAD_XDICTIONARY
360
454
102
}
330
43
100
AcDbMaterial
  1
GLOBAL
  0
ACAD_PROXY_OBJECT
  5
6C
102
{ACAD_REACTORS
330
6B
102
}
330
6B
100
AcDbProxyObject
 90
      499
 91
      505
 93
      610
310
40901902A4063FBFFFFFE056BD1B81E855B9FC0AD7A3703D0AD73F4214DD185B99185C9900AD7A3703D0AC73F90140501A02B5E8DC0F42B1CFC02B5E8DC0F42B1CFE5764000000000000300FC0
340
14
340
0
340
11
340
0
 94
        0
1001
ACAD_MLEADERVER
1070
     2
  0
MLINESTYLE
  5
18
102
{ACAD_REACTORS
330
17
102
}
330
17
100
AcDbMlineStyle
  2
Standard
 70
     0
  3

 62
   256
 51
90.0
 52
90.0
 71
     2
 49
0.5
 62
   256
  6
BYLAYER
 49
-0.5
 62
   256
  6
BYLAYER
  0
ACAD_PROXY_OBJECT
  5
48
102
{ACAD_REACTORS
330
47
102
}
330
47
100
AcDbProxyObject
 90
      499
 91
      503
 93
       41
310
903313A31580
  0
ACAD_PROXY_OBJECT
  5
49
102
{ACAD_REACTORS
330
47
102
}
330
47
100
AcDbProxyObject
 90
      499
 91
      503
 93
      105
310
903313A324000000000000004000
  0
ACAD_PROXY_OBJECT
  5
4A
102
{ACAD_REACTORS
330
47
102
}
330
47
100
AcDbProxyObject
 90
      499
 91
      503
 93
      105
310
903313A344000000000000104000
  0
ACAD_PROXY_OBJECT
  5
4B
102
{ACAD_REACTORS
330
47
102
}
330
47
100
AcDbProxyObject
 90
      499
 91
      503
 93
      105
310
903313A354000000000000144000
  0
ACAD_PROXY_OBJECT
  5
4C
102
{ACAD_REACTORS
330
47
102
}
330
47
100
AcDbProxyObject
 90
      499
 91
      503
 93
      105
310
903313A384000000000000204000
  0
ACAD_PROXY_OBJECT
  5
4D
102
{ACAD_REACTORS
330
47
102
}
330
47
100
AcDbProxyObject
 90
      499
 91
      503
 93
      113
310
904313A31304000000000000244000
  0
ACAD_PROXY_OBJECT
  5
4E
102
{ACAD_REACTORS
330
47
102
}
330
47
100
AcDbProxyObject
 90
      499
 91
      503
 93
      113
310
904313A31364000000000000304000
  0
ACAD_PROXY_OBJECT
  5
4F
102
{ACAD_REACTORS
330
47
102
}
330
47
100
AcDbProxyObject
 90
      499
 91
      503
 93
      113
310
904313A32304000000000000344000
  0
ACAD_PROXY_OBJECT
  5
50
102
{ACAD_REACTORS
330
47
102
}
330
47
100
AcDbProxyObject
 90
      499
 91
      503
 93
      113
310
904313A333040000000000003E4000
  0
ACAD_PROXY_OBJECT
  5
51
102
{ACAD_REACTORS
330
47
102
}
330
47
100
AcDbProxyObject
 90
      499
 91
      503
 93
      113
310
904313A34304000000000000444000
  0
ACAD_PROXY_OBJECT
  5
52
102
{ACAD_REACTORS
330
47
102
}
330
47
100
AcDbProxyObject
 90
      499
 91
      503
 93
      113
310
904313A35304000000000000494000
  0
ACAD_PROXY_OBJECT
  5
53
102
{ACAD_REACTORS
330
47
102
}
330
47
100
AcDbProxyObject
 90
      499
 91
      503
 93
      121
310
905313A3130304000000000000594000
  0
ACAD_PROXY_OBJECT
  5
54
102
{ACAD_REACTORS
330
47
102
}
330
47
100
AcDbProxyObject
 90
      499
 91
      503
 93
      105
310
903323A310000000000000010100
  0
ACAD_PROXY_OBJECT
  5
55
102
{ACAD_REACTORS
330
47
102
}
330
47
100
AcDbProxyObject
 90
      499
 91
      503
 93
      105
310
903343A310000000000000410100
  0
ACAD_PROXY_OBJECT
  5
56
102
{ACAD_REACTORS
330
47
102
}
330
47
100
AcDbProxyObject
 90
      499
 91
      503
 93
      105
310
903383A310000000000000810100
  0
ACAD_PROXY_OBJECT
  5
57
102
{ACAD_REACTORS
330
47
102
}
330
47
100
AcDbProxyObject
 90
      499
 91
      503
 93
      113
310
90431303A310000000000000910100
  0
ACAD_PROXY_OBJECT
  5
58
102
{ACAD_REACTORS
330
47
102
}
330
47
100
AcDbProxyObject
 90
      499
 91
      503
 93
      121
310
9053130303A310000000000001650100
  0
ACAD_PROXY_OBJECT
  5
59
102
{ACAD_REACTORS
330
47
102
}
330
47
100
AcDbProxyObject
 90
      499
 91
      503
 93
      257
310
90E312F31323822203D2031272D3022000000000000200FC000000000000284000
  0
ACAD_PROXY_OBJECT
  5
5A
102
{ACAD_REACTORS
330
47
102
}
330
47
100
AcDbProxyObject
 90
      499
 91
      503
 93
      249
310
90D312F363422203D2031272D3022000000000000240FC000000000000284000
  0
ACAD_PROXY_OBJECT
  5
5B
102
{ACAD_REACTORS
330
47
102
}
330
47
100
AcDbProxyObject
 90
      499
 91
      503
 93
      249
310
90D312F333222203D2031272D3022000000000000280FC000000000000284000
  0
ACAD_PROXY_OBJECT
  5
5C
102
{ACAD_REACTORS
330
47
102
}
330
47
100
AcDbProxyObject
 90
      499
 91
      503
 93
      249
310
90D312F313622203D2031272D30220000000000002C0FC000000000000284000
  0
ACAD_PROXY_OBJECT
  5
5D
102
{ACAD_REACTORS
330
47
102
}
330
47
100
AcDbProxyObject
 90
      499
 91
      503
 93
      249
310
90D332F333222203D2031272D30220000000000002E0FC000000000000284000
  0
ACAD_PROXY_OBJECT
  5
5E
102
{ACAD_REACTORS
330
47
102
}
330
47
100
AcDbProxyObject
 90
      499
 91
      503
 93
      241
310
90C312F3822203D2031272D3022000000000000300FC000000000000284000
  0
ACAD_PROXY_OBJECT
  5
5F
102
{ACAD_REACTORS
330
47
102
}
330
47
100
AcDbProxyObject
 90
      499
 91
      503
 93
      249
310
90D332F313622203D2031272D3022000000000000320FC000000000000284000
  0
ACAD_PROXY_OBJECT
  5
60
102
{ACAD_REACTORS
330
47
102
}
330
47
100
AcDbProxyObject
 90
      499
 91
      503
 93
      241
310
90C312F3422203D2031272D3022000000000000340FC000000000000284000
  0
ACAD_PROXY_OBJECT
  5
61
102
{ACAD_REACTORS
330
47
102
}
330
47
100
AcDbProxyObject
 90
      499
 91
      503
 93
      241
310
90C332F3822203D2031272D3022000000000000360FC000000000000284000
  0
ACAD_PROXY_OBJECT
  5
62
102
{ACAD_REACTORS
330
47
102
}
330
47
100
AcDbProxyObject
 90
      499
 91
      503
 93
      241
310
90C312F3222203D2031272D3022000000000000380FC000000000000284000
  0
ACAD_PROXY_OBJECT
  5
63
102
{ACAD_REACTORS
330
47
102
}
330
47
100
AcDbProxyObject
 90
      499
 91
      503
 93
      241
310
90C332F3422203D2031272D30220000000000003A0FC000000000000284000
  0
ACAD_PROXY_OBJECT
  5
64
102
{ACAD_REACTORS
330
47
102
}
330
47
100
AcDbProxyObject
 90
      499
 91
      503
 93
      161
310
90A3122203D2031272D30224000000000000284000
  0
ACAD_PROXY_OBJECT
  5
65
102
{ACAD_REACTORS
330
47
102
}
330
47
100
AcDbProxyObject
 90
      499
 91
      503
 93
      257
310
90E312D312F3222203D2031272D30220000000000003E0FC000000000000284000
  0
ACAD_PROXY_OBJECT
  5
66
102
{ACAD_REACTORS
330
47
102
}
330
47
100
AcDbProxyObject
 90
      499
 91
      503
 93
      225
310
90A3322203D2031272D302200000000000002100000000000000284000
  0
ACAD_PROXY_OBJECT
  5
67
102
{ACAD_REACTORS
330
47
102
}
330
47
100
AcDbProxyObject
 90
      499
 91
      503
 93
      225
310
90A3622203D2031272D302200000000000006100000000000000284000
  0
ACAD_PROXY_OBJECT
  5
68
102
{ACAD_REACTORS
330
47
102
}
330
47
100
AcDbProxyObject
 90
      499
 91
      503
 93
      249
310
90D31272D3022203D2031272D30220000000000000A100000000000000284000
  0
ACAD_PROXY_OBJECT
  5
2F
102
{ACAD_REACTORS
330
2A
102
}
330
2A
100
AcDbProxyObject
 90
      499
 91
      501
 93
      436
310
42CC9915DA5C99599C985B595049028333333333333E33F0000000000000F90107901411070040501600405405064090741402480A0340
1001
ACAD
1000
AcDbSavedByObjectVersion
1070
     0
  0
ACAD_PROXY_OBJECT
  5
32
102
{ACAD_REACTORS
330
2A
102
}
330
2A
100
AcDbProxyObject
 90
      499
 91
      501
 93
      388
310
4150985CDA58D07406404333333333333E33F0000000000000F90107A41107004050150841D405064090741402480A0350
1001
ACAD
1000
AcDbSavedByObjectVersion
1070
     0
  0
ACAD_PROXY_OBJECT
  5
36
102
{ACAD_REACTORS
330
2A
102
}
330
2A
100
AcDbProxyObject
 90
      499
 91
      501
 93
      428
310
42109C9A59DA1D195B90C409028333333333333E33F0000000000000F9010790141107004050150841D405064090741402480A029950
1001
ACAD
1000
AcDbSavedByObjectVersion
1070
     0
  0
ACAD_PROXY_OBJECT
  5
3A
102
{ACAD_REACTORS
330
2A
102
}
330
2A
100
AcDbProxyObject
 90
      499
 91
      501
 93
      452
310
42D0DBDB1BDC90DA185B99D95104090240C333333333333E33F0000000000000F90108901411070040501508421405064090741402480A0350
1001
ACAD
1000
AcDbSavedByObjectVersion
1070
     0
  0
ACAD_PROXY_OBJECT
  5
34
102
{ACAD_REACTORS
330
2A
102
}
330
2A
100
AcDbProxyObject
 90
      499
 91
      501
 93
      500
310
4290DBDB98D95C1D1D585B10940D028333333333333E33F0000000000000F90107902409070040501000000000018199010841D405064090740C02480A0340
1001
ACAD
1000
AcDbSavedByObjectVersion
1070
     0
  0
ACAD_PROXY_OBJECT
  5
35
102
{ACAD_REACTORS
330
2A
102
}
330
2A
100
AcDbProxyObject
 90
      499
 91
      501
 93
      412
310
40D11A5B50B409028333333333333E33F0000000000000F9010790141107004050150841D405064090741402480A02677FFFFFD0
1001
ACAD
1000
AcDbSavedByObjectVersion
1070
     0
  0
ACAD_PROXY_OBJECT
  5
3D
102
{ACAD_REACTORS
330
2A
102
}
330
2A
100
AcDbProxyObject
 90
      499
 91
      501
 93
      452
310
43115919D950DBDB1BDC93D999916409028333333333333E33F0000000000000F9010790141107004050150841D405064090741402480A0350
1001
ACAD
1000
AcDbSavedByObjectVersion
1070
     0
  0
ACAD_PROXY_OBJECT
  5
39
102
{ACAD_REACTORS
330
2A
102
}
330
2A
100
AcDbProxyObject
 90
      499
 91
      501
 93
      444
310
42D19858D95C185D1D195C9B90F409028333333333333E33F0000000000000F9010790141107004050150841D405064090741402480A0350
1001
ACAD
1000
AcDbSavedByObjectVersion
1070
     0
  0
ACAD_PROXY_OBJECT
  5
2B
102
{ACAD_REACTORS
330
2A
102
}
330
2A
100
AcDbProxyObject
 90
      499
 91
      501
 93
      380
310
41119B185D240901404333333333333E33F0000000000000F9010740A907004050150841D405064090741402480A1B50
1001
ACAD
1000
AcDbSavedByObjectVersion
1070
     0
  0
ACAD_PROXY_OBJECT
  5
2C
102
{ACAD_REACTORS
330
2A
102
}
330
2A
100
AcDbProxyObject
 90
      499
 91
      501
 93
      468
310
43519B185D15DA5D1A115919D95CD0140901404333333333333E33F0000000000000F90107409019070040501600405405064090741402480A1B50
1001
ACAD
1000
AcDbSavedByObjectVersion
1070
     0
  0
ACAD_PROXY_OBJECT
  5
2D
102
{ACAD_REACTORS
330
2A
102
}
330
2A
100
AcDbProxyObject
 90
      499
 91
      501
 93
      404
310
41D1DBDD5C985D5910240902404333333333333E33F0000000000000F9010740A9070040501641D405064090741402480A1B50
1001
ACAD
1000
AcDbSavedByObjectVersion
1070
     0
  0
ACAD_PROXY_OBJECT
  5
2E
102
{ACAD_REACTORS
330
2A
102
}
330
2A
100
AcDbProxyObject
 90
      499
 91
      501
 93
      492
310
4411DBDD5C985D5915DA5D1A115919D95CD0340902404333333333333E33F0000000000000F90107409019070040501600405405064090741402480A1B50
1001
ACAD
1000
AcDbSavedByObjectVersion
1070
     0
  0
ACAD_PROXY_OBJECT
  5
31
102
{ACAD_REACTORS
330
2A
102
}
330
2A
100
AcDbProxyObject
 90
      499
 91
      501
 93
      476
310
41921A5919195B90640502408333333333333E33F0000000000000F901079024090700405020000000000001110200405405064090740C02480A0340
1001
ACAD
1000
AcDbSavedByObjectVersion
1070
     0
  0
ACAD_PROXY_OBJECT
  5
3B
102
{ACAD_REACTORS
330
2A
102
}
330
2A
100
AcDbProxyObject
 90
      499
 91
      501
 93
      428
310
42529A5D1D195C93D999914409028333333333333E33F0000000000000F9010790141107004050150A41D405064090741402480A0350
1001
ACAD
1000
AcDbSavedByObjectVersion
1070
     0
  0
ACAD_PROXY_OBJECT
  5
38
102
{ACAD_REACTORS
330
2A
102
}
330
2A
100
AcDbProxyObject
 90
      499
 91
      501
 93
      444
310
42D31A5B995C185D1D195C9B90E409028333333333333E33F0000000000000F9010790141107004050750841D405064090741402483A0350
1001
ACAD
1000
AcDbSavedByObjectVersion
1070
     0
  0
ACAD_PROXY_OBJECT
  5
3C
102
{ACAD_REACTORS
330
2A
102
}
330
2A
100
AcDbProxyObject
 90
      499
 91
      501
 93
      444
310
42D3DD995C9A185B99D3D999915409028333333333333E33F0000000000000F9010790141107004050150941D405064090741402480A0350
1001
ACAD
1000
AcDbSavedByObjectVersion
1070
     0
  0
ACAD_PROXY_OBJECT
  5
33
102
{ACAD_REACTORS
330
2A
102
}
330
2A
100
AcDbProxyObject
 90
      499
 91
      501
 93
      428
310
425499585B1A5CDD1A58D08409038333333333333E33F0000000000000F9010740A907004050150800405405064090740C02480A1B40
1001
ACAD
1000
AcDbSavedByObjectVersion
1070
     0
  0
ACAD_PROXY_OBJECT
  5
42
102
{ACAD_REACTORS
330
2A
102
}
330
2A
100
AcDbProxyObject
 90
      499
 91
      501
 93
      420
310
4194DA1859195911B40902404333333333333E33F0000000000000F9010740A41107004050150800405405064090840C02480A0B40
1001
ACAD
1000
AcDbSavedByObjectVersion
1070
     0
  0
ACAD_PROXY_OBJECT
  5
41
102
{ACAD_REACTORS
330
2A
102
}
330
2A
100
AcDbProxyObject
 90
      499
 91
      501
 93
      516
310
4454DA18591959081DDA5D1A08195919D95CD1A40902404333333333333E33F0000000000000F901074090142907004050250800405405064090740C02480A0B40
1001
ACAD
1000
AcDbSavedByObjectVersion
1070
     0
  0
ACAD_PROXY_OBJECT
  5
3E
102
{ACAD_REACTORS
330
2A
102
}
330
2A
100
AcDbProxyObject
 90
      499
 91
      501
 93
      532
310
4394DA1859195CC81BD98811DC985E5174090240C333333333333E33F0000000000000F901079024090741D01000000000000111010841D405064090740C02480A0340
1001
ACAD
1000
AcDbSavedByObjectVersion
1070
     0
  0
ACAD_PROXY_OBJECT
  5
3F
102
{ACAD_REACTORS
330
2A
102
}
330
2A
100
AcDbProxyObject
 90
      499
 91
      501
 93
      476
310
41D4DAD95D18DA1E51840502408333333333333E33F0000000000000F901079024090741D01000000000000111010B41D405064090741802480A0340
1001
ACAD
1000
AcDbSavedByObjectVersion
1070
     0
  0
ACAD_PROXY_OBJECT
  5
37
102
{ACAD_REACTORS
330
2A
102
}
330
2A
100
AcDbProxyObject
 90
      499
 91
      501
 93
      412
310
41D51A1A58DAD95B90D409028333333333333E33F0000000000000F9010790141107004050150C41D405064090741402480A0350
1001
ACAD
1000
AcDbSavedByObjectVersion
1070
     0
  0
ACAD_PROXY_OBJECT
  5
30
102
{ACAD_REACTORS
330
2A
102
}
330
2A
100
AcDbProxyObject
 90
      499
 91
      501
 93
      420
310
4255DA5C99599C985B595059028333333333333E33F0000000000000F90107901411070040501600405405064090740C02480A0340
1001
ACAD
1000
AcDbSavedByObjectVersion
1070
     0
  0
ACAD_PROXY_OBJECT
  5
40
102
{ACAD_REACTORS
330
2A
102
}
330
2A
100
AcDbProxyObject
 90
      499
 91
      501
 93
      404
310
41560B54985E51940902404000000000000E03F0000000000000F9010740501907004050150841D405064090740C02480A1B40
1001
ACAD
1000
AcDbSavedByObjectVersion
1070
     0
  0
XRECORD
  5
42C
102
{ACAD_REACTORS
330
422
102
}
330
422
100
AcDbXrecord
340
0
  0
XRECORD
  5
42B
102
{ACAD_REACTORS
330
422
102
}
330
422
100
AcDbXrecord
 90
        0
  0
XRECORD
  5
442
102
{ACAD_REACTORS
330
422
102
}
330
422
100
AcDbXrecord
1000
DSTYLE
1002
{
1070
   179
 70
     1
1070
   170
 70
     1
1070
   171
 70
     3
1070
   143
 40
0.0393700787401575
1070
   274
 70
     3
1070
   285
 70
     8
1070
    41
 40
2.5
1070
   141
 40
2.5
1070
   176
 70
     7
1070
   177
 70
     7
1070
   178
 70
     7
1070
   271
 70
     2
1070
    43
 40
3.75
1070
   278
 70
    44
1070
    44
 40
1.25
1070
    42
 40
0.625
1070
   147
 40
0.625
1070
   371
 70
    13
1070
   372
 70
    13
1070
    77
 70
     1
1070
   272
 70
     2
1070
    73
 70
     0
1070
   172
 70
     1
1070
    74
 70
     0
1070
   283
 70
     0
1070
   340
340
73
1070
   140
 40
3.5
1070
   284
 70
     8
1070
   288
 70
     1
1070
    78
 70
     8
1002
}
  0
XRECORD
  5
42D
102
{ACAD_REACTORS
330
422
102
}
330
422
100
AcDbXrecord
  1
{e3627472-6165-7271-3936-666579373973}
  0
XRECORD
  5
425
102
{ACAD_REACTORS
330
422
102
}
330
422
100
AcDbXrecord
  1

  0
XRECORD
  5
42A
102
{ACAD_REACTORS
330
422
102
}
330
422
100
AcDbXrecord
 90
        4
  0
XRECORD
  5
427
102
{ACAD_REACTORS
330
422
102
}
330
422
100
AcDbXrecord
340
1A
  0
XRECORD
  5
429
102
{ACAD_REACTORS
330
422
102
}
330
422
100
AcDbXrecord
 90
    10269
  0
XRECORD
  5
428
102
{ACAD_REACTORS
330
422
102
}
330
422
100
AcDbXrecord
340
19
  0
XRECORD
  5
42F
102
{ACAD_REACTORS
330
422
102
}
330
422
100
AcDbXrecord
 40
0.0
  0
XRECORD
  5
432
102
{ACAD_REACTORS
330
422
102
}
330
422
100
AcDbXrecord
340
0
  0
XRECORD
  5
438
102
{ACAD_REACTORS
330
422
102
}
330
422
100
AcDbXrecord
 10
0.0
 20
0.0
 30
0.0
  0
XRECORD
  5
434
102
{ACAD_REACTORS
330
422
102
}
330
422
100
AcDbXrecord
 10
0.0
 20
0.0
 30
0.0
  0
XRECORD
  5
437
102
{ACAD_REACTORS
330
422
102
}
330
422
100
AcDbXrecord
 10
0.0
 20
0.0
 30
0.0
  0
XRECORD
  5
435
102
{ACAD_REACTORS
330
422
102
}
330
422
100
AcDbXrecord
 10
0.0
 20
0.0
 30
0.0
  0
XRECORD
  5
436
102
{ACAD_REACTORS
330
422
102
}
330
422
100
AcDbXrecord
 10
0.0
 20
0.0
 30
0.0
  0
XRECORD
  5
433
102
{ACAD_REACTORS
330
422
102
}
330
422
100
AcDbXrecord
 10
0.0
 20
0.0
 30
0.0
  0
XRECORD
  5
430
102
{ACAD_REACTORS
330
422
102
}
330
422
100
AcDbXrecord
340
0
  0
XRECORD
  5
431
102
{ACAD_REACTORS
330
422
102
}
330
422
100
AcDbXrecord
 70
     0
  0
XRECORD
  5
426
102
{ACAD_REACTORS
330
422
102
}
330
422
100
AcDbXrecord
  1

  0
XRECORD
  5
423
102
{ACAD_REACTORS
330
422
102
}
330
422
100
AcDbXrecord
 90
        1
  0
XRECORD
  5
424
102
{ACAD_REACTORS
330
422
102
}
330
422
100
AcDbXrecord
 90
       70
  0
XRECORD
  5
43B
102
{ACAD_REACTORS
330
422
102
}
330
422
100
AcDbXrecord
340
0
  0
XRECORD
  5
441
102
{ACAD_REACTORS
330
422
102
}
330
422
100
AcDbXrecord
 10
0.0
 20
0.0
 30
0.0
  0
XRECORD
  5
43D
102
{ACAD_REACTORS
330
422
102
}
330
422
100
AcDbXrecord
 10
0.0
 20
0.0
 30
0.0
  0
XRECORD
  5
440
102
{ACAD_REACTORS
330
422
102
}
330
422
100
AcDbXrecord
 10
0.0
 20
0.0
 30
0.0
  0
XRECORD
  5
43E
102
{ACAD_REACTORS
330
422
102
}
330
422
100
AcDbXrecord
 10
0.0
 20
0.0
 30
0.0
  0
XRECORD
  5
43F
102
{ACAD_REACTORS
330
422
102
}
330
422
100
AcDbXrecord
 10
0.0
 20
0.0
 30
0.0
  0
XRECORD
  5
43C
102
{ACAD_REACTORS
330
422
102
}
330
422
100
AcDbXrecord
 10
0.0
 20
0.0
 30
0.0
  0
XRECORD
  5
439
102
{ACAD_REACTORS
330
422
102
}
330
422
100
AcDbXrecord
340
0
  0
XRECORD
  5
43A
102
{ACAD_REACTORS
330
422
102
}
330
422
100
AcDbXrecord
 70
     0
  0
XRECORD
  5
42E
102
{ACAD_REACTORS
330
422
102
}
330
422
100
AcDbXrecord
  1
{FAEB1C32-E019-11D5-929B-00C0DF256EC4}
  0
DICTIONARYVAR
  5
44E
102
{ACAD_REACTORS
330
6E
102
}
330
6E
100
DictionaryVariables
280
     0
  1
1:1
  0
DICTIONARYVAR
  5
444
102
{ACAD_REACTORS
330
6E
102
}
330
6E
100
DictionaryVariables
280
     0
  1
Standard
  0
DICTIONARYVAR
  5
443
102
{ACAD_REACTORS
330
6E
102
}
330
6E
100
DictionaryVariables
280
     0
  1
Onshape-Standard
  0
DICTIONARYVAR
  5
447
102
{ACAD_REACTORS
330
6E
102
}
330
6E
100
DictionaryVariables
280
     0
  1
2
  0
DICTIONARYVAR
  5
448
102
{ACAD_REACTORS
330
6E
102
}
330
6E
100
DictionaryVariables
280
     0
  1
1
  0
DICTIONARYVAR
  5
44F
102
{ACAD_REACTORS
330
6E
102
}
330
6E
100
DictionaryVariables
280
     0
  1
1
  0
DICTIONARYVAR
  5
6F
102
{ACAD_REACTORS
330
6E
102
}
330
6E
100
DictionaryVariables
280
     0
  1
0
  0
XRECORD
  5
2F4
102
{ACAD_REACTORS
330
2F1
102
}
330
2F1
100
AcDbXrecord
 70
     4
  0
XRECORD
  5
2F6
102
{ACAD_REACTORS
330
2F1
102
}
330
2F1
100
AcDbXrecord
 90
        0
  0
XRECORD
  5
2F5
102
{ACAD_REACTORS
330
2F1
102
}
330
2F1
100
AcDbXrecord
 90
        1
  0
XRECORD
  5
2F7
102
{ACAD_REACTORS
330
2F1
102
}
330
2F1
100
AcDbXrecord
 90
        0
  0
XRECORD
  5
2F8
102
{ACAD_REACTORS
330
2F1
102
}
330
2F1
100
AcDbXrecord
 90
        0
  0
ACAD_PROXY_OBJECT
  5
386
102
{ACAD_REACTORS
330
2F1
102
}
330
2F1
100
AcDbProxyObject
 90
      499
 91
      512
 93
       34
310
40C8804040
  0
XRECORD
  5
2F3
102
{ACAD_REACTORS
330
2F1
102
}
330
2F1
100
AcDbXrecord
300
ISO
  0
XRECORD
  5
2F2
102
{ACAD_REACTORS
330
2F1
102
}
330
2F1
100
AcDbXrecord
 90
        5
  0
XRECORD
  5
2F9
102
{ACAD_REACTORS
330
2F1
102
}
330
2F1
100
AcDbXrecord
 90
        3
  0
XRECORD
  5
2FA
102
{ACAD_REACTORS
330
2F1
102
}
330
2F1
100
AcDbXrecord
 90
        0
  0
ACAD_PROXY_OBJECT
  5
3C8
102
{ACAD_REACTORS
330
2F1
102
}
330
2F1
100
AcDbProxyObject
 90
      499
 91
      512
 93
       34
310
40C8804040
  0
ACAD_PROXY_OBJECT
  5
3C7
102
{ACAD_REACTORS
330
2F1
102
}
330
2F1
100
AcDbProxyObject
 90
      499
 91
      512
 93
       34
310
40C8804040
  0
XRECORD
  5
3C6
102
{ACAD_REACTORS
330
2F1
102
}
330
2F1
100
AcDbXrecord
 90
        0
  0
XRECORD
  5
3C5
102
{ACAD_REACTORS
330
2F1
102
}
330
2F1
100
AcDbXrecord
 90
        1
  0
DICTIONARY
  5
452
330
45
100
AcDbDictionary
280
     1
  3
ACAD_XREC_ROUNDTRIP
360
453
  0
DICTIONARY
  5
450
330
44
100
AcDbDictionary
280
     1
  3
ACAD_XREC_ROUNDTRIP
360
451
  0
DICTIONARY
  5
454
330
46
100
AcDbDictionary
280
     1
  3
ACAD_XREC_ROUNDTRIP
360
455
  0
XRECORD
  5
453
102
{ACAD_REACTORS
330
452
102
}
330
452
100
AcDbXrecord
102
MATERIAL
148
0.0
149
0.0
149
0.0
 93
        0
 94
      127
282
     0
 72
     1
 77
     1
171
     1
175
     1
179
     1
273
     0
  0
XRECORD
  5
451
102
{ACAD_REACTORS
330
450
102
}
330
450
100
AcDbXrecord
102
MATERIAL
148
0.0
149
0.0
149
0.0
 93
        0
 94
      127
282
     0
 72
     1
 77
     1
171
     1
175
     1
179
     1
273
     0
  0
XRECORD
  5
455
102
{ACAD_REACTORS
330
454
102
}
330
454
100
AcDbXrecord
102
MATERIAL
148
0.0
149
0.0
149
0.0
 93
        0
 94
      127
282
     0
 72
     1
 77
     1
171
     1
175
     1
179
     1
273
     0
  0
ENDSEC
  0
EOF
