ISO-10303-21;
HEADER;
/* Generated by software containing ST-Developer
 * from STEP Tools, Inc. (www.steptools.com) 
 */
/* OPTION: using custom renumber hook */

FILE_DESCRIPTION(
/* description */ ('STEP AP242 Edition 2',
'CAx-IF Rec.Pracs.---Representation and Presentation of Product Manufa
cturing Information (PMI)---4.0---2014-10-13',
'CAx-IF Rec.Pracs.---3D Tessellated Geometry---0.4---2014-09-14','2;1',
'CAx-IF Rec.Pracs.---User Defined Attributes---1.5---2016-08-15'),
/* implementation_level */ '2;1');

FILE_NAME(
/* name */ 'protoMIDI ENCLOSURE TOP',
/* time_stamp */ '2026-07-19T10:44:41Z',
/* author */ (''),
/* organization */ (''),
/* preprocessor_version */ 'ST-DEVELOPER v20',
/* originating_system */ 'ONSHAPE BY PTC INC, 1.218',
/* authorisation */ '  ');

FILE_SCHEMA (('AP242_MANAGED_MODEL_BASED_3D_ENGINEERING_MIM_LF { 1 0 10303 442 3 1 4 }'));
ENDSEC;

DATA;
#10=SHAPE_REPRESENTATION_RELATIONSHIP('','',#1648,#11);
#11=ADVANCED_BREP_SHAPE_REPRESENTATION('',(#1646),#2789);
#12=TOROIDAL_SURFACE('',#1793,0.00258,0.001);
#13=TOROIDAL_SURFACE('',#1800,0.00258,0.001);
#14=TOROIDAL_SURFACE('',#1802,0.00258,0.001);
#15=TOROIDAL_SURFACE('',#1808,0.00258,0.001);
#16=CONICAL_SURFACE('',#1697,0.0085,0.785398163397448);
#17=CONICAL_SURFACE('',#1698,0.0085,0.785398163397446);
#18=CONICAL_SURFACE('',#1699,0.00255,0.785398163397449);
#19=CONICAL_SURFACE('',#1760,0.0016,0.785398163397448);
#20=CONICAL_SURFACE('',#1761,0.0016,0.785398163397448);
#21=CONICAL_SURFACE('',#1762,0.0016,0.785398163397448);
#22=CONICAL_SURFACE('',#1763,0.0016,0.785398163397448);
#23=CONICAL_SURFACE('',#1781,0.002,0.785398163397449);
#24=CONICAL_SURFACE('',#1782,0.002,0.785398163397448);
#25=CONICAL_SURFACE('',#1785,0.002,0.785398163397449);
#26=CONICAL_SURFACE('',#1786,0.002,0.785398163397449);
#27=CONICAL_SURFACE('',#1818,0.001,0.785398163397448);
#28=CONICAL_SURFACE('',#1819,0.001,0.785398163397448);
#29=CONICAL_SURFACE('',#1822,0.001,0.785398163397448);
#30=CONICAL_SURFACE('',#1823,0.001,0.785398163397448);
#31=CYLINDRICAL_SURFACE('',#1681,0.0031);
#32=CYLINDRICAL_SURFACE('',#1684,0.003);
#33=CYLINDRICAL_SURFACE('',#1686,0.0025);
#34=CYLINDRICAL_SURFACE('',#1688,0.00255);
#35=CYLINDRICAL_SURFACE('',#1693,0.0085);
#36=CYLINDRICAL_SURFACE('',#1695,0.0085);
#37=CYLINDRICAL_SURFACE('',#1714,0.003699998975043);
#38=CYLINDRICAL_SURFACE('',#1717,0.00369999897504301);
#39=CYLINDRICAL_SURFACE('',#1720,0.00369999897504301);
#40=CYLINDRICAL_SURFACE('',#1722,0.00369999897504301);
#41=CYLINDRICAL_SURFACE('',#1734,0.003);
#42=CYLINDRICAL_SURFACE('',#1737,0.003);
#43=CYLINDRICAL_SURFACE('',#1740,0.003);
#44=CYLINDRICAL_SURFACE('',#1744,0.0016);
#45=CYLINDRICAL_SURFACE('',#1748,0.0016);
#46=CYLINDRICAL_SURFACE('',#1752,0.0016);
#47=CYLINDRICAL_SURFACE('',#1756,0.0016);
#48=CYLINDRICAL_SURFACE('',#1772,0.001);
#49=CYLINDRICAL_SURFACE('',#1774,0.001);
#50=CYLINDRICAL_SURFACE('',#1776,0.001);
#51=CYLINDRICAL_SURFACE('',#1778,0.001);
#52=CYLINDRICAL_SURFACE('',#1796,0.001);
#53=CYLINDRICAL_SURFACE('',#1798,0.001);
#54=CYLINDRICAL_SURFACE('',#1804,0.001);
#55=CYLINDRICAL_SURFACE('',#1806,0.001);
#56=CYLINDRICAL_SURFACE('',#1809,0.004);
#57=CYLINDRICAL_SURFACE('',#1811,0.004);
#58=CYLINDRICAL_SURFACE('',#1813,0.004);
#59=CYLINDRICAL_SURFACE('',#1815,0.004);
#60=CIRCLE('',#1651,0.00258);
#61=CIRCLE('',#1652,0.00258);
#62=CIRCLE('',#1653,0.00258);
#63=CIRCLE('',#1654,0.00258);
#64=CIRCLE('',#1656,0.001);
#65=CIRCLE('',#1657,0.001);
#66=CIRCLE('',#1658,0.001);
#67=CIRCLE('',#1659,0.001);
#68=CIRCLE('',#1660,0.002);
#69=CIRCLE('',#1661,0.002);
#70=CIRCLE('',#1662,0.002);
#71=CIRCLE('',#1663,0.002);
#72=CIRCLE('',#1664,0.00355);
#73=CIRCLE('',#1665,0.0095);
#74=CIRCLE('',#1666,0.0095);
#75=CIRCLE('',#1667,0.0031);
#76=CIRCLE('',#1669,0.0085);
#77=CIRCLE('',#1670,0.0085);
#78=CIRCLE('',#1671,0.001);
#79=CIRCLE('',#1672,0.001);
#80=CIRCLE('',#1673,0.0025);
#81=CIRCLE('',#1674,0.003);
#82=CIRCLE('',#1675,0.003);
#83=CIRCLE('',#1676,0.003);
#84=CIRCLE('',#1677,0.003);
#85=CIRCLE('',#1678,0.001);
#86=CIRCLE('',#1679,0.001);
#87=CIRCLE('',#1680,0.00255);
#88=CIRCLE('',#1682,0.0031);
#89=CIRCLE('',#1685,0.003);
#90=CIRCLE('',#1687,0.0025);
#91=CIRCLE('',#1689,0.00255);
#92=CIRCLE('',#1694,0.0085);
#93=CIRCLE('',#1696,0.0085);
#94=CIRCLE('',#1701,0.0019);
#95=CIRCLE('',#1702,0.00369999897504301);
#96=CIRCLE('',#1703,0.003);
#97=CIRCLE('',#1705,0.0019);
#98=CIRCLE('',#1706,0.00369999897504301);
#99=CIRCLE('',#1707,0.003);
#100=CIRCLE('',#1709,0.003699998975043);
#101=CIRCLE('',#1711,0.0019);
#102=CIRCLE('',#1712,0.00369999897504301);
#103=CIRCLE('',#1713,0.003);
#104=CIRCLE('',#1715,0.003699998975043);
#105=CIRCLE('',#1718,0.00369999897504301);
#106=CIRCLE('',#1721,0.00369999897504301);
#107=CIRCLE('',#1723,0.00369999897504301);
#108=CIRCLE('',#1727,0.004);
#109=CIRCLE('',#1728,0.004);
#110=CIRCLE('',#1729,0.004);
#111=CIRCLE('',#1730,0.004);
#112=CIRCLE('',#1732,0.0019);
#113=CIRCLE('',#1745,0.0016);
#114=CIRCLE('',#1746,0.0016);
#115=CIRCLE('',#1749,0.0016);
#116=CIRCLE('',#1750,0.0016);
#117=CIRCLE('',#1753,0.0016);
#118=CIRCLE('',#1754,0.0016);
#119=CIRCLE('',#1757,0.0016);
#120=CIRCLE('',#1758,0.0016);
#121=CIRCLE('',#1773,0.001);
#122=CIRCLE('',#1775,0.001);
#123=CIRCLE('',#1777,0.001);
#124=CIRCLE('',#1779,0.001);
#125=CIRCLE('',#1789,0.00258);
#126=CIRCLE('',#1790,0.00258);
#127=CIRCLE('',#1791,0.00258);
#128=CIRCLE('',#1792,0.00258);
#129=CIRCLE('',#1794,0.001);
#130=CIRCLE('',#1795,0.001);
#131=CIRCLE('',#1797,0.001);
#132=CIRCLE('',#1799,0.001);
#133=CIRCLE('',#1801,0.001);
#134=CIRCLE('',#1803,0.001);
#135=CIRCLE('',#1805,0.001);
#136=CIRCLE('',#1807,0.001);
#137=CIRCLE('',#1810,0.004);
#138=CIRCLE('',#1812,0.004);
#139=CIRCLE('',#1814,0.004);
#140=CIRCLE('',#1816,0.004);
#141=ORIENTED_EDGE('',*,*,#587,.T.);
#142=ORIENTED_EDGE('',*,*,#588,.T.);
#143=ORIENTED_EDGE('',*,*,#589,.T.);
#144=ORIENTED_EDGE('',*,*,#590,.T.);
#145=ORIENTED_EDGE('',*,*,#591,.T.);
#146=ORIENTED_EDGE('',*,*,#592,.T.);
#147=ORIENTED_EDGE('',*,*,#593,.T.);
#148=ORIENTED_EDGE('',*,*,#594,.T.);
#149=ORIENTED_EDGE('',*,*,#595,.F.);
#150=ORIENTED_EDGE('',*,*,#596,.F.);
#151=ORIENTED_EDGE('',*,*,#597,.F.);
#152=ORIENTED_EDGE('',*,*,#598,.T.);
#153=ORIENTED_EDGE('',*,*,#599,.T.);
#154=ORIENTED_EDGE('',*,*,#600,.F.);
#155=ORIENTED_EDGE('',*,*,#601,.T.);
#156=ORIENTED_EDGE('',*,*,#602,.F.);
#157=ORIENTED_EDGE('',*,*,#603,.T.);
#158=ORIENTED_EDGE('',*,*,#604,.T.);
#159=ORIENTED_EDGE('',*,*,#605,.T.);
#160=ORIENTED_EDGE('',*,*,#606,.T.);
#161=ORIENTED_EDGE('',*,*,#607,.T.);
#162=ORIENTED_EDGE('',*,*,#608,.T.);
#163=ORIENTED_EDGE('',*,*,#609,.T.);
#164=ORIENTED_EDGE('',*,*,#610,.T.);
#165=ORIENTED_EDGE('',*,*,#611,.T.);
#166=ORIENTED_EDGE('',*,*,#612,.T.);
#167=ORIENTED_EDGE('',*,*,#613,.T.);
#168=ORIENTED_EDGE('',*,*,#614,.T.);
#169=ORIENTED_EDGE('',*,*,#615,.T.);
#170=ORIENTED_EDGE('',*,*,#616,.T.);
#171=ORIENTED_EDGE('',*,*,#617,.T.);
#172=ORIENTED_EDGE('',*,*,#618,.T.);
#173=ORIENTED_EDGE('',*,*,#619,.T.);
#174=ORIENTED_EDGE('',*,*,#620,.T.);
#175=ORIENTED_EDGE('',*,*,#621,.T.);
#176=ORIENTED_EDGE('',*,*,#622,.F.);
#177=ORIENTED_EDGE('',*,*,#623,.T.);
#178=ORIENTED_EDGE('',*,*,#624,.T.);
#179=ORIENTED_EDGE('',*,*,#625,.F.);
#180=ORIENTED_EDGE('',*,*,#626,.T.);
#181=ORIENTED_EDGE('',*,*,#627,.T.);
#182=ORIENTED_EDGE('',*,*,#628,.T.);
#183=ORIENTED_EDGE('',*,*,#629,.T.);
#184=ORIENTED_EDGE('',*,*,#630,.F.);
#185=ORIENTED_EDGE('',*,*,#631,.F.);
#186=ORIENTED_EDGE('',*,*,#632,.T.);
#187=ORIENTED_EDGE('',*,*,#633,.T.);
#188=ORIENTED_EDGE('',*,*,#634,.F.);
#189=ORIENTED_EDGE('',*,*,#635,.F.);
#190=ORIENTED_EDGE('',*,*,#636,.T.);
#191=ORIENTED_EDGE('',*,*,#637,.T.);
#192=ORIENTED_EDGE('',*,*,#638,.F.);
#193=ORIENTED_EDGE('',*,*,#639,.F.);
#194=ORIENTED_EDGE('',*,*,#640,.T.);
#195=ORIENTED_EDGE('',*,*,#602,.T.);
#196=ORIENTED_EDGE('',*,*,#641,.F.);
#197=ORIENTED_EDGE('',*,*,#642,.F.);
#198=ORIENTED_EDGE('',*,*,#643,.T.);
#199=ORIENTED_EDGE('',*,*,#644,.T.);
#200=ORIENTED_EDGE('',*,*,#645,.F.);
#201=ORIENTED_EDGE('',*,*,#646,.F.);
#202=ORIENTED_EDGE('',*,*,#647,.T.);
#203=ORIENTED_EDGE('',*,*,#648,.T.);
#204=ORIENTED_EDGE('',*,*,#649,.T.);
#205=ORIENTED_EDGE('',*,*,#650,.F.);
#206=ORIENTED_EDGE('',*,*,#651,.T.);
#207=ORIENTED_EDGE('',*,*,#652,.F.);
#208=ORIENTED_EDGE('',*,*,#653,.T.);
#209=ORIENTED_EDGE('',*,*,#654,.T.);
#210=ORIENTED_EDGE('',*,*,#655,.F.);
#211=ORIENTED_EDGE('',*,*,#656,.F.);
#212=ORIENTED_EDGE('',*,*,#622,.T.);
#213=ORIENTED_EDGE('',*,*,#657,.T.);
#214=ORIENTED_EDGE('',*,*,#658,.F.);
#215=ORIENTED_EDGE('',*,*,#659,.T.);
#216=ORIENTED_EDGE('',*,*,#633,.F.);
#217=ORIENTED_EDGE('',*,*,#660,.F.);
#218=ORIENTED_EDGE('',*,*,#661,.F.);
#219=ORIENTED_EDGE('',*,*,#662,.F.);
#220=ORIENTED_EDGE('',*,*,#663,.T.);
#221=ORIENTED_EDGE('',*,*,#664,.T.);
#222=ORIENTED_EDGE('',*,*,#665,.F.);
#223=ORIENTED_EDGE('',*,*,#666,.T.);
#224=ORIENTED_EDGE('',*,*,#637,.F.);
#225=ORIENTED_EDGE('',*,*,#667,.F.);
#226=ORIENTED_EDGE('',*,*,#668,.F.);
#227=ORIENTED_EDGE('',*,*,#669,.F.);
#228=ORIENTED_EDGE('',*,*,#670,.T.);
#229=ORIENTED_EDGE('',*,*,#635,.T.);
#230=ORIENTED_EDGE('',*,*,#671,.F.);
#231=ORIENTED_EDGE('',*,*,#672,.F.);
#232=ORIENTED_EDGE('',*,*,#673,.T.);
#233=ORIENTED_EDGE('',*,*,#631,.T.);
#234=ORIENTED_EDGE('',*,*,#674,.T.);
#235=ORIENTED_EDGE('',*,*,#652,.T.);
#236=ORIENTED_EDGE('',*,*,#675,.T.);
#237=ORIENTED_EDGE('',*,*,#676,.T.);
#238=ORIENTED_EDGE('',*,*,#677,.T.);
#239=ORIENTED_EDGE('',*,*,#625,.T.);
#240=ORIENTED_EDGE('',*,*,#678,.T.);
#241=ORIENTED_EDGE('',*,*,#679,.T.);
#242=ORIENTED_EDGE('',*,*,#680,.T.);
#243=ORIENTED_EDGE('',*,*,#650,.T.);
#244=ORIENTED_EDGE('',*,*,#681,.T.);
#245=ORIENTED_EDGE('',*,*,#682,.T.);
#246=ORIENTED_EDGE('',*,*,#683,.T.);
#247=ORIENTED_EDGE('',*,*,#627,.F.);
#248=ORIENTED_EDGE('',*,*,#684,.T.);
#249=ORIENTED_EDGE('',*,*,#624,.F.);
#250=ORIENTED_EDGE('',*,*,#685,.T.);
#251=ORIENTED_EDGE('',*,*,#623,.F.);
#252=ORIENTED_EDGE('',*,*,#620,.F.);
#253=ORIENTED_EDGE('',*,*,#685,.F.);
#254=ORIENTED_EDGE('',*,*,#621,.F.);
#255=ORIENTED_EDGE('',*,*,#684,.F.);
#256=ORIENTED_EDGE('',*,*,#619,.F.);
#257=ORIENTED_EDGE('',*,*,#674,.F.);
#258=ORIENTED_EDGE('',*,*,#686,.T.);
#259=ORIENTED_EDGE('',*,*,#687,.T.);
#260=ORIENTED_EDGE('',*,*,#600,.T.);
#261=ORIENTED_EDGE('',*,*,#688,.T.);
#262=ORIENTED_EDGE('',*,*,#689,.T.);
#263=ORIENTED_EDGE('',*,*,#690,.F.);
#264=ORIENTED_EDGE('',*,*,#691,.T.);
#265=ORIENTED_EDGE('',*,*,#692,.T.);
#266=ORIENTED_EDGE('',*,*,#693,.T.);
#267=ORIENTED_EDGE('',*,*,#665,.T.);
#268=ORIENTED_EDGE('',*,*,#694,.T.);
#269=ORIENTED_EDGE('',*,*,#596,.T.);
#270=ORIENTED_EDGE('',*,*,#695,.F.);
#271=ORIENTED_EDGE('',*,*,#696,.T.);
#272=ORIENTED_EDGE('',*,*,#672,.T.);
#273=ORIENTED_EDGE('',*,*,#697,.T.);
#274=ORIENTED_EDGE('',*,*,#698,.T.);
#275=ORIENTED_EDGE('',*,*,#699,.T.);
#276=ORIENTED_EDGE('',*,*,#661,.T.);
#277=ORIENTED_EDGE('',*,*,#700,.F.);
#278=ORIENTED_EDGE('',*,*,#701,.T.);
#279=ORIENTED_EDGE('',*,*,#702,.T.);
#280=ORIENTED_EDGE('',*,*,#703,.T.);
#281=ORIENTED_EDGE('',*,*,#704,.T.);
#282=ORIENTED_EDGE('',*,*,#705,.T.);
#283=ORIENTED_EDGE('',*,*,#706,.F.);
#284=ORIENTED_EDGE('',*,*,#707,.T.);
#285=ORIENTED_EDGE('',*,*,#699,.F.);
#286=ORIENTED_EDGE('',*,*,#708,.F.);
#287=ORIENTED_EDGE('',*,*,#709,.T.);
#288=ORIENTED_EDGE('',*,*,#662,.T.);
#289=ORIENTED_EDGE('',*,*,#710,.T.);
#290=ORIENTED_EDGE('',*,*,#711,.T.);
#291=ORIENTED_EDGE('',*,*,#712,.T.);
#292=ORIENTED_EDGE('',*,*,#648,.F.);
#293=ORIENTED_EDGE('',*,*,#713,.F.);
#294=ORIENTED_EDGE('',*,*,#705,.F.);
#295=ORIENTED_EDGE('',*,*,#714,.F.);
#296=ORIENTED_EDGE('',*,*,#715,.T.);
#297=ORIENTED_EDGE('',*,*,#708,.T.);
#298=ORIENTED_EDGE('',*,*,#698,.F.);
#299=ORIENTED_EDGE('',*,*,#716,.T.);
#300=ORIENTED_EDGE('',*,*,#629,.F.);
#301=ORIENTED_EDGE('',*,*,#704,.F.);
#302=ORIENTED_EDGE('',*,*,#717,.F.);
#303=ORIENTED_EDGE('',*,*,#718,.T.);
#304=ORIENTED_EDGE('',*,*,#714,.T.);
#305=ORIENTED_EDGE('',*,*,#703,.F.);
#306=ORIENTED_EDGE('',*,*,#719,.T.);
#307=ORIENTED_EDGE('',*,*,#644,.F.);
#308=ORIENTED_EDGE('',*,*,#720,.F.);
#309=ORIENTED_EDGE('',*,*,#689,.F.);
#310=ORIENTED_EDGE('',*,*,#721,.F.);
#311=ORIENTED_EDGE('',*,*,#722,.T.);
#312=ORIENTED_EDGE('',*,*,#717,.T.);
#313=ORIENTED_EDGE('',*,*,#688,.F.);
#314=ORIENTED_EDGE('',*,*,#599,.F.);
#315=ORIENTED_EDGE('',*,*,#723,.T.);
#316=ORIENTED_EDGE('',*,*,#721,.T.);
#317=ORIENTED_EDGE('',*,*,#694,.F.);
#318=ORIENTED_EDGE('',*,*,#664,.F.);
#319=ORIENTED_EDGE('',*,*,#724,.T.);
#320=ORIENTED_EDGE('',*,*,#597,.T.);
#321=ORIENTED_EDGE('',*,*,#697,.F.);
#322=ORIENTED_EDGE('',*,*,#671,.T.);
#323=ORIENTED_EDGE('',*,*,#630,.T.);
#324=ORIENTED_EDGE('',*,*,#716,.F.);
#325=ORIENTED_EDGE('',*,*,#673,.F.);
#326=ORIENTED_EDGE('',*,*,#700,.T.);
#327=ORIENTED_EDGE('',*,*,#660,.T.);
#328=ORIENTED_EDGE('',*,*,#632,.F.);
#329=ORIENTED_EDGE('',*,*,#725,.T.);
#330=ORIENTED_EDGE('',*,*,#726,.T.);
#331=ORIENTED_EDGE('',*,*,#727,.T.);
#332=ORIENTED_EDGE('',*,*,#728,.T.);
#333=ORIENTED_EDGE('',*,*,#729,.T.);
#334=ORIENTED_EDGE('',*,*,#730,.T.);
#335=ORIENTED_EDGE('',*,*,#731,.T.);
#336=ORIENTED_EDGE('',*,*,#732,.T.);
#337=ORIENTED_EDGE('',*,*,#663,.F.);
#338=ORIENTED_EDGE('',*,*,#709,.F.);
#339=ORIENTED_EDGE('',*,*,#715,.F.);
#340=ORIENTED_EDGE('',*,*,#718,.F.);
#341=ORIENTED_EDGE('',*,*,#722,.F.);
#342=ORIENTED_EDGE('',*,*,#723,.F.);
#343=ORIENTED_EDGE('',*,*,#598,.F.);
#344=ORIENTED_EDGE('',*,*,#724,.F.);
#345=ORIENTED_EDGE('',*,*,#733,.T.);
#346=ORIENTED_EDGE('',*,*,#669,.T.);
#347=ORIENTED_EDGE('',*,*,#734,.T.);
#348=ORIENTED_EDGE('',*,*,#658,.T.);
#349=ORIENTED_EDGE('',*,*,#735,.F.);
#350=ORIENTED_EDGE('',*,*,#687,.F.);
#351=ORIENTED_EDGE('',*,*,#736,.T.);
#352=ORIENTED_EDGE('',*,*,#641,.T.);
#353=ORIENTED_EDGE('',*,*,#601,.F.);
#354=ORIENTED_EDGE('',*,*,#691,.F.);
#355=ORIENTED_EDGE('',*,*,#737,.T.);
#356=ORIENTED_EDGE('',*,*,#642,.T.);
#357=ORIENTED_EDGE('',*,*,#736,.F.);
#358=ORIENTED_EDGE('',*,*,#737,.F.);
#359=ORIENTED_EDGE('',*,*,#690,.T.);
#360=ORIENTED_EDGE('',*,*,#720,.T.);
#361=ORIENTED_EDGE('',*,*,#643,.F.);
#362=ORIENTED_EDGE('',*,*,#702,.F.);
#363=ORIENTED_EDGE('',*,*,#738,.T.);
#364=ORIENTED_EDGE('',*,*,#645,.T.);
#365=ORIENTED_EDGE('',*,*,#719,.F.);
#366=ORIENTED_EDGE('',*,*,#707,.F.);
#367=ORIENTED_EDGE('',*,*,#739,.T.);
#368=ORIENTED_EDGE('',*,*,#646,.T.);
#369=ORIENTED_EDGE('',*,*,#738,.F.);
#370=ORIENTED_EDGE('',*,*,#739,.F.);
#371=ORIENTED_EDGE('',*,*,#706,.T.);
#372=ORIENTED_EDGE('',*,*,#713,.T.);
#373=ORIENTED_EDGE('',*,*,#647,.F.);
#374=ORIENTED_EDGE('',*,*,#740,.F.);
#375=ORIENTED_EDGE('',*,*,#695,.T.);
#376=ORIENTED_EDGE('',*,*,#595,.T.);
#377=ORIENTED_EDGE('',*,*,#640,.F.);
#378=ORIENTED_EDGE('',*,*,#696,.F.);
#379=ORIENTED_EDGE('',*,*,#740,.T.);
#380=ORIENTED_EDGE('',*,*,#639,.T.);
#381=ORIENTED_EDGE('',*,*,#741,.F.);
#382=ORIENTED_EDGE('',*,*,#693,.F.);
#383=ORIENTED_EDGE('',*,*,#741,.T.);
#384=ORIENTED_EDGE('',*,*,#638,.T.);
#385=ORIENTED_EDGE('',*,*,#666,.F.);
#386=ORIENTED_EDGE('',*,*,#734,.F.);
#387=ORIENTED_EDGE('',*,*,#668,.T.);
#388=ORIENTED_EDGE('',*,*,#634,.T.);
#389=ORIENTED_EDGE('',*,*,#659,.F.);
#390=ORIENTED_EDGE('',*,*,#670,.F.);
#391=ORIENTED_EDGE('',*,*,#735,.T.);
#392=ORIENTED_EDGE('',*,*,#667,.T.);
#393=ORIENTED_EDGE('',*,*,#636,.F.);
#394=ORIENTED_EDGE('',*,*,#742,.T.);
#395=ORIENTED_EDGE('',*,*,#743,.T.);
#396=ORIENTED_EDGE('',*,*,#743,.F.);
#397=ORIENTED_EDGE('',*,*,#744,.T.);
#398=ORIENTED_EDGE('',*,*,#745,.T.);
#399=ORIENTED_EDGE('',*,*,#745,.F.);
#400=ORIENTED_EDGE('',*,*,#746,.T.);
#401=ORIENTED_EDGE('',*,*,#747,.T.);
#402=ORIENTED_EDGE('',*,*,#747,.F.);
#403=ORIENTED_EDGE('',*,*,#748,.T.);
#404=ORIENTED_EDGE('',*,*,#749,.T.);
#405=ORIENTED_EDGE('',*,*,#749,.F.);
#406=ORIENTED_EDGE('',*,*,#686,.F.);
#407=ORIENTED_EDGE('',*,*,#744,.F.);
#408=ORIENTED_EDGE('',*,*,#692,.F.);
#409=ORIENTED_EDGE('',*,*,#746,.F.);
#410=ORIENTED_EDGE('',*,*,#733,.F.);
#411=ORIENTED_EDGE('',*,*,#742,.F.);
#412=ORIENTED_EDGE('',*,*,#701,.F.);
#413=ORIENTED_EDGE('',*,*,#748,.F.);
#414=ORIENTED_EDGE('',*,*,#653,.F.);
#415=ORIENTED_EDGE('',*,*,#750,.F.);
#416=ORIENTED_EDGE('',*,*,#751,.T.);
#417=ORIENTED_EDGE('',*,*,#752,.T.);
#418=ORIENTED_EDGE('',*,*,#656,.T.);
#419=ORIENTED_EDGE('',*,*,#753,.F.);
#420=ORIENTED_EDGE('',*,*,#754,.F.);
#421=ORIENTED_EDGE('',*,*,#750,.T.);
#422=ORIENTED_EDGE('',*,*,#655,.T.);
#423=ORIENTED_EDGE('',*,*,#755,.F.);
#424=ORIENTED_EDGE('',*,*,#756,.F.);
#425=ORIENTED_EDGE('',*,*,#753,.T.);
#426=ORIENTED_EDGE('',*,*,#654,.F.);
#427=ORIENTED_EDGE('',*,*,#752,.F.);
#428=ORIENTED_EDGE('',*,*,#757,.T.);
#429=ORIENTED_EDGE('',*,*,#755,.T.);
#430=ORIENTED_EDGE('',*,*,#751,.F.);
#431=ORIENTED_EDGE('',*,*,#754,.T.);
#432=ORIENTED_EDGE('',*,*,#756,.T.);
#433=ORIENTED_EDGE('',*,*,#757,.F.);
#434=ORIENTED_EDGE('',*,*,#657,.F.);
#435=ORIENTED_EDGE('',*,*,#758,.T.);
#436=ORIENTED_EDGE('',*,*,#759,.T.);
#437=ORIENTED_EDGE('',*,*,#760,.T.);
#438=ORIENTED_EDGE('',*,*,#731,.F.);
#439=ORIENTED_EDGE('',*,*,#761,.T.);
#440=ORIENTED_EDGE('',*,*,#762,.T.);
#441=ORIENTED_EDGE('',*,*,#763,.T.);
#442=ORIENTED_EDGE('',*,*,#729,.F.);
#443=ORIENTED_EDGE('',*,*,#764,.T.);
#444=ORIENTED_EDGE('',*,*,#765,.T.);
#445=ORIENTED_EDGE('',*,*,#766,.T.);
#446=ORIENTED_EDGE('',*,*,#725,.F.);
#447=ORIENTED_EDGE('',*,*,#680,.F.);
#448=ORIENTED_EDGE('',*,*,#767,.T.);
#449=ORIENTED_EDGE('',*,*,#675,.F.);
#450=ORIENTED_EDGE('',*,*,#651,.F.);
#451=ORIENTED_EDGE('',*,*,#712,.F.);
#452=ORIENTED_EDGE('',*,*,#768,.T.);
#453=ORIENTED_EDGE('',*,*,#678,.F.);
#454=ORIENTED_EDGE('',*,*,#649,.F.);
#455=ORIENTED_EDGE('',*,*,#683,.F.);
#456=ORIENTED_EDGE('',*,*,#769,.T.);
#457=ORIENTED_EDGE('',*,*,#710,.F.);
#458=ORIENTED_EDGE('',*,*,#628,.F.);
#459=ORIENTED_EDGE('',*,*,#677,.F.);
#460=ORIENTED_EDGE('',*,*,#770,.T.);
#461=ORIENTED_EDGE('',*,*,#681,.F.);
#462=ORIENTED_EDGE('',*,*,#626,.F.);
#463=ORIENTED_EDGE('',*,*,#771,.F.);
#464=ORIENTED_EDGE('',*,*,#616,.F.);
#465=ORIENTED_EDGE('',*,*,#772,.F.);
#466=ORIENTED_EDGE('',*,*,#682,.F.);
#467=ORIENTED_EDGE('',*,*,#772,.T.);
#468=ORIENTED_EDGE('',*,*,#615,.F.);
#469=ORIENTED_EDGE('',*,*,#773,.F.);
#470=ORIENTED_EDGE('',*,*,#769,.F.);
#471=ORIENTED_EDGE('',*,*,#771,.T.);
#472=ORIENTED_EDGE('',*,*,#770,.F.);
#473=ORIENTED_EDGE('',*,*,#774,.F.);
#474=ORIENTED_EDGE('',*,*,#617,.F.);
#475=ORIENTED_EDGE('',*,*,#773,.T.);
#476=ORIENTED_EDGE('',*,*,#614,.F.);
#477=ORIENTED_EDGE('',*,*,#775,.F.);
#478=ORIENTED_EDGE('',*,*,#711,.F.);
#479=ORIENTED_EDGE('',*,*,#774,.T.);
#480=ORIENTED_EDGE('',*,*,#676,.F.);
#481=ORIENTED_EDGE('',*,*,#776,.F.);
#482=ORIENTED_EDGE('',*,*,#618,.F.);
#483=ORIENTED_EDGE('',*,*,#775,.T.);
#484=ORIENTED_EDGE('',*,*,#613,.F.);
#485=ORIENTED_EDGE('',*,*,#777,.F.);
#486=ORIENTED_EDGE('',*,*,#768,.F.);
#487=ORIENTED_EDGE('',*,*,#776,.T.);
#488=ORIENTED_EDGE('',*,*,#767,.F.);
#489=ORIENTED_EDGE('',*,*,#778,.F.);
#490=ORIENTED_EDGE('',*,*,#611,.F.);
#491=ORIENTED_EDGE('',*,*,#777,.T.);
#492=ORIENTED_EDGE('',*,*,#612,.F.);
#493=ORIENTED_EDGE('',*,*,#778,.T.);
#494=ORIENTED_EDGE('',*,*,#679,.F.);
#495=ORIENTED_EDGE('',*,*,#779,.T.);
#496=ORIENTED_EDGE('',*,*,#780,.T.);
#497=ORIENTED_EDGE('',*,*,#781,.T.);
#498=ORIENTED_EDGE('',*,*,#782,.T.);
#499=ORIENTED_EDGE('',*,*,#783,.T.);
#500=ORIENTED_EDGE('',*,*,#784,.T.);
#501=ORIENTED_EDGE('',*,*,#785,.T.);
#502=ORIENTED_EDGE('',*,*,#786,.T.);
#503=ORIENTED_EDGE('',*,*,#787,.T.);
#504=ORIENTED_EDGE('',*,*,#788,.T.);
#505=ORIENTED_EDGE('',*,*,#789,.T.);
#506=ORIENTED_EDGE('',*,*,#727,.F.);
#507=ORIENTED_EDGE('',*,*,#790,.F.);
#508=ORIENTED_EDGE('',*,*,#782,.F.);
#509=ORIENTED_EDGE('',*,*,#791,.F.);
#510=ORIENTED_EDGE('',*,*,#592,.F.);
#511=ORIENTED_EDGE('',*,*,#783,.F.);
#512=ORIENTED_EDGE('',*,*,#790,.T.);
#513=ORIENTED_EDGE('',*,*,#591,.F.);
#514=ORIENTED_EDGE('',*,*,#792,.F.);
#515=ORIENTED_EDGE('',*,*,#791,.T.);
#516=ORIENTED_EDGE('',*,*,#781,.F.);
#517=ORIENTED_EDGE('',*,*,#793,.F.);
#518=ORIENTED_EDGE('',*,*,#593,.F.);
#519=ORIENTED_EDGE('',*,*,#784,.F.);
#520=ORIENTED_EDGE('',*,*,#792,.T.);
#521=ORIENTED_EDGE('',*,*,#590,.F.);
#522=ORIENTED_EDGE('',*,*,#794,.F.);
#523=ORIENTED_EDGE('',*,*,#793,.T.);
#524=ORIENTED_EDGE('',*,*,#780,.F.);
#525=ORIENTED_EDGE('',*,*,#795,.F.);
#526=ORIENTED_EDGE('',*,*,#594,.F.);
#527=ORIENTED_EDGE('',*,*,#785,.F.);
#528=ORIENTED_EDGE('',*,*,#794,.T.);
#529=ORIENTED_EDGE('',*,*,#589,.F.);
#530=ORIENTED_EDGE('',*,*,#796,.F.);
#531=ORIENTED_EDGE('',*,*,#795,.T.);
#532=ORIENTED_EDGE('',*,*,#779,.F.);
#533=ORIENTED_EDGE('',*,*,#797,.F.);
#534=ORIENTED_EDGE('',*,*,#587,.F.);
#535=ORIENTED_EDGE('',*,*,#786,.F.);
#536=ORIENTED_EDGE('',*,*,#796,.T.);
#537=ORIENTED_EDGE('',*,*,#588,.F.);
#538=ORIENTED_EDGE('',*,*,#797,.T.);
#539=ORIENTED_EDGE('',*,*,#766,.F.);
#540=ORIENTED_EDGE('',*,*,#798,.T.);
#541=ORIENTED_EDGE('',*,*,#787,.F.);
#542=ORIENTED_EDGE('',*,*,#726,.F.);
#543=ORIENTED_EDGE('',*,*,#789,.F.);
#544=ORIENTED_EDGE('',*,*,#799,.T.);
#545=ORIENTED_EDGE('',*,*,#761,.F.);
#546=ORIENTED_EDGE('',*,*,#728,.F.);
#547=ORIENTED_EDGE('',*,*,#760,.F.);
#548=ORIENTED_EDGE('',*,*,#800,.T.);
#549=ORIENTED_EDGE('',*,*,#764,.F.);
#550=ORIENTED_EDGE('',*,*,#732,.F.);
#551=ORIENTED_EDGE('',*,*,#763,.F.);
#552=ORIENTED_EDGE('',*,*,#801,.T.);
#553=ORIENTED_EDGE('',*,*,#758,.F.);
#554=ORIENTED_EDGE('',*,*,#730,.F.);
#555=ORIENTED_EDGE('',*,*,#802,.F.);
#556=ORIENTED_EDGE('',*,*,#762,.F.);
#557=ORIENTED_EDGE('',*,*,#803,.F.);
#558=ORIENTED_EDGE('',*,*,#608,.F.);
#559=ORIENTED_EDGE('',*,*,#803,.T.);
#560=ORIENTED_EDGE('',*,*,#799,.F.);
#561=ORIENTED_EDGE('',*,*,#804,.F.);
#562=ORIENTED_EDGE('',*,*,#609,.F.);
#563=ORIENTED_EDGE('',*,*,#802,.T.);
#564=ORIENTED_EDGE('',*,*,#607,.F.);
#565=ORIENTED_EDGE('',*,*,#805,.F.);
#566=ORIENTED_EDGE('',*,*,#801,.F.);
#567=ORIENTED_EDGE('',*,*,#804,.T.);
#568=ORIENTED_EDGE('',*,*,#788,.F.);
#569=ORIENTED_EDGE('',*,*,#806,.F.);
#570=ORIENTED_EDGE('',*,*,#610,.F.);
#571=ORIENTED_EDGE('',*,*,#805,.T.);
#572=ORIENTED_EDGE('',*,*,#606,.F.);
#573=ORIENTED_EDGE('',*,*,#807,.F.);
#574=ORIENTED_EDGE('',*,*,#759,.F.);
#575=ORIENTED_EDGE('',*,*,#806,.T.);
#576=ORIENTED_EDGE('',*,*,#798,.F.);
#577=ORIENTED_EDGE('',*,*,#808,.F.);
#578=ORIENTED_EDGE('',*,*,#603,.F.);
#579=ORIENTED_EDGE('',*,*,#807,.T.);
#580=ORIENTED_EDGE('',*,*,#605,.F.);
#581=ORIENTED_EDGE('',*,*,#809,.F.);
#582=ORIENTED_EDGE('',*,*,#800,.F.);
#583=ORIENTED_EDGE('',*,*,#808,.T.);
#584=ORIENTED_EDGE('',*,*,#765,.F.);
#585=ORIENTED_EDGE('',*,*,#809,.T.);
#586=ORIENTED_EDGE('',*,*,#604,.F.);
#587=EDGE_CURVE('',#810,#811,#961,.F.);
#588=EDGE_CURVE('',#811,#812,#60,.F.);
#589=EDGE_CURVE('',#812,#813,#962,.T.);
#590=EDGE_CURVE('',#813,#814,#61,.F.);
#591=EDGE_CURVE('',#814,#815,#963,.T.);
#592=EDGE_CURVE('',#815,#816,#62,.F.);
#593=EDGE_CURVE('',#816,#817,#964,.F.);
#594=EDGE_CURVE('',#817,#810,#63,.F.);
#595=EDGE_CURVE('',#818,#819,#965,.T.);
#596=EDGE_CURVE('',#820,#818,#966,.T.);
#597=EDGE_CURVE('',#821,#820,#967,.T.);
#598=EDGE_CURVE('',#821,#822,#968,.T.);
#599=EDGE_CURVE('',#822,#823,#969,.T.);
#600=EDGE_CURVE('',#824,#823,#970,.T.);
#601=EDGE_CURVE('',#824,#825,#971,.T.);
#602=EDGE_CURVE('',#819,#825,#972,.T.);
#603=EDGE_CURVE('',#826,#827,#64,.T.);
#604=EDGE_CURVE('',#827,#828,#973,.T.);
#605=EDGE_CURVE('',#828,#829,#65,.T.);
#606=EDGE_CURVE('',#829,#830,#974,.T.);
#607=EDGE_CURVE('',#830,#831,#66,.T.);
#608=EDGE_CURVE('',#831,#832,#975,.T.);
#609=EDGE_CURVE('',#832,#833,#67,.T.);
#610=EDGE_CURVE('',#833,#826,#976,.T.);
#611=EDGE_CURVE('',#834,#835,#68,.F.);
#612=EDGE_CURVE('',#835,#836,#977,.T.);
#613=EDGE_CURVE('',#836,#837,#69,.F.);
#614=EDGE_CURVE('',#837,#838,#978,.T.);
#615=EDGE_CURVE('',#838,#839,#70,.F.);
#616=EDGE_CURVE('',#839,#840,#979,.T.);
#617=EDGE_CURVE('',#840,#841,#71,.F.);
#618=EDGE_CURVE('',#841,#834,#980,.T.);
#619=EDGE_CURVE('',#842,#842,#72,.F.);
#620=EDGE_CURVE('',#843,#843,#73,.F.);
#621=EDGE_CURVE('',#844,#844,#74,.F.);
#622=EDGE_CURVE('',#845,#845,#75,.T.);
#623=EDGE_CURVE('',#846,#846,#76,.T.);
#624=EDGE_CURVE('',#847,#847,#77,.T.);
#625=EDGE_CURVE('',#848,#849,#981,.T.);
#626=EDGE_CURVE('',#848,#850,#78,.T.);
#627=EDGE_CURVE('',#850,#851,#982,.T.);
#628=EDGE_CURVE('',#851,#852,#79,.T.);
#629=EDGE_CURVE('',#852,#853,#983,.T.);
#630=EDGE_CURVE('',#854,#853,#984,.T.);
#631=EDGE_CURVE('',#855,#854,#80,.T.);
#632=EDGE_CURVE('',#855,#856,#985,.T.);
#633=EDGE_CURVE('',#856,#857,#986,.T.);
#634=EDGE_CURVE('',#858,#857,#987,.T.);
#635=EDGE_CURVE('',#859,#858,#81,.F.);
#636=EDGE_CURVE('',#859,#860,#988,.T.);
#637=EDGE_CURVE('',#860,#861,#989,.T.);
#638=EDGE_CURVE('',#862,#861,#990,.T.);
#639=EDGE_CURVE('',#863,#862,#82,.T.);
#640=EDGE_CURVE('',#863,#819,#991,.T.);
#641=EDGE_CURVE('',#864,#825,#992,.T.);
#642=EDGE_CURVE('',#865,#864,#83,.T.);
#643=EDGE_CURVE('',#865,#866,#993,.T.);
#644=EDGE_CURVE('',#866,#867,#994,.T.);
#645=EDGE_CURVE('',#868,#867,#995,.T.);
#646=EDGE_CURVE('',#869,#868,#84,.T.);
#647=EDGE_CURVE('',#869,#870,#996,.T.);
#648=EDGE_CURVE('',#870,#871,#997,.T.);
#649=EDGE_CURVE('',#871,#872,#85,.T.);
#650=EDGE_CURVE('',#873,#872,#998,.T.);
#651=EDGE_CURVE('',#873,#849,#86,.T.);
#652=EDGE_CURVE('',#874,#874,#87,.T.);
#653=EDGE_CURVE('',#875,#876,#999,.T.);
#654=EDGE_CURVE('',#876,#877,#1000,.T.);
#655=EDGE_CURVE('',#878,#877,#1001,.T.);
#656=EDGE_CURVE('',#875,#878,#1002,.T.);
#657=EDGE_CURVE('',#879,#879,#88,.T.);
#658=EDGE_CURVE('',#880,#881,#1003,.T.);
#659=EDGE_CURVE('',#880,#857,#1004,.T.);
#660=EDGE_CURVE('',#882,#856,#1005,.T.);
#661=EDGE_CURVE('',#883,#882,#1006,.T.);
#662=EDGE_CURVE('',#884,#883,#1007,.T.);
#663=EDGE_CURVE('',#884,#885,#1008,.T.);
#664=EDGE_CURVE('',#885,#886,#1009,.T.);
#665=EDGE_CURVE('',#887,#886,#1010,.T.);
#666=EDGE_CURVE('',#887,#861,#1011,.T.);
#667=EDGE_CURVE('',#881,#860,#1012,.T.);
#668=EDGE_CURVE('',#888,#858,#1013,.T.);
#669=EDGE_CURVE('',#889,#888,#89,.T.);
#670=EDGE_CURVE('',#889,#859,#1014,.T.);
#671=EDGE_CURVE('',#890,#854,#1015,.T.);
#672=EDGE_CURVE('',#891,#890,#90,.T.);
#673=EDGE_CURVE('',#891,#855,#1016,.T.);
#674=EDGE_CURVE('',#892,#892,#91,.T.);
#675=EDGE_CURVE('',#849,#893,#1017,.F.);
#676=EDGE_CURVE('',#893,#894,#1018,.T.);
#677=EDGE_CURVE('',#894,#848,#1019,.T.);
#678=EDGE_CURVE('',#872,#895,#1020,.F.);
#679=EDGE_CURVE('',#895,#896,#1021,.T.);
#680=EDGE_CURVE('',#896,#873,#1022,.T.);
#681=EDGE_CURVE('',#850,#897,#1023,.F.);
#682=EDGE_CURVE('',#897,#898,#1024,.T.);
#683=EDGE_CURVE('',#898,#851,#1025,.T.);
#684=EDGE_CURVE('',#899,#899,#92,.T.);
#685=EDGE_CURVE('',#900,#900,#93,.T.);
#686=EDGE_CURVE('',#901,#901,#94,.F.);
#687=EDGE_CURVE('',#902,#824,#1026,.T.);
#688=EDGE_CURVE('',#823,#903,#95,.T.);
#689=EDGE_CURVE('',#903,#904,#1027,.T.);
#690=EDGE_CURVE('',#905,#904,#1028,.T.);
#691=EDGE_CURVE('',#905,#902,#96,.T.);
#692=EDGE_CURVE('',#906,#906,#97,.F.);
#693=EDGE_CURVE('',#907,#887,#1029,.T.);
#694=EDGE_CURVE('',#886,#820,#98,.T.);
#695=EDGE_CURVE('',#908,#818,#1030,.T.);
#696=EDGE_CURVE('',#908,#907,#99,.T.);
#697=EDGE_CURVE('',#890,#909,#1031,.T.);
#698=EDGE_CURVE('',#909,#910,#1032,.T.);
#699=EDGE_CURVE('',#910,#883,#100,.T.);
#700=EDGE_CURVE('',#891,#882,#1033,.T.);
#701=EDGE_CURVE('',#911,#911,#101,.F.);
#702=EDGE_CURVE('',#912,#913,#1034,.T.);
#703=EDGE_CURVE('',#913,#914,#1035,.T.);
#704=EDGE_CURVE('',#914,#915,#102,.T.);
#705=EDGE_CURVE('',#915,#916,#1036,.T.);
#706=EDGE_CURVE('',#917,#916,#1037,.T.);
#707=EDGE_CURVE('',#917,#912,#103,.T.);
#708=EDGE_CURVE('',#918,#910,#1038,.T.);
#709=EDGE_CURVE('',#918,#884,#104,.T.);
#710=EDGE_CURVE('',#852,#919,#1039,.F.);
#711=EDGE_CURVE('',#919,#920,#1040,.T.);
#712=EDGE_CURVE('',#920,#871,#1041,.T.);
#713=EDGE_CURVE('',#916,#870,#1042,.T.);
#714=EDGE_CURVE('',#921,#915,#1043,.T.);
#715=EDGE_CURVE('',#921,#918,#1044,.T.);
#716=EDGE_CURVE('',#909,#853,#1045,.T.);
#717=EDGE_CURVE('',#922,#914,#1046,.T.);
#718=EDGE_CURVE('',#922,#921,#105,.T.);
#719=EDGE_CURVE('',#913,#867,#1047,.T.);
#720=EDGE_CURVE('',#904,#866,#1048,.T.);
#721=EDGE_CURVE('',#923,#903,#1049,.T.);
#722=EDGE_CURVE('',#923,#922,#1050,.T.);
#723=EDGE_CURVE('',#822,#923,#106,.T.);
#724=EDGE_CURVE('',#885,#821,#107,.T.);
#725=EDGE_CURVE('',#924,#925,#1051,.T.);
#726=EDGE_CURVE('',#925,#926,#108,.T.);
#727=EDGE_CURVE('',#926,#927,#1052,.T.);
#728=EDGE_CURVE('',#927,#928,#109,.T.);
#729=EDGE_CURVE('',#928,#929,#1053,.T.);
#730=EDGE_CURVE('',#929,#930,#110,.T.);
#731=EDGE_CURVE('',#930,#931,#1054,.T.);
#732=EDGE_CURVE('',#931,#924,#111,.T.);
#733=EDGE_CURVE('',#932,#932,#112,.F.);
#734=EDGE_CURVE('',#888,#880,#1055,.T.);
#735=EDGE_CURVE('',#889,#881,#1056,.T.);
#736=EDGE_CURVE('',#902,#864,#1057,.T.);
#737=EDGE_CURVE('',#905,#865,#1058,.T.);
#738=EDGE_CURVE('',#912,#868,#1059,.T.);
#739=EDGE_CURVE('',#917,#869,#1060,.T.);
#740=EDGE_CURVE('',#908,#863,#1061,.T.);
#741=EDGE_CURVE('',#907,#862,#1062,.T.);
#742=EDGE_CURVE('',#933,#933,#113,.T.);
#743=EDGE_CURVE('',#934,#934,#114,.T.);
#744=EDGE_CURVE('',#935,#935,#115,.T.);
#745=EDGE_CURVE('',#936,#936,#116,.T.);
#746=EDGE_CURVE('',#937,#937,#117,.T.);
#747=EDGE_CURVE('',#938,#938,#118,.T.);
#748=EDGE_CURVE('',#939,#939,#119,.T.);
#749=EDGE_CURVE('',#940,#940,#120,.T.);
#750=EDGE_CURVE('',#941,#875,#1063,.T.);
#751=EDGE_CURVE('',#941,#942,#1064,.T.);
#752=EDGE_CURVE('',#942,#876,#1065,.T.);
#753=EDGE_CURVE('',#943,#878,#1066,.T.);
#754=EDGE_CURVE('',#941,#943,#1067,.T.);
#755=EDGE_CURVE('',#944,#877,#1068,.T.);
#756=EDGE_CURVE('',#943,#944,#1069,.T.);
#757=EDGE_CURVE('',#942,#944,#1070,.T.);
#758=EDGE_CURVE('',#930,#945,#1071,.F.);
#759=EDGE_CURVE('',#945,#946,#1072,.T.);
#760=EDGE_CURVE('',#946,#931,#1073,.T.);
#761=EDGE_CURVE('',#928,#947,#1074,.F.);
#762=EDGE_CURVE('',#947,#948,#1075,.T.);
#763=EDGE_CURVE('',#948,#929,#1076,.T.);
#764=EDGE_CURVE('',#924,#949,#1077,.F.);
#765=EDGE_CURVE('',#949,#950,#1078,.T.);
#766=EDGE_CURVE('',#950,#925,#1079,.T.);
#767=EDGE_CURVE('',#896,#893,#121,.T.);
#768=EDGE_CURVE('',#920,#895,#122,.T.);
#769=EDGE_CURVE('',#898,#919,#123,.T.);
#770=EDGE_CURVE('',#894,#897,#124,.T.);
#771=EDGE_CURVE('',#840,#897,#1080,.T.);
#772=EDGE_CURVE('',#898,#839,#1081,.T.);
#773=EDGE_CURVE('',#919,#838,#1082,.T.);
#774=EDGE_CURVE('',#841,#894,#1083,.T.);
#775=EDGE_CURVE('',#920,#837,#1084,.T.);
#776=EDGE_CURVE('',#834,#893,#1085,.T.);
#777=EDGE_CURVE('',#895,#836,#1086,.T.);
#778=EDGE_CURVE('',#835,#896,#1087,.T.);
#779=EDGE_CURVE('',#951,#952,#1088,.F.);
#780=EDGE_CURVE('',#952,#953,#125,.F.);
#781=EDGE_CURVE('',#953,#954,#1089,.F.);
#782=EDGE_CURVE('',#954,#955,#126,.F.);
#783=EDGE_CURVE('',#955,#956,#1090,.T.);
#784=EDGE_CURVE('',#956,#957,#127,.F.);
#785=EDGE_CURVE('',#957,#958,#1091,.T.);
#786=EDGE_CURVE('',#958,#951,#128,.F.);
#787=EDGE_CURVE('',#926,#959,#1092,.F.);
#788=EDGE_CURVE('',#959,#960,#1093,.T.);
#789=EDGE_CURVE('',#960,#927,#1094,.T.);
#790=EDGE_CURVE('',#955,#815,#129,.T.);
#791=EDGE_CURVE('',#816,#954,#130,.T.);
#792=EDGE_CURVE('',#956,#814,#131,.T.);
#793=EDGE_CURVE('',#817,#953,#132,.T.);
#794=EDGE_CURVE('',#957,#813,#133,.T.);
#795=EDGE_CURVE('',#810,#952,#134,.T.);
#796=EDGE_CURVE('',#958,#812,#135,.T.);
#797=EDGE_CURVE('',#811,#951,#136,.T.);
#798=EDGE_CURVE('',#950,#959,#137,.F.);
#799=EDGE_CURVE('',#960,#947,#138,.F.);
#800=EDGE_CURVE('',#946,#949,#139,.F.);
#801=EDGE_CURVE('',#948,#945,#140,.F.);
#802=EDGE_CURVE('',#948,#831,#1095,.T.);
#803=EDGE_CURVE('',#832,#947,#1096,.T.);
#804=EDGE_CURVE('',#833,#960,#1097,.T.);
#805=EDGE_CURVE('',#945,#830,#1098,.T.);
#806=EDGE_CURVE('',#826,#959,#1099,.T.);
#807=EDGE_CURVE('',#946,#829,#1100,.T.);
#808=EDGE_CURVE('',#827,#950,#1101,.T.);
#809=EDGE_CURVE('',#949,#828,#1102,.T.);
#810=VERTEX_POINT('',#2322);
#811=VERTEX_POINT('',#2323);
#812=VERTEX_POINT('',#2325);
#813=VERTEX_POINT('',#2327);
#814=VERTEX_POINT('',#2329);
#815=VERTEX_POINT('',#2331);
#816=VERTEX_POINT('',#2333);
#817=VERTEX_POINT('',#2335);
#818=VERTEX_POINT('',#2338);
#819=VERTEX_POINT('',#2339);
#820=VERTEX_POINT('',#2341);
#821=VERTEX_POINT('',#2343);
#822=VERTEX_POINT('',#2345);
#823=VERTEX_POINT('',#2347);
#824=VERTEX_POINT('',#2349);
#825=VERTEX_POINT('',#2351);
#826=VERTEX_POINT('',#2355);
#827=VERTEX_POINT('',#2356);
#828=VERTEX_POINT('',#2358);
#829=VERTEX_POINT('',#2360);
#830=VERTEX_POINT('',#2362);
#831=VERTEX_POINT('',#2364);
#832=VERTEX_POINT('',#2366);
#833=VERTEX_POINT('',#2368);
#834=VERTEX_POINT('',#2371);
#835=VERTEX_POINT('',#2372);
#836=VERTEX_POINT('',#2374);
#837=VERTEX_POINT('',#2376);
#838=VERTEX_POINT('',#2378);
#839=VERTEX_POINT('',#2380);
#840=VERTEX_POINT('',#2382);
#841=VERTEX_POINT('',#2384);
#842=VERTEX_POINT('',#2387);
#843=VERTEX_POINT('',#2389);
#844=VERTEX_POINT('',#2391);
#845=VERTEX_POINT('',#2393);
#846=VERTEX_POINT('',#2396);
#847=VERTEX_POINT('',#2398);
#848=VERTEX_POINT('',#2400);
#849=VERTEX_POINT('',#2401);
#850=VERTEX_POINT('',#2403);
#851=VERTEX_POINT('',#2405);
#852=VERTEX_POINT('',#2407);
#853=VERTEX_POINT('',#2409);
#854=VERTEX_POINT('',#2411);
#855=VERTEX_POINT('',#2413);
#856=VERTEX_POINT('',#2415);
#857=VERTEX_POINT('',#2417);
#858=VERTEX_POINT('',#2419);
#859=VERTEX_POINT('',#2421);
#860=VERTEX_POINT('',#2423);
#861=VERTEX_POINT('',#2425);
#862=VERTEX_POINT('',#2427);
#863=VERTEX_POINT('',#2429);
#864=VERTEX_POINT('',#2432);
#865=VERTEX_POINT('',#2434);
#866=VERTEX_POINT('',#2436);
#867=VERTEX_POINT('',#2438);
#868=VERTEX_POINT('',#2440);
#869=VERTEX_POINT('',#2442);
#870=VERTEX_POINT('',#2444);
#871=VERTEX_POINT('',#2446);
#872=VERTEX_POINT('',#2448);
#873=VERTEX_POINT('',#2450);
#874=VERTEX_POINT('',#2453);
#875=VERTEX_POINT('',#2455);
#876=VERTEX_POINT('',#2456);
#877=VERTEX_POINT('',#2458);
#878=VERTEX_POINT('',#2460);
#879=VERTEX_POINT('',#2464);
#880=VERTEX_POINT('',#2467);
#881=VERTEX_POINT('',#2468);
#882=VERTEX_POINT('',#2471);
#883=VERTEX_POINT('',#2473);
#884=VERTEX_POINT('',#2475);
#885=VERTEX_POINT('',#2477);
#886=VERTEX_POINT('',#2479);
#887=VERTEX_POINT('',#2481);
#888=VERTEX_POINT('',#2486);
#889=VERTEX_POINT('',#2488);
#890=VERTEX_POINT('',#2492);
#891=VERTEX_POINT('',#2494);
#892=VERTEX_POINT('',#2498);
#893=VERTEX_POINT('',#2501);
#894=VERTEX_POINT('',#2503);
#895=VERTEX_POINT('',#2507);
#896=VERTEX_POINT('',#2509);
#897=VERTEX_POINT('',#2513);
#898=VERTEX_POINT('',#2515);
#899=VERTEX_POINT('',#2519);
#900=VERTEX_POINT('',#2522);
#901=VERTEX_POINT('',#2528);
#902=VERTEX_POINT('',#2530);
#903=VERTEX_POINT('',#2532);
#904=VERTEX_POINT('',#2534);
#905=VERTEX_POINT('',#2536);
#906=VERTEX_POINT('',#2540);
#907=VERTEX_POINT('',#2542);
#908=VERTEX_POINT('',#2545);
#909=VERTEX_POINT('',#2549);
#910=VERTEX_POINT('',#2551);
#911=VERTEX_POINT('',#2556);
#912=VERTEX_POINT('',#2558);
#913=VERTEX_POINT('',#2559);
#914=VERTEX_POINT('',#2561);
#915=VERTEX_POINT('',#2563);
#916=VERTEX_POINT('',#2565);
#917=VERTEX_POINT('',#2567);
#918=VERTEX_POINT('',#2571);
#919=VERTEX_POINT('',#2575);
#920=VERTEX_POINT('',#2577);
#921=VERTEX_POINT('',#2581);
#922=VERTEX_POINT('',#2586);
#923=VERTEX_POINT('',#2592);
#924=VERTEX_POINT('',#2602);
#925=VERTEX_POINT('',#2603);
#926=VERTEX_POINT('',#2605);
#927=VERTEX_POINT('',#2607);
#928=VERTEX_POINT('',#2609);
#929=VERTEX_POINT('',#2611);
#930=VERTEX_POINT('',#2613);
#931=VERTEX_POINT('',#2615);
#932=VERTEX_POINT('',#2619);
#933=VERTEX_POINT('',#2641);
#934=VERTEX_POINT('',#2643);
#935=VERTEX_POINT('',#2647);
#936=VERTEX_POINT('',#2649);
#937=VERTEX_POINT('',#2653);
#938=VERTEX_POINT('',#2655);
#939=VERTEX_POINT('',#2659);
#940=VERTEX_POINT('',#2661);
#941=VERTEX_POINT('',#2669);
#942=VERTEX_POINT('',#2671);
#943=VERTEX_POINT('',#2675);
#944=VERTEX_POINT('',#2679);
#945=VERTEX_POINT('',#2686);
#946=VERTEX_POINT('',#2688);
#947=VERTEX_POINT('',#2692);
#948=VERTEX_POINT('',#2694);
#949=VERTEX_POINT('',#2698);
#950=VERTEX_POINT('',#2700);
#951=VERTEX_POINT('',#2728);
#952=VERTEX_POINT('',#2729);
#953=VERTEX_POINT('',#2731);
#954=VERTEX_POINT('',#2733);
#955=VERTEX_POINT('',#2735);
#956=VERTEX_POINT('',#2737);
#957=VERTEX_POINT('',#2739);
#958=VERTEX_POINT('',#2741);
#959=VERTEX_POINT('',#2744);
#960=VERTEX_POINT('',#2746);
#961=LINE('',#2321,#1103);
#962=LINE('',#2326,#1104);
#963=LINE('',#2330,#1105);
#964=LINE('',#2334,#1106);
#965=LINE('',#2337,#1107);
#966=LINE('',#2340,#1108);
#967=LINE('',#2342,#1109);
#968=LINE('',#2344,#1110);
#969=LINE('',#2346,#1111);
#970=LINE('',#2348,#1112);
#971=LINE('',#2350,#1113);
#972=LINE('',#2352,#1114);
#973=LINE('',#2357,#1115);
#974=LINE('',#2361,#1116);
#975=LINE('',#2365,#1117);
#976=LINE('',#2369,#1118);
#977=LINE('',#2373,#1119);
#978=LINE('',#2377,#1120);
#979=LINE('',#2381,#1121);
#980=LINE('',#2385,#1122);
#981=LINE('',#2399,#1123);
#982=LINE('',#2404,#1124);
#983=LINE('',#2408,#1125);
#984=LINE('',#2410,#1126);
#985=LINE('',#2414,#1127);
#986=LINE('',#2416,#1128);
#987=LINE('',#2418,#1129);
#988=LINE('',#2422,#1130);
#989=LINE('',#2424,#1131);
#990=LINE('',#2426,#1132);
#991=LINE('',#2430,#1133);
#992=LINE('',#2431,#1134);
#993=LINE('',#2435,#1135);
#994=LINE('',#2437,#1136);
#995=LINE('',#2439,#1137);
#996=LINE('',#2443,#1138);
#997=LINE('',#2445,#1139);
#998=LINE('',#2449,#1140);
#999=LINE('',#2454,#1141);
#1000=LINE('',#2457,#1142);
#1001=LINE('',#2459,#1143);
#1002=LINE('',#2461,#1144);
#1003=LINE('',#2466,#1145);
#1004=LINE('',#2469,#1146);
#1005=LINE('',#2470,#1147);
#1006=LINE('',#2472,#1148);
#1007=LINE('',#2474,#1149);
#1008=LINE('',#2476,#1150);
#1009=LINE('',#2478,#1151);
#1010=LINE('',#2480,#1152);
#1011=LINE('',#2482,#1153);
#1012=LINE('',#2483,#1154);
#1013=LINE('',#2485,#1155);
#1014=LINE('',#2489,#1156);
#1015=LINE('',#2491,#1157);
#1016=LINE('',#2495,#1158);
#1017=LINE('',#2500,#1159);
#1018=LINE('',#2502,#1160);
#1019=LINE('',#2504,#1161);
#1020=LINE('',#2506,#1162);
#1021=LINE('',#2508,#1163);
#1022=LINE('',#2510,#1164);
#1023=LINE('',#2512,#1165);
#1024=LINE('',#2514,#1166);
#1025=LINE('',#2516,#1167);
#1026=LINE('',#2529,#1168);
#1027=LINE('',#2533,#1169);
#1028=LINE('',#2535,#1170);
#1029=LINE('',#2541,#1171);
#1030=LINE('',#2544,#1172);
#1031=LINE('',#2548,#1173);
#1032=LINE('',#2550,#1174);
#1033=LINE('',#2553,#1175);
#1034=LINE('',#2557,#1176);
#1035=LINE('',#2560,#1177);
#1036=LINE('',#2564,#1178);
#1037=LINE('',#2566,#1179);
#1038=LINE('',#2570,#1180);
#1039=LINE('',#2574,#1181);
#1040=LINE('',#2576,#1182);
#1041=LINE('',#2578,#1183);
#1042=LINE('',#2579,#1184);
#1043=LINE('',#2580,#1185);
#1044=LINE('',#2582,#1186);
#1045=LINE('',#2583,#1187);
#1046=LINE('',#2585,#1188);
#1047=LINE('',#2589,#1189);
#1048=LINE('',#2590,#1190);
#1049=LINE('',#2591,#1191);
#1050=LINE('',#2593,#1192);
#1051=LINE('',#2601,#1193);
#1052=LINE('',#2606,#1194);
#1053=LINE('',#2610,#1195);
#1054=LINE('',#2614,#1196);
#1055=LINE('',#2620,#1197);
#1056=LINE('',#2621,#1198);
#1057=LINE('',#2623,#1199);
#1058=LINE('',#2625,#1200);
#1059=LINE('',#2628,#1201);
#1060=LINE('',#2630,#1202);
#1061=LINE('',#2633,#1203);
#1062=LINE('',#2635,#1204);
#1063=LINE('',#2668,#1205);
#1064=LINE('',#2670,#1206);
#1065=LINE('',#2672,#1207);
#1066=LINE('',#2674,#1208);
#1067=LINE('',#2676,#1209);
#1068=LINE('',#2678,#1210);
#1069=LINE('',#2680,#1211);
#1070=LINE('',#2682,#1212);
#1071=LINE('',#2685,#1213);
#1072=LINE('',#2687,#1214);
#1073=LINE('',#2689,#1215);
#1074=LINE('',#2691,#1216);
#1075=LINE('',#2693,#1217);
#1076=LINE('',#2695,#1218);
#1077=LINE('',#2697,#1219);
#1078=LINE('',#2699,#1220);
#1079=LINE('',#2701,#1221);
#1080=LINE('',#2711,#1222);
#1081=LINE('',#2712,#1223);
#1082=LINE('',#2714,#1224);
#1083=LINE('',#2716,#1225);
#1084=LINE('',#2718,#1226);
#1085=LINE('',#2720,#1227);
#1086=LINE('',#2722,#1228);
#1087=LINE('',#2724,#1229);
#1088=LINE('',#2727,#1230);
#1089=LINE('',#2732,#1231);
#1090=LINE('',#2736,#1232);
#1091=LINE('',#2740,#1233);
#1092=LINE('',#2743,#1234);
#1093=LINE('',#2745,#1235);
#1094=LINE('',#2747,#1236);
#1095=LINE('',#2773,#1237);
#1096=LINE('',#2774,#1238);
#1097=LINE('',#2776,#1239);
#1098=LINE('',#2778,#1240);
#1099=LINE('',#2780,#1241);
#1100=LINE('',#2782,#1242);
#1101=LINE('',#2784,#1243);
#1102=LINE('',#2786,#1244);
#1103=VECTOR('',#1829,1.);
#1104=VECTOR('',#1832,1.);
#1105=VECTOR('',#1835,1.);
#1106=VECTOR('',#1838,1.);
#1107=VECTOR('',#1841,1.);
#1108=VECTOR('',#1842,1.);
#1109=VECTOR('',#1843,1.);
#1110=VECTOR('',#1844,1.);
#1111=VECTOR('',#1845,1.);
#1112=VECTOR('',#1846,1.);
#1113=VECTOR('',#1847,1.);
#1114=VECTOR('',#1848,1.);
#1115=VECTOR('',#1853,1.);
#1116=VECTOR('',#1856,1.);
#1117=VECTOR('',#1859,1.);
#1118=VECTOR('',#1862,1.);
#1119=VECTOR('',#1865,1.);
#1120=VECTOR('',#1868,1.);
#1121=VECTOR('',#1871,1.);
#1122=VECTOR('',#1874,1.);
#1123=VECTOR('',#1889,1.);
#1124=VECTOR('',#1892,1.);
#1125=VECTOR('',#1895,1.);
#1126=VECTOR('',#1896,1.);
#1127=VECTOR('',#1899,1.);
#1128=VECTOR('',#1900,1.);
#1129=VECTOR('',#1901,1.);
#1130=VECTOR('',#1904,1.);
#1131=VECTOR('',#1905,1.);
#1132=VECTOR('',#1906,1.);
#1133=VECTOR('',#1909,1.);
#1134=VECTOR('',#1910,1.);
#1135=VECTOR('',#1913,1.);
#1136=VECTOR('',#1914,1.);
#1137=VECTOR('',#1915,1.);
#1138=VECTOR('',#1918,1.);
#1139=VECTOR('',#1919,1.);
#1140=VECTOR('',#1922,1.);
#1141=VECTOR('',#1927,1.);
#1142=VECTOR('',#1928,1.);
#1143=VECTOR('',#1929,1.);
#1144=VECTOR('',#1930,1.);
#1145=VECTOR('',#1937,1.);
#1146=VECTOR('',#1938,1.);
#1147=VECTOR('',#1939,1.);
#1148=VECTOR('',#1940,1.);
#1149=VECTOR('',#1941,1.);
#1150=VECTOR('',#1942,1.);
#1151=VECTOR('',#1943,1.);
#1152=VECTOR('',#1944,1.);
#1153=VECTOR('',#1945,1.);
#1154=VECTOR('',#1946,1.);
#1155=VECTOR('',#1949,1.);
#1156=VECTOR('',#1952,1.);
#1157=VECTOR('',#1955,1.);
#1158=VECTOR('',#1958,1.);
#1159=VECTOR('',#1965,1.);
#1160=VECTOR('',#1966,1.);
#1161=VECTOR('',#1967,1.);
#1162=VECTOR('',#1970,1.);
#1163=VECTOR('',#1971,1.);
#1164=VECTOR('',#1972,1.);
#1165=VECTOR('',#1975,1.);
#1166=VECTOR('',#1976,1.);
#1167=VECTOR('',#1977,1.);
#1168=VECTOR('',#1996,1.);
#1169=VECTOR('',#1999,1.);
#1170=VECTOR('',#2000,1.);
#1171=VECTOR('',#2007,1.);
#1172=VECTOR('',#2010,1.);
#1173=VECTOR('',#2015,1.);
#1174=VECTOR('',#2016,1.);
#1175=VECTOR('',#2019,1.);
#1176=VECTOR('',#2024,1.);
#1177=VECTOR('',#2025,1.);
#1178=VECTOR('',#2028,1.);
#1179=VECTOR('',#2029,1.);
#1180=VECTOR('',#2034,1.);
#1181=VECTOR('',#2039,1.);
#1182=VECTOR('',#2040,1.);
#1183=VECTOR('',#2041,1.);
#1184=VECTOR('',#2042,1.);
#1185=VECTOR('',#2043,1.);
#1186=VECTOR('',#2044,1.);
#1187=VECTOR('',#2045,1.);
#1188=VECTOR('',#2048,1.);
#1189=VECTOR('',#2053,1.);
#1190=VECTOR('',#2054,1.);
#1191=VECTOR('',#2055,1.);
#1192=VECTOR('',#2056,1.);
#1193=VECTOR('',#2071,1.);
#1194=VECTOR('',#2074,1.);
#1195=VECTOR('',#2077,1.);
#1196=VECTOR('',#2080,1.);
#1197=VECTOR('',#2087,1.);
#1198=VECTOR('',#2088,1.);
#1199=VECTOR('',#2091,1.);
#1200=VECTOR('',#2094,1.);
#1201=VECTOR('',#2099,1.);
#1202=VECTOR('',#2102,1.);
#1203=VECTOR('',#2107,1.);
#1204=VECTOR('',#2110,1.);
#1205=VECTOR('',#2159,1.);
#1206=VECTOR('',#2160,1.);
#1207=VECTOR('',#2161,1.);
#1208=VECTOR('',#2164,1.);
#1209=VECTOR('',#2165,1.);
#1210=VECTOR('',#2168,1.);
#1211=VECTOR('',#2169,1.);
#1212=VECTOR('',#2172,1.);
#1213=VECTOR('',#2177,1.);
#1214=VECTOR('',#2178,1.);
#1215=VECTOR('',#2179,1.);
#1216=VECTOR('',#2182,1.);
#1217=VECTOR('',#2183,1.);
#1218=VECTOR('',#2184,1.);
#1219=VECTOR('',#2187,1.);
#1220=VECTOR('',#2188,1.);
#1221=VECTOR('',#2189,1.);
#1222=VECTOR('',#2208,1.);
#1223=VECTOR('',#2209,1.);
#1224=VECTOR('',#2212,1.);
#1225=VECTOR('',#2215,1.);
#1226=VECTOR('',#2218,1.);
#1227=VECTOR('',#2221,1.);
#1228=VECTOR('',#2224,1.);
#1229=VECTOR('',#2227,1.);
#1230=VECTOR('',#2232,1.);
#1231=VECTOR('',#2235,1.);
#1232=VECTOR('',#2238,1.);
#1233=VECTOR('',#2241,1.);
#1234=VECTOR('',#2244,1.);
#1235=VECTOR('',#2245,1.);
#1236=VECTOR('',#2246,1.);
#1237=VECTOR('',#2297,1.);
#1238=VECTOR('',#2298,1.);
#1239=VECTOR('',#2301,1.);
#1240=VECTOR('',#2304,1.);
#1241=VECTOR('',#2307,1.);
#1242=VECTOR('',#2310,1.);
#1243=VECTOR('',#2313,1.);
#1244=VECTOR('',#2316,1.);
#1245=EDGE_LOOP('',(#141,#142,#143,#144,#145,#146,#147,#148));
#1246=EDGE_LOOP('',(#149,#150,#151,#152,#153,#154,#155,#156));
#1247=EDGE_LOOP('',(#157,#158,#159,#160,#161,#162,#163,#164));
#1248=EDGE_LOOP('',(#165,#166,#167,#168,#169,#170,#171,#172));
#1249=EDGE_LOOP('',(#173));
#1250=EDGE_LOOP('',(#174));
#1251=EDGE_LOOP('',(#175));
#1252=EDGE_LOOP('',(#176));
#1253=EDGE_LOOP('',(#177));
#1254=EDGE_LOOP('',(#178));
#1255=EDGE_LOOP('',(#179,#180,#181,#182,#183,#184,#185,#186,#187,#188,#189,
#190,#191,#192,#193,#194,#195,#196,#197,#198,#199,#200,#201,#202,#203,#204,
#205,#206));
#1256=EDGE_LOOP('',(#207));
#1257=EDGE_LOOP('',(#208,#209,#210,#211));
#1258=EDGE_LOOP('',(#212));
#1259=EDGE_LOOP('',(#213));
#1260=EDGE_LOOP('',(#214,#215,#216,#217,#218,#219,#220,#221,#222,#223,#224,
#225));
#1261=EDGE_LOOP('',(#226,#227,#228,#229));
#1262=EDGE_LOOP('',(#230,#231,#232,#233));
#1263=EDGE_LOOP('',(#234));
#1264=EDGE_LOOP('',(#235));
#1265=EDGE_LOOP('',(#236,#237,#238,#239));
#1266=EDGE_LOOP('',(#240,#241,#242,#243));
#1267=EDGE_LOOP('',(#244,#245,#246,#247));
#1268=EDGE_LOOP('',(#248));
#1269=EDGE_LOOP('',(#249));
#1270=EDGE_LOOP('',(#250));
#1271=EDGE_LOOP('',(#251));
#1272=EDGE_LOOP('',(#252));
#1273=EDGE_LOOP('',(#253));
#1274=EDGE_LOOP('',(#254));
#1275=EDGE_LOOP('',(#255));
#1276=EDGE_LOOP('',(#256));
#1277=EDGE_LOOP('',(#257));
#1278=EDGE_LOOP('',(#258));
#1279=EDGE_LOOP('',(#259,#260,#261,#262,#263,#264));
#1280=EDGE_LOOP('',(#265));
#1281=EDGE_LOOP('',(#266,#267,#268,#269,#270,#271));
#1282=EDGE_LOOP('',(#272,#273,#274,#275,#276,#277));
#1283=EDGE_LOOP('',(#278));
#1284=EDGE_LOOP('',(#279,#280,#281,#282,#283,#284));
#1285=EDGE_LOOP('',(#285,#286,#287,#288));
#1286=EDGE_LOOP('',(#289,#290,#291,#292,#293,#294,#295,#296,#297,#298,#299,
#300));
#1287=EDGE_LOOP('',(#301,#302,#303,#304));
#1288=EDGE_LOOP('',(#305,#306,#307,#308,#309,#310,#311,#312));
#1289=EDGE_LOOP('',(#313,#314,#315,#316));
#1290=EDGE_LOOP('',(#317,#318,#319,#320));
#1291=EDGE_LOOP('',(#321,#322,#323,#324));
#1292=EDGE_LOOP('',(#325,#326,#327,#328));
#1293=EDGE_LOOP('',(#329,#330,#331,#332,#333,#334,#335,#336));
#1294=EDGE_LOOP('',(#337,#338,#339,#340,#341,#342,#343,#344));
#1295=EDGE_LOOP('',(#345));
#1296=EDGE_LOOP('',(#346,#347,#348,#349));
#1297=EDGE_LOOP('',(#350,#351,#352,#353));
#1298=EDGE_LOOP('',(#354,#355,#356,#357));
#1299=EDGE_LOOP('',(#358,#359,#360,#361));
#1300=EDGE_LOOP('',(#362,#363,#364,#365));
#1301=EDGE_LOOP('',(#366,#367,#368,#369));
#1302=EDGE_LOOP('',(#370,#371,#372,#373));
#1303=EDGE_LOOP('',(#374,#375,#376,#377));
#1304=EDGE_LOOP('',(#378,#379,#380,#381));
#1305=EDGE_LOOP('',(#382,#383,#384,#385));
#1306=EDGE_LOOP('',(#386,#387,#388,#389));
#1307=EDGE_LOOP('',(#390,#391,#392,#393));
#1308=EDGE_LOOP('',(#394));
#1309=EDGE_LOOP('',(#395));
#1310=EDGE_LOOP('',(#396));
#1311=EDGE_LOOP('',(#397));
#1312=EDGE_LOOP('',(#398));
#1313=EDGE_LOOP('',(#399));
#1314=EDGE_LOOP('',(#400));
#1315=EDGE_LOOP('',(#401));
#1316=EDGE_LOOP('',(#402));
#1317=EDGE_LOOP('',(#403));
#1318=EDGE_LOOP('',(#404));
#1319=EDGE_LOOP('',(#405));
#1320=EDGE_LOOP('',(#406));
#1321=EDGE_LOOP('',(#407));
#1322=EDGE_LOOP('',(#408));
#1323=EDGE_LOOP('',(#409));
#1324=EDGE_LOOP('',(#410));
#1325=EDGE_LOOP('',(#411));
#1326=EDGE_LOOP('',(#412));
#1327=EDGE_LOOP('',(#413));
#1328=EDGE_LOOP('',(#414,#415,#416,#417));
#1329=EDGE_LOOP('',(#418,#419,#420,#421));
#1330=EDGE_LOOP('',(#422,#423,#424,#425));
#1331=EDGE_LOOP('',(#426,#427,#428,#429));
#1332=EDGE_LOOP('',(#430,#431,#432,#433));
#1333=EDGE_LOOP('',(#434));
#1334=EDGE_LOOP('',(#435,#436,#437,#438));
#1335=EDGE_LOOP('',(#439,#440,#441,#442));
#1336=EDGE_LOOP('',(#443,#444,#445,#446));
#1337=EDGE_LOOP('',(#447,#448,#449,#450));
#1338=EDGE_LOOP('',(#451,#452,#453,#454));
#1339=EDGE_LOOP('',(#455,#456,#457,#458));
#1340=EDGE_LOOP('',(#459,#460,#461,#462));
#1341=EDGE_LOOP('',(#463,#464,#465,#466));
#1342=EDGE_LOOP('',(#467,#468,#469,#470));
#1343=EDGE_LOOP('',(#471,#472,#473,#474));
#1344=EDGE_LOOP('',(#475,#476,#477,#478));
#1345=EDGE_LOOP('',(#479,#480,#481,#482));
#1346=EDGE_LOOP('',(#483,#484,#485,#486));
#1347=EDGE_LOOP('',(#487,#488,#489,#490));
#1348=EDGE_LOOP('',(#491,#492,#493,#494));
#1349=EDGE_LOOP('',(#495,#496,#497,#498,#499,#500,#501,#502));
#1350=EDGE_LOOP('',(#503,#504,#505,#506));
#1351=EDGE_LOOP('',(#507,#508,#509,#510));
#1352=EDGE_LOOP('',(#511,#512,#513,#514));
#1353=EDGE_LOOP('',(#515,#516,#517,#518));
#1354=EDGE_LOOP('',(#519,#520,#521,#522));
#1355=EDGE_LOOP('',(#523,#524,#525,#526));
#1356=EDGE_LOOP('',(#527,#528,#529,#530));
#1357=EDGE_LOOP('',(#531,#532,#533,#534));
#1358=EDGE_LOOP('',(#535,#536,#537,#538));
#1359=EDGE_LOOP('',(#539,#540,#541,#542));
#1360=EDGE_LOOP('',(#543,#544,#545,#546));
#1361=EDGE_LOOP('',(#547,#548,#549,#550));
#1362=EDGE_LOOP('',(#551,#552,#553,#554));
#1363=EDGE_LOOP('',(#555,#556,#557,#558));
#1364=EDGE_LOOP('',(#559,#560,#561,#562));
#1365=EDGE_LOOP('',(#563,#564,#565,#566));
#1366=EDGE_LOOP('',(#567,#568,#569,#570));
#1367=EDGE_LOOP('',(#571,#572,#573,#574));
#1368=EDGE_LOOP('',(#575,#576,#577,#578));
#1369=EDGE_LOOP('',(#579,#580,#581,#582));
#1370=EDGE_LOOP('',(#583,#584,#585,#586));
#1371=FACE_BOUND('',#1245,.T.);
#1372=FACE_BOUND('',#1246,.T.);
#1373=FACE_BOUND('',#1247,.T.);
#1374=FACE_BOUND('',#1248,.T.);
#1375=FACE_BOUND('',#1249,.T.);
#1376=FACE_BOUND('',#1250,.T.);
#1377=FACE_BOUND('',#1251,.T.);
#1378=FACE_BOUND('',#1252,.T.);
#1379=FACE_BOUND('',#1253,.T.);
#1380=FACE_BOUND('',#1254,.T.);
#1381=FACE_BOUND('',#1255,.T.);
#1382=FACE_BOUND('',#1256,.T.);
#1383=FACE_BOUND('',#1257,.T.);
#1384=FACE_BOUND('',#1258,.T.);
#1385=FACE_BOUND('',#1259,.T.);
#1386=FACE_BOUND('',#1260,.T.);
#1387=FACE_BOUND('',#1261,.T.);
#1388=FACE_BOUND('',#1262,.T.);
#1389=FACE_BOUND('',#1263,.T.);
#1390=FACE_BOUND('',#1264,.T.);
#1391=FACE_BOUND('',#1265,.T.);
#1392=FACE_BOUND('',#1266,.T.);
#1393=FACE_BOUND('',#1267,.T.);
#1394=FACE_BOUND('',#1268,.T.);
#1395=FACE_BOUND('',#1269,.T.);
#1396=FACE_BOUND('',#1270,.T.);
#1397=FACE_BOUND('',#1271,.T.);
#1398=FACE_BOUND('',#1272,.T.);
#1399=FACE_BOUND('',#1273,.T.);
#1400=FACE_BOUND('',#1274,.T.);
#1401=FACE_BOUND('',#1275,.T.);
#1402=FACE_BOUND('',#1276,.T.);
#1403=FACE_BOUND('',#1277,.T.);
#1404=FACE_BOUND('',#1278,.T.);
#1405=FACE_BOUND('',#1279,.T.);
#1406=FACE_BOUND('',#1280,.T.);
#1407=FACE_BOUND('',#1281,.T.);
#1408=FACE_BOUND('',#1282,.T.);
#1409=FACE_BOUND('',#1283,.T.);
#1410=FACE_BOUND('',#1284,.T.);
#1411=FACE_BOUND('',#1285,.T.);
#1412=FACE_BOUND('',#1286,.T.);
#1413=FACE_BOUND('',#1287,.T.);
#1414=FACE_BOUND('',#1288,.T.);
#1415=FACE_BOUND('',#1289,.T.);
#1416=FACE_BOUND('',#1290,.T.);
#1417=FACE_BOUND('',#1291,.T.);
#1418=FACE_BOUND('',#1292,.T.);
#1419=FACE_BOUND('',#1293,.T.);
#1420=FACE_BOUND('',#1294,.T.);
#1421=FACE_BOUND('',#1295,.T.);
#1422=FACE_BOUND('',#1296,.T.);
#1423=FACE_BOUND('',#1297,.T.);
#1424=FACE_BOUND('',#1298,.T.);
#1425=FACE_BOUND('',#1299,.T.);
#1426=FACE_BOUND('',#1300,.T.);
#1427=FACE_BOUND('',#1301,.T.);
#1428=FACE_BOUND('',#1302,.T.);
#1429=FACE_BOUND('',#1303,.T.);
#1430=FACE_BOUND('',#1304,.T.);
#1431=FACE_BOUND('',#1305,.T.);
#1432=FACE_BOUND('',#1306,.T.);
#1433=FACE_BOUND('',#1307,.T.);
#1434=FACE_BOUND('',#1308,.T.);
#1435=FACE_BOUND('',#1309,.T.);
#1436=FACE_BOUND('',#1310,.T.);
#1437=FACE_BOUND('',#1311,.T.);
#1438=FACE_BOUND('',#1312,.T.);
#1439=FACE_BOUND('',#1313,.T.);
#1440=FACE_BOUND('',#1314,.T.);
#1441=FACE_BOUND('',#1315,.T.);
#1442=FACE_BOUND('',#1316,.T.);
#1443=FACE_BOUND('',#1317,.T.);
#1444=FACE_BOUND('',#1318,.T.);
#1445=FACE_BOUND('',#1319,.T.);
#1446=FACE_BOUND('',#1320,.T.);
#1447=FACE_BOUND('',#1321,.T.);
#1448=FACE_BOUND('',#1322,.T.);
#1449=FACE_BOUND('',#1323,.T.);
#1450=FACE_BOUND('',#1324,.T.);
#1451=FACE_BOUND('',#1325,.T.);
#1452=FACE_BOUND('',#1326,.T.);
#1453=FACE_BOUND('',#1327,.T.);
#1454=FACE_BOUND('',#1328,.T.);
#1455=FACE_BOUND('',#1329,.T.);
#1456=FACE_BOUND('',#1330,.T.);
#1457=FACE_BOUND('',#1331,.T.);
#1458=FACE_BOUND('',#1332,.T.);
#1459=FACE_BOUND('',#1333,.T.);
#1460=FACE_BOUND('',#1334,.T.);
#1461=FACE_BOUND('',#1335,.T.);
#1462=FACE_BOUND('',#1336,.T.);
#1463=FACE_BOUND('',#1337,.T.);
#1464=FACE_BOUND('',#1338,.T.);
#1465=FACE_BOUND('',#1339,.T.);
#1466=FACE_BOUND('',#1340,.T.);
#1467=FACE_BOUND('',#1341,.T.);
#1468=FACE_BOUND('',#1342,.T.);
#1469=FACE_BOUND('',#1343,.T.);
#1470=FACE_BOUND('',#1344,.T.);
#1471=FACE_BOUND('',#1345,.T.);
#1472=FACE_BOUND('',#1346,.T.);
#1473=FACE_BOUND('',#1347,.T.);
#1474=FACE_BOUND('',#1348,.T.);
#1475=FACE_BOUND('',#1349,.T.);
#1476=FACE_BOUND('',#1350,.T.);
#1477=FACE_BOUND('',#1351,.T.);
#1478=FACE_BOUND('',#1352,.T.);
#1479=FACE_BOUND('',#1353,.T.);
#1480=FACE_BOUND('',#1354,.T.);
#1481=FACE_BOUND('',#1355,.T.);
#1482=FACE_BOUND('',#1356,.T.);
#1483=FACE_BOUND('',#1357,.T.);
#1484=FACE_BOUND('',#1358,.T.);
#1485=FACE_BOUND('',#1359,.T.);
#1486=FACE_BOUND('',#1360,.T.);
#1487=FACE_BOUND('',#1361,.T.);
#1488=FACE_BOUND('',#1362,.T.);
#1489=FACE_BOUND('',#1363,.T.);
#1490=FACE_BOUND('',#1364,.T.);
#1491=FACE_BOUND('',#1365,.T.);
#1492=FACE_BOUND('',#1366,.T.);
#1493=FACE_BOUND('',#1367,.T.);
#1494=FACE_BOUND('',#1368,.T.);
#1495=FACE_BOUND('',#1369,.T.);
#1496=FACE_BOUND('',#1370,.T.);
#1497=PLANE('',#1650);
#1498=PLANE('',#1655);
#1499=PLANE('',#1668);
#1500=PLANE('',#1683);
#1501=PLANE('',#1690);
#1502=PLANE('',#1691);
#1503=PLANE('',#1692);
#1504=PLANE('',#1700);
#1505=PLANE('',#1704);
#1506=PLANE('',#1708);
#1507=PLANE('',#1710);
#1508=PLANE('',#1716);
#1509=PLANE('',#1719);
#1510=PLANE('',#1724);
#1511=PLANE('',#1725);
#1512=PLANE('',#1726);
#1513=PLANE('',#1731);
#1514=PLANE('',#1733);
#1515=PLANE('',#1735);
#1516=PLANE('',#1736);
#1517=PLANE('',#1738);
#1518=PLANE('',#1739);
#1519=PLANE('',#1741);
#1520=PLANE('',#1742);
#1521=PLANE('',#1743);
#1522=PLANE('',#1747);
#1523=PLANE('',#1751);
#1524=PLANE('',#1755);
#1525=PLANE('',#1759);
#1526=PLANE('',#1764);
#1527=PLANE('',#1765);
#1528=PLANE('',#1766);
#1529=PLANE('',#1767);
#1530=PLANE('',#1768);
#1531=PLANE('',#1769);
#1532=PLANE('',#1770);
#1533=PLANE('',#1771);
#1534=PLANE('',#1780);
#1535=PLANE('',#1783);
#1536=PLANE('',#1784);
#1537=PLANE('',#1787);
#1538=PLANE('',#1788);
#1539=PLANE('',#1817);
#1540=PLANE('',#1820);
#1541=PLANE('',#1821);
#1542=PLANE('',#1824);
#1543=ADVANCED_FACE('',(#1371,#1372),#1497,.T.);
#1544=ADVANCED_FACE('',(#1373,#1374,#1375,#1376,#1377,#1378),#1498,.T.);
#1545=ADVANCED_FACE('',(#1379,#1380,#1381,#1382,#1383),#1499,.F.);
#1546=ADVANCED_FACE('',(#1384,#1385),#31,.F.);
#1547=ADVANCED_FACE('',(#1386),#1500,.T.);
#1548=ADVANCED_FACE('',(#1387),#32,.T.);
#1549=ADVANCED_FACE('',(#1388),#33,.T.);
#1550=ADVANCED_FACE('',(#1389,#1390),#34,.F.);
#1551=ADVANCED_FACE('',(#1391),#1501,.F.);
#1552=ADVANCED_FACE('',(#1392),#1502,.F.);
#1553=ADVANCED_FACE('',(#1393),#1503,.T.);
#1554=ADVANCED_FACE('',(#1394,#1395),#35,.F.);
#1555=ADVANCED_FACE('',(#1396,#1397),#36,.F.);
#1556=ADVANCED_FACE('',(#1398,#1399),#16,.F.);
#1557=ADVANCED_FACE('',(#1400,#1401),#17,.F.);
#1558=ADVANCED_FACE('',(#1402,#1403),#18,.F.);
#1559=ADVANCED_FACE('',(#1404,#1405),#1504,.T.);
#1560=ADVANCED_FACE('',(#1406,#1407),#1505,.T.);
#1561=ADVANCED_FACE('',(#1408),#1506,.T.);
#1562=ADVANCED_FACE('',(#1409,#1410),#1507,.T.);
#1563=ADVANCED_FACE('',(#1411),#37,.F.);
#1564=ADVANCED_FACE('',(#1412),#1508,.T.);
#1565=ADVANCED_FACE('',(#1413),#38,.F.);
#1566=ADVANCED_FACE('',(#1414),#1509,.T.);
#1567=ADVANCED_FACE('',(#1415),#39,.F.);
#1568=ADVANCED_FACE('',(#1416),#40,.F.);
#1569=ADVANCED_FACE('',(#1417),#1510,.F.);
#1570=ADVANCED_FACE('',(#1418),#1511,.T.);
#1571=ADVANCED_FACE('',(#1419,#1420),#1512,.T.);
#1572=ADVANCED_FACE('',(#1421,#1422),#1513,.T.);
#1573=ADVANCED_FACE('',(#1423),#1514,.F.);
#1574=ADVANCED_FACE('',(#1424),#41,.T.);
#1575=ADVANCED_FACE('',(#1425),#1515,.T.);
#1576=ADVANCED_FACE('',(#1426),#1516,.F.);
#1577=ADVANCED_FACE('',(#1427),#42,.T.);
#1578=ADVANCED_FACE('',(#1428),#1517,.T.);
#1579=ADVANCED_FACE('',(#1429),#1518,.T.);
#1580=ADVANCED_FACE('',(#1430),#43,.T.);
#1581=ADVANCED_FACE('',(#1431),#1519,.F.);
#1582=ADVANCED_FACE('',(#1432),#1520,.F.);
#1583=ADVANCED_FACE('',(#1433),#1521,.T.);
#1584=ADVANCED_FACE('',(#1434,#1435),#44,.F.);
#1585=ADVANCED_FACE('',(#1436),#1522,.F.);
#1586=ADVANCED_FACE('',(#1437,#1438),#45,.F.);
#1587=ADVANCED_FACE('',(#1439),#1523,.F.);
#1588=ADVANCED_FACE('',(#1440,#1441),#46,.F.);
#1589=ADVANCED_FACE('',(#1442),#1524,.F.);
#1590=ADVANCED_FACE('',(#1443,#1444),#47,.F.);
#1591=ADVANCED_FACE('',(#1445),#1525,.F.);
#1592=ADVANCED_FACE('',(#1446,#1447),#19,.F.);
#1593=ADVANCED_FACE('',(#1448,#1449),#20,.F.);
#1594=ADVANCED_FACE('',(#1450,#1451),#21,.F.);
#1595=ADVANCED_FACE('',(#1452,#1453),#22,.F.);
#1596=ADVANCED_FACE('',(#1454),#1526,.T.);
#1597=ADVANCED_FACE('',(#1455),#1527,.F.);
#1598=ADVANCED_FACE('',(#1456),#1528,.F.);
#1599=ADVANCED_FACE('',(#1457),#1529,.T.);
#1600=ADVANCED_FACE('',(#1458,#1459),#1530,.T.);
#1601=ADVANCED_FACE('',(#1460),#1531,.T.);
#1602=ADVANCED_FACE('',(#1461),#1532,.T.);
#1603=ADVANCED_FACE('',(#1462),#1533,.T.);
#1604=ADVANCED_FACE('',(#1463),#48,.F.);
#1605=ADVANCED_FACE('',(#1464),#49,.F.);
#1606=ADVANCED_FACE('',(#1465),#50,.F.);
#1607=ADVANCED_FACE('',(#1466),#51,.F.);
#1608=ADVANCED_FACE('',(#1467),#1534,.F.);
#1609=ADVANCED_FACE('',(#1468),#23,.F.);
#1610=ADVANCED_FACE('',(#1469),#24,.F.);
#1611=ADVANCED_FACE('',(#1470),#1535,.F.);
#1612=ADVANCED_FACE('',(#1471),#1536,.T.);
#1613=ADVANCED_FACE('',(#1472),#25,.F.);
#1614=ADVANCED_FACE('',(#1473),#26,.F.);
#1615=ADVANCED_FACE('',(#1474),#1537,.T.);
#1616=ADVANCED_FACE('',(#1475,#1476),#1538,.T.);
#1617=ADVANCED_FACE('',(#1477),#12,.T.);
#1618=ADVANCED_FACE('',(#1478),#52,.T.);
#1619=ADVANCED_FACE('',(#1479),#53,.T.);
#1620=ADVANCED_FACE('',(#1480),#13,.T.);
#1621=ADVANCED_FACE('',(#1481),#14,.T.);
#1622=ADVANCED_FACE('',(#1482),#54,.T.);
#1623=ADVANCED_FACE('',(#1483),#55,.T.);
#1624=ADVANCED_FACE('',(#1484),#15,.T.);
#1625=ADVANCED_FACE('',(#1485),#56,.T.);
#1626=ADVANCED_FACE('',(#1486),#57,.T.);
#1627=ADVANCED_FACE('',(#1487),#58,.T.);
#1628=ADVANCED_FACE('',(#1488),#59,.T.);
#1629=ADVANCED_FACE('',(#1489),#1539,.F.);
#1630=ADVANCED_FACE('',(#1490),#27,.T.);
#1631=ADVANCED_FACE('',(#1491),#28,.T.);
#1632=ADVANCED_FACE('',(#1492),#1540,.F.);
#1633=ADVANCED_FACE('',(#1493),#1541,.F.);
#1634=ADVANCED_FACE('',(#1494),#29,.T.);
#1635=ADVANCED_FACE('',(#1495),#30,.T.);
#1636=ADVANCED_FACE('',(#1496),#1542,.F.);
#1637=CLOSED_SHELL('',(#1543,#1544,#1545,#1546,#1547,#1548,#1549,#1550,
#1551,#1552,#1553,#1554,#1555,#1556,#1557,#1558,#1559,#1560,#1561,#1562,
#1563,#1564,#1565,#1566,#1567,#1568,#1569,#1570,#1571,#1572,#1573,#1574,
#1575,#1576,#1577,#1578,#1579,#1580,#1581,#1582,#1583,#1584,#1585,#1586,
#1587,#1588,#1589,#1590,#1591,#1592,#1593,#1594,#1595,#1596,#1597,#1598,
#1599,#1600,#1601,#1602,#1603,#1604,#1605,#1606,#1607,#1608,#1609,#1610,
#1611,#1612,#1613,#1614,#1615,#1616,#1617,#1618,#1619,#1620,#1621,#1622,
#1623,#1624,#1625,#1626,#1627,#1628,#1629,#1630,#1631,#1632,#1633,#1634,
#1635,#1636));
#1638=STYLED_ITEM('',(#1639),#1646);
#1639=PRESENTATION_STYLE_ASSIGNMENT((#1640));
#1640=SURFACE_STYLE_USAGE(.BOTH.,#1641);
#1641=SURFACE_SIDE_STYLE('',(#1642));
#1642=SURFACE_STYLE_FILL_AREA(#1643);
#1643=FILL_AREA_STYLE('',(#1644));
#1644=FILL_AREA_STYLE_COLOUR('',#1645);
#1645=COLOUR_RGB('',0.901960784313726,0.901960784313726,0.901960784313726);
#1646=MANIFOLD_SOLID_BREP('Part 1',#1637);
#1647=SHAPE_DEFINITION_REPRESENTATION(#2794,#1648);
#1648=SHAPE_REPRESENTATION('Part 1',(#1649),#2789);
#1649=AXIS2_PLACEMENT_3D('',#2319,#1825,#1826);
#1650=AXIS2_PLACEMENT_3D('',#2320,#1827,#1828);
#1651=AXIS2_PLACEMENT_3D('',#2324,#1830,#1831);
#1652=AXIS2_PLACEMENT_3D('',#2328,#1833,#1834);
#1653=AXIS2_PLACEMENT_3D('',#2332,#1836,#1837);
#1654=AXIS2_PLACEMENT_3D('',#2336,#1839,#1840);
#1655=AXIS2_PLACEMENT_3D('',#2353,#1849,#1850);
#1656=AXIS2_PLACEMENT_3D('',#2354,#1851,#1852);
#1657=AXIS2_PLACEMENT_3D('',#2359,#1854,#1855);
#1658=AXIS2_PLACEMENT_3D('',#2363,#1857,#1858);
#1659=AXIS2_PLACEMENT_3D('',#2367,#1860,#1861);
#1660=AXIS2_PLACEMENT_3D('',#2370,#1863,#1864);
#1661=AXIS2_PLACEMENT_3D('',#2375,#1866,#1867);
#1662=AXIS2_PLACEMENT_3D('',#2379,#1869,#1870);
#1663=AXIS2_PLACEMENT_3D('',#2383,#1872,#1873);
#1664=AXIS2_PLACEMENT_3D('',#2386,#1875,#1876);
#1665=AXIS2_PLACEMENT_3D('',#2388,#1877,#1878);
#1666=AXIS2_PLACEMENT_3D('',#2390,#1879,#1880);
#1667=AXIS2_PLACEMENT_3D('',#2392,#1881,#1882);
#1668=AXIS2_PLACEMENT_3D('',#2394,#1883,#1884);
#1669=AXIS2_PLACEMENT_3D('',#2395,#1885,#1886);
#1670=AXIS2_PLACEMENT_3D('',#2397,#1887,#1888);
#1671=AXIS2_PLACEMENT_3D('',#2402,#1890,#1891);
#1672=AXIS2_PLACEMENT_3D('',#2406,#1893,#1894);
#1673=AXIS2_PLACEMENT_3D('',#2412,#1897,#1898);
#1674=AXIS2_PLACEMENT_3D('',#2420,#1902,#1903);
#1675=AXIS2_PLACEMENT_3D('',#2428,#1907,#1908);
#1676=AXIS2_PLACEMENT_3D('',#2433,#1911,#1912);
#1677=AXIS2_PLACEMENT_3D('',#2441,#1916,#1917);
#1678=AXIS2_PLACEMENT_3D('',#2447,#1920,#1921);
#1679=AXIS2_PLACEMENT_3D('',#2451,#1923,#1924);
#1680=AXIS2_PLACEMENT_3D('',#2452,#1925,#1926);
#1681=AXIS2_PLACEMENT_3D('',#2462,#1931,#1932);
#1682=AXIS2_PLACEMENT_3D('',#2463,#1933,#1934);
#1683=AXIS2_PLACEMENT_3D('',#2465,#1935,#1936);
#1684=AXIS2_PLACEMENT_3D('',#2484,#1947,#1948);
#1685=AXIS2_PLACEMENT_3D('',#2487,#1950,#1951);
#1686=AXIS2_PLACEMENT_3D('',#2490,#1953,#1954);
#1687=AXIS2_PLACEMENT_3D('',#2493,#1956,#1957);
#1688=AXIS2_PLACEMENT_3D('',#2496,#1959,#1960);
#1689=AXIS2_PLACEMENT_3D('',#2497,#1961,#1962);
#1690=AXIS2_PLACEMENT_3D('',#2499,#1963,#1964);
#1691=AXIS2_PLACEMENT_3D('',#2505,#1968,#1969);
#1692=AXIS2_PLACEMENT_3D('',#2511,#1973,#1974);
#1693=AXIS2_PLACEMENT_3D('',#2517,#1978,#1979);
#1694=AXIS2_PLACEMENT_3D('',#2518,#1980,#1981);
#1695=AXIS2_PLACEMENT_3D('',#2520,#1982,#1983);
#1696=AXIS2_PLACEMENT_3D('',#2521,#1984,#1985);
#1697=AXIS2_PLACEMENT_3D('',#2523,#1986,#1987);
#1698=AXIS2_PLACEMENT_3D('',#2524,#1988,#1989);
#1699=AXIS2_PLACEMENT_3D('',#2525,#1990,#1991);
#1700=AXIS2_PLACEMENT_3D('',#2526,#1992,#1993);
#1701=AXIS2_PLACEMENT_3D('',#2527,#1994,#1995);
#1702=AXIS2_PLACEMENT_3D('',#2531,#1997,#1998);
#1703=AXIS2_PLACEMENT_3D('',#2537,#2001,#2002);
#1704=AXIS2_PLACEMENT_3D('',#2538,#2003,#2004);
#1705=AXIS2_PLACEMENT_3D('',#2539,#2005,#2006);
#1706=AXIS2_PLACEMENT_3D('',#2543,#2008,#2009);
#1707=AXIS2_PLACEMENT_3D('',#2546,#2011,#2012);
#1708=AXIS2_PLACEMENT_3D('',#2547,#2013,#2014);
#1709=AXIS2_PLACEMENT_3D('',#2552,#2017,#2018);
#1710=AXIS2_PLACEMENT_3D('',#2554,#2020,#2021);
#1711=AXIS2_PLACEMENT_3D('',#2555,#2022,#2023);
#1712=AXIS2_PLACEMENT_3D('',#2562,#2026,#2027);
#1713=AXIS2_PLACEMENT_3D('',#2568,#2030,#2031);
#1714=AXIS2_PLACEMENT_3D('',#2569,#2032,#2033);
#1715=AXIS2_PLACEMENT_3D('',#2572,#2035,#2036);
#1716=AXIS2_PLACEMENT_3D('',#2573,#2037,#2038);
#1717=AXIS2_PLACEMENT_3D('',#2584,#2046,#2047);
#1718=AXIS2_PLACEMENT_3D('',#2587,#2049,#2050);
#1719=AXIS2_PLACEMENT_3D('',#2588,#2051,#2052);
#1720=AXIS2_PLACEMENT_3D('',#2594,#2057,#2058);
#1721=AXIS2_PLACEMENT_3D('',#2595,#2059,#2060);
#1722=AXIS2_PLACEMENT_3D('',#2596,#2061,#2062);
#1723=AXIS2_PLACEMENT_3D('',#2597,#2063,#2064);
#1724=AXIS2_PLACEMENT_3D('',#2598,#2065,#2066);
#1725=AXIS2_PLACEMENT_3D('',#2599,#2067,#2068);
#1726=AXIS2_PLACEMENT_3D('',#2600,#2069,#2070);
#1727=AXIS2_PLACEMENT_3D('',#2604,#2072,#2073);
#1728=AXIS2_PLACEMENT_3D('',#2608,#2075,#2076);
#1729=AXIS2_PLACEMENT_3D('',#2612,#2078,#2079);
#1730=AXIS2_PLACEMENT_3D('',#2616,#2081,#2082);
#1731=AXIS2_PLACEMENT_3D('',#2617,#2083,#2084);
#1732=AXIS2_PLACEMENT_3D('',#2618,#2085,#2086);
#1733=AXIS2_PLACEMENT_3D('',#2622,#2089,#2090);
#1734=AXIS2_PLACEMENT_3D('',#2624,#2092,#2093);
#1735=AXIS2_PLACEMENT_3D('',#2626,#2095,#2096);
#1736=AXIS2_PLACEMENT_3D('',#2627,#2097,#2098);
#1737=AXIS2_PLACEMENT_3D('',#2629,#2100,#2101);
#1738=AXIS2_PLACEMENT_3D('',#2631,#2103,#2104);
#1739=AXIS2_PLACEMENT_3D('',#2632,#2105,#2106);
#1740=AXIS2_PLACEMENT_3D('',#2634,#2108,#2109);
#1741=AXIS2_PLACEMENT_3D('',#2636,#2111,#2112);
#1742=AXIS2_PLACEMENT_3D('',#2637,#2113,#2114);
#1743=AXIS2_PLACEMENT_3D('',#2638,#2115,#2116);
#1744=AXIS2_PLACEMENT_3D('',#2639,#2117,#2118);
#1745=AXIS2_PLACEMENT_3D('',#2640,#2119,#2120);
#1746=AXIS2_PLACEMENT_3D('',#2642,#2121,#2122);
#1747=AXIS2_PLACEMENT_3D('',#2644,#2123,#2124);
#1748=AXIS2_PLACEMENT_3D('',#2645,#2125,#2126);
#1749=AXIS2_PLACEMENT_3D('',#2646,#2127,#2128);
#1750=AXIS2_PLACEMENT_3D('',#2648,#2129,#2130);
#1751=AXIS2_PLACEMENT_3D('',#2650,#2131,#2132);
#1752=AXIS2_PLACEMENT_3D('',#2651,#2133,#2134);
#1753=AXIS2_PLACEMENT_3D('',#2652,#2135,#2136);
#1754=AXIS2_PLACEMENT_3D('',#2654,#2137,#2138);
#1755=AXIS2_PLACEMENT_3D('',#2656,#2139,#2140);
#1756=AXIS2_PLACEMENT_3D('',#2657,#2141,#2142);
#1757=AXIS2_PLACEMENT_3D('',#2658,#2143,#2144);
#1758=AXIS2_PLACEMENT_3D('',#2660,#2145,#2146);
#1759=AXIS2_PLACEMENT_3D('',#2662,#2147,#2148);
#1760=AXIS2_PLACEMENT_3D('',#2663,#2149,#2150);
#1761=AXIS2_PLACEMENT_3D('',#2664,#2151,#2152);
#1762=AXIS2_PLACEMENT_3D('',#2665,#2153,#2154);
#1763=AXIS2_PLACEMENT_3D('',#2666,#2155,#2156);
#1764=AXIS2_PLACEMENT_3D('',#2667,#2157,#2158);
#1765=AXIS2_PLACEMENT_3D('',#2673,#2162,#2163);
#1766=AXIS2_PLACEMENT_3D('',#2677,#2166,#2167);
#1767=AXIS2_PLACEMENT_3D('',#2681,#2170,#2171);
#1768=AXIS2_PLACEMENT_3D('',#2683,#2173,#2174);
#1769=AXIS2_PLACEMENT_3D('',#2684,#2175,#2176);
#1770=AXIS2_PLACEMENT_3D('',#2690,#2180,#2181);
#1771=AXIS2_PLACEMENT_3D('',#2696,#2185,#2186);
#1772=AXIS2_PLACEMENT_3D('',#2702,#2190,#2191);
#1773=AXIS2_PLACEMENT_3D('',#2703,#2192,#2193);
#1774=AXIS2_PLACEMENT_3D('',#2704,#2194,#2195);
#1775=AXIS2_PLACEMENT_3D('',#2705,#2196,#2197);
#1776=AXIS2_PLACEMENT_3D('',#2706,#2198,#2199);
#1777=AXIS2_PLACEMENT_3D('',#2707,#2200,#2201);
#1778=AXIS2_PLACEMENT_3D('',#2708,#2202,#2203);
#1779=AXIS2_PLACEMENT_3D('',#2709,#2204,#2205);
#1780=AXIS2_PLACEMENT_3D('',#2710,#2206,#2207);
#1781=AXIS2_PLACEMENT_3D('',#2713,#2210,#2211);
#1782=AXIS2_PLACEMENT_3D('',#2715,#2213,#2214);
#1783=AXIS2_PLACEMENT_3D('',#2717,#2216,#2217);
#1784=AXIS2_PLACEMENT_3D('',#2719,#2219,#2220);
#1785=AXIS2_PLACEMENT_3D('',#2721,#2222,#2223);
#1786=AXIS2_PLACEMENT_3D('',#2723,#2225,#2226);
#1787=AXIS2_PLACEMENT_3D('',#2725,#2228,#2229);
#1788=AXIS2_PLACEMENT_3D('',#2726,#2230,#2231);
#1789=AXIS2_PLACEMENT_3D('',#2730,#2233,#2234);
#1790=AXIS2_PLACEMENT_3D('',#2734,#2236,#2237);
#1791=AXIS2_PLACEMENT_3D('',#2738,#2239,#2240);
#1792=AXIS2_PLACEMENT_3D('',#2742,#2242,#2243);
#1793=AXIS2_PLACEMENT_3D('',#2748,#2247,#2248);
#1794=AXIS2_PLACEMENT_3D('',#2749,#2249,#2250);
#1795=AXIS2_PLACEMENT_3D('',#2750,#2251,#2252);
#1796=AXIS2_PLACEMENT_3D('',#2751,#2253,#2254);
#1797=AXIS2_PLACEMENT_3D('',#2752,#2255,#2256);
#1798=AXIS2_PLACEMENT_3D('',#2753,#2257,#2258);
#1799=AXIS2_PLACEMENT_3D('',#2754,#2259,#2260);
#1800=AXIS2_PLACEMENT_3D('',#2755,#2261,#2262);
#1801=AXIS2_PLACEMENT_3D('',#2756,#2263,#2264);
#1802=AXIS2_PLACEMENT_3D('',#2757,#2265,#2266);
#1803=AXIS2_PLACEMENT_3D('',#2758,#2267,#2268);
#1804=AXIS2_PLACEMENT_3D('',#2759,#2269,#2270);
#1805=AXIS2_PLACEMENT_3D('',#2760,#2271,#2272);
#1806=AXIS2_PLACEMENT_3D('',#2761,#2273,#2274);
#1807=AXIS2_PLACEMENT_3D('',#2762,#2275,#2276);
#1808=AXIS2_PLACEMENT_3D('',#2763,#2277,#2278);
#1809=AXIS2_PLACEMENT_3D('',#2764,#2279,#2280);
#1810=AXIS2_PLACEMENT_3D('',#2765,#2281,#2282);
#1811=AXIS2_PLACEMENT_3D('',#2766,#2283,#2284);
#1812=AXIS2_PLACEMENT_3D('',#2767,#2285,#2286);
#1813=AXIS2_PLACEMENT_3D('',#2768,#2287,#2288);
#1814=AXIS2_PLACEMENT_3D('',#2769,#2289,#2290);
#1815=AXIS2_PLACEMENT_3D('',#2770,#2291,#2292);
#1816=AXIS2_PLACEMENT_3D('',#2771,#2293,#2294);
#1817=AXIS2_PLACEMENT_3D('',#2772,#2295,#2296);
#1818=AXIS2_PLACEMENT_3D('',#2775,#2299,#2300);
#1819=AXIS2_PLACEMENT_3D('',#2777,#2302,#2303);
#1820=AXIS2_PLACEMENT_3D('',#2779,#2305,#2306);
#1821=AXIS2_PLACEMENT_3D('',#2781,#2308,#2309);
#1822=AXIS2_PLACEMENT_3D('',#2783,#2311,#2312);
#1823=AXIS2_PLACEMENT_3D('',#2785,#2314,#2315);
#1824=AXIS2_PLACEMENT_3D('',#2787,#2317,#2318);
#1825=DIRECTION('',(0.,0.,1.));
#1826=DIRECTION('',(1.,0.,0.));
#1827=DIRECTION('',(0.,-1.,0.));
#1828=DIRECTION('',(0.,0.,-1.));
#1829=DIRECTION('',(1.,0.,0.));
#1830=DIRECTION('',(0.,-1.,0.));
#1831=DIRECTION('',(0.,0.,-1.));
#1832=DIRECTION('',(0.,0.,1.));
#1833=DIRECTION('',(0.,-1.,0.));
#1834=DIRECTION('',(0.,0.,-1.));
#1835=DIRECTION('',(1.,0.,0.));
#1836=DIRECTION('',(0.,-1.,0.));
#1837=DIRECTION('',(0.,0.,-1.));
#1838=DIRECTION('',(0.,0.,1.));
#1839=DIRECTION('',(0.,-1.,0.));
#1840=DIRECTION('',(0.,0.,-1.));
#1841=DIRECTION('',(0.,0.,1.));
#1842=DIRECTION('',(1.,0.,0.));
#1843=DIRECTION('',(0.,0.,1.));
#1844=DIRECTION('',(1.,0.,0.));
#1845=DIRECTION('',(0.,0.,1.));
#1846=DIRECTION('',(1.,0.,0.));
#1847=DIRECTION('',(0.,0.,1.));
#1848=DIRECTION('',(1.,0.,0.));
#1849=DIRECTION('',(0.,0.,1.));
#1850=DIRECTION('',(1.,0.,0.));
#1851=DIRECTION('',(0.,0.,1.));
#1852=DIRECTION('',(1.,0.,0.));
#1853=DIRECTION('',(0.,-1.,0.));
#1854=DIRECTION('',(0.,0.,1.));
#1855=DIRECTION('',(1.,0.,0.));
#1856=DIRECTION('',(1.,0.,0.));
#1857=DIRECTION('',(0.,0.,1.));
#1858=DIRECTION('',(1.,0.,0.));
#1859=DIRECTION('',(0.,1.,0.));
#1860=DIRECTION('',(0.,0.,1.));
#1861=DIRECTION('',(1.,0.,0.));
#1862=DIRECTION('',(-1.,0.,0.));
#1863=DIRECTION('',(0.,0.,1.));
#1864=DIRECTION('',(1.,0.,0.));
#1865=DIRECTION('',(-1.94199058226481E-16,-1.,0.));
#1866=DIRECTION('',(0.,0.,1.));
#1867=DIRECTION('',(1.,0.,0.));
#1868=DIRECTION('',(-1.,0.,0.));
#1869=DIRECTION('',(0.,0.,1.));
#1870=DIRECTION('',(1.,0.,0.));
#1871=DIRECTION('',(0.,1.,0.));
#1872=DIRECTION('',(0.,0.,1.));
#1873=DIRECTION('',(1.,0.,0.));
#1874=DIRECTION('',(1.,0.,0.));
#1875=DIRECTION('',(0.,0.,1.));
#1876=DIRECTION('',(1.,0.,0.));
#1877=DIRECTION('',(0.,0.,1.));
#1878=DIRECTION('',(1.,0.,0.));
#1879=DIRECTION('',(0.,0.,1.));
#1880=DIRECTION('',(1.,0.,0.));
#1881=DIRECTION('',(0.,0.,1.));
#1882=DIRECTION('',(1.,0.,0.));
#1883=DIRECTION('',(0.,0.,1.));
#1884=DIRECTION('',(1.,0.,0.));
#1885=DIRECTION('',(0.,0.,1.));
#1886=DIRECTION('',(1.,0.,0.));
#1887=DIRECTION('',(0.,0.,1.));
#1888=DIRECTION('',(1.,0.,0.));
#1889=DIRECTION('',(1.,0.,0.));
#1890=DIRECTION('',(0.,0.,1.));
#1891=DIRECTION('',(1.,0.,0.));
#1892=DIRECTION('',(0.,-1.,0.));
#1893=DIRECTION('',(0.,0.,1.));
#1894=DIRECTION('',(1.,0.,0.));
#1895=DIRECTION('',(-1.,0.,0.));
#1896=DIRECTION('',(0.,-1.,0.));
#1897=DIRECTION('',(0.,0.,-1.));
#1898=DIRECTION('',(-1.,0.,0.));
#1899=DIRECTION('',(-1.,0.,0.));
#1900=DIRECTION('',(0.,1.,0.));
#1901=DIRECTION('',(-1.,0.,0.));
#1902=DIRECTION('',(0.,0.,1.));
#1903=DIRECTION('',(1.,0.,0.));
#1904=DIRECTION('',(-1.,0.,0.));
#1905=DIRECTION('',(0.,1.,0.));
#1906=DIRECTION('',(-0.999999999999942,-3.41652331425893E-7,0.));
#1907=DIRECTION('',(0.,0.,-1.));
#1908=DIRECTION('',(-1.,0.,0.));
#1909=DIRECTION('',(3.41653329126314E-7,0.999999999999942,0.));
#1910=DIRECTION('',(0.,1.,0.));
#1911=DIRECTION('',(0.,0.,-1.));
#1912=DIRECTION('',(-1.,0.,0.));
#1913=DIRECTION('',(1.,0.,0.));
#1914=DIRECTION('',(0.,-1.,0.));
#1915=DIRECTION('',(1.,0.,0.));
#1916=DIRECTION('',(0.,0.,-1.));
#1917=DIRECTION('',(-1.,0.,0.));
#1918=DIRECTION('',(0.,-1.,0.));
#1919=DIRECTION('',(-1.,0.,0.));
#1920=DIRECTION('',(0.,0.,1.));
#1921=DIRECTION('',(1.,0.,0.));
#1922=DIRECTION('',(-1.94199058226481E-16,-1.,0.));
#1923=DIRECTION('',(0.,0.,1.));
#1924=DIRECTION('',(1.,0.,0.));
#1925=DIRECTION('',(0.,0.,-1.));
#1926=DIRECTION('',(-1.,0.,0.));
#1927=DIRECTION('',(0.,1.,0.));
#1928=DIRECTION('',(-1.,0.,0.));
#1929=DIRECTION('',(0.,1.,0.));
#1930=DIRECTION('',(-1.,0.,0.));
#1931=DIRECTION('',(0.,0.,-1.));
#1932=DIRECTION('',(-1.,0.,0.));
#1933=DIRECTION('',(0.,0.,-1.));
#1934=DIRECTION('',(-1.,0.,0.));
#1935=DIRECTION('',(1.,0.,0.));
#1936=DIRECTION('',(0.,0.,-1.));
#1937=DIRECTION('',(0.,1.,0.));
#1938=DIRECTION('',(0.,0.,1.));
#1939=DIRECTION('',(0.,0.,1.));
#1940=DIRECTION('',(0.,1.,0.));
#1941=DIRECTION('',(0.,0.,1.));
#1942=DIRECTION('',(0.,1.,0.));
#1943=DIRECTION('',(0.,0.,1.));
#1944=DIRECTION('',(0.,1.,0.));
#1945=DIRECTION('',(0.,0.,1.));
#1946=DIRECTION('',(0.,0.,1.));
#1947=DIRECTION('',(0.,0.,1.));
#1948=DIRECTION('',(1.,0.,0.));
#1949=DIRECTION('',(0.,0.,1.));
#1950=DIRECTION('',(0.,0.,-1.));
#1951=DIRECTION('',(-1.,0.,0.));
#1952=DIRECTION('',(0.,0.,1.));
#1953=DIRECTION('',(0.,0.,1.));
#1954=DIRECTION('',(1.,0.,0.));
#1955=DIRECTION('',(0.,0.,1.));
#1956=DIRECTION('',(0.,0.,-1.));
#1957=DIRECTION('',(-1.,0.,0.));
#1958=DIRECTION('',(0.,0.,1.));
#1959=DIRECTION('',(0.,0.,-1.));
#1960=DIRECTION('',(-1.,0.,0.));
#1961=DIRECTION('',(0.,0.,1.));
#1962=DIRECTION('',(1.,0.,0.));
#1963=DIRECTION('',(0.,1.,0.));
#1964=DIRECTION('',(0.,0.,1.));
#1965=DIRECTION('',(0.,0.,-1.));
#1966=DIRECTION('',(-1.,0.,0.));
#1967=DIRECTION('',(0.,0.,-1.));
#1968=DIRECTION('',(1.,-1.94199058226481E-16,0.));
#1969=DIRECTION('',(1.94199058226481E-16,1.,0.));
#1970=DIRECTION('',(0.,0.,-1.));
#1971=DIRECTION('',(1.94199058226481E-16,1.,0.));
#1972=DIRECTION('',(0.,0.,-1.));
#1973=DIRECTION('',(1.,0.,0.));
#1974=DIRECTION('',(0.,0.,-1.));
#1975=DIRECTION('',(0.,0.,-1.));
#1976=DIRECTION('',(0.,-1.,0.));
#1977=DIRECTION('',(0.,0.,-1.));
#1978=DIRECTION('',(0.,0.,1.));
#1979=DIRECTION('',(1.,0.,0.));
#1980=DIRECTION('',(0.,0.,1.));
#1981=DIRECTION('',(1.,0.,0.));
#1982=DIRECTION('',(0.,0.,1.));
#1983=DIRECTION('',(1.,0.,0.));
#1984=DIRECTION('',(0.,0.,1.));
#1985=DIRECTION('',(1.,0.,0.));
#1986=DIRECTION('',(0.,0.,1.));
#1987=DIRECTION('',(1.,0.,0.));
#1988=DIRECTION('',(0.,0.,1.));
#1989=DIRECTION('',(1.,0.,0.));
#1990=DIRECTION('',(0.,0.,1.));
#1991=DIRECTION('',(1.,0.,0.));
#1992=DIRECTION('',(0.,0.,-1.));
#1993=DIRECTION('',(1.,0.,0.));
#1994=DIRECTION('',(0.,0.,-1.));
#1995=DIRECTION('',(-1.,0.,0.));
#1996=DIRECTION('',(0.,1.,0.));
#1997=DIRECTION('',(0.,0.,-1.));
#1998=DIRECTION('',(-1.,0.,0.));
#1999=DIRECTION('',(0.,-1.,0.));
#2000=DIRECTION('',(1.,0.,0.));
#2001=DIRECTION('',(0.,0.,-1.));
#2002=DIRECTION('',(-1.,0.,0.));
#2003=DIRECTION('',(0.,0.,-1.));
#2004=DIRECTION('',(1.,0.,0.));
#2005=DIRECTION('',(0.,0.,-1.));
#2006=DIRECTION('',(-1.,0.,0.));
#2007=DIRECTION('',(-0.999999999999942,-3.41652331425893E-7,0.));
#2008=DIRECTION('',(0.,0.,-1.));
#2009=DIRECTION('',(-1.,0.,0.));
#2010=DIRECTION('',(3.41653329126314E-7,0.999999999999942,0.));
#2011=DIRECTION('',(0.,0.,-1.));
#2012=DIRECTION('',(-1.,0.,0.));
#2013=DIRECTION('',(0.,0.,-1.));
#2014=DIRECTION('',(1.,0.,0.));
#2015=DIRECTION('',(0.,-1.,0.));
#2016=DIRECTION('',(-1.,0.,0.));
#2017=DIRECTION('',(0.,0.,-1.));
#2018=DIRECTION('',(-1.,0.,0.));
#2019=DIRECTION('',(-1.,0.,0.));
#2020=DIRECTION('',(0.,0.,-1.));
#2021=DIRECTION('',(1.,0.,0.));
#2022=DIRECTION('',(0.,0.,-1.));
#2023=DIRECTION('',(-1.,0.,0.));
#2024=DIRECTION('',(1.,0.,0.));
#2025=DIRECTION('',(0.,-1.,0.));
#2026=DIRECTION('',(0.,0.,-1.));
#2027=DIRECTION('',(-1.,0.,0.));
#2028=DIRECTION('',(-1.,0.,0.));
#2029=DIRECTION('',(0.,-1.,0.));
#2030=DIRECTION('',(0.,0.,-1.));
#2031=DIRECTION('',(-1.,0.,0.));
#2032=DIRECTION('',(0.,0.,1.));
#2033=DIRECTION('',(1.,0.,0.));
#2034=DIRECTION('',(0.,0.,1.));
#2035=DIRECTION('',(0.,0.,-1.));
#2036=DIRECTION('',(-1.,0.,0.));
#2037=DIRECTION('',(0.,1.,0.));
#2038=DIRECTION('',(0.,0.,1.));
#2039=DIRECTION('',(0.,0.,-1.));
#2040=DIRECTION('',(1.,0.,0.));
#2041=DIRECTION('',(0.,0.,-1.));
#2042=DIRECTION('',(0.,0.,1.));
#2043=DIRECTION('',(0.,0.,1.));
#2044=DIRECTION('',(-1.,0.,0.));
#2045=DIRECTION('',(0.,0.,1.));
#2046=DIRECTION('',(0.,0.,1.));
#2047=DIRECTION('',(1.,0.,0.));
#2048=DIRECTION('',(0.,0.,1.));
#2049=DIRECTION('',(0.,0.,-1.));
#2050=DIRECTION('',(-1.,0.,0.));
#2051=DIRECTION('',(-1.,0.,0.));
#2052=DIRECTION('',(0.,0.,1.));
#2053=DIRECTION('',(0.,0.,1.));
#2054=DIRECTION('',(0.,0.,1.));
#2055=DIRECTION('',(0.,0.,1.));
#2056=DIRECTION('',(0.,-1.,0.));
#2057=DIRECTION('',(0.,0.,1.));
#2058=DIRECTION('',(1.,0.,0.));
#2059=DIRECTION('',(0.,0.,-1.));
#2060=DIRECTION('',(-1.,0.,0.));
#2061=DIRECTION('',(0.,0.,1.));
#2062=DIRECTION('',(1.,0.,0.));
#2063=DIRECTION('',(0.,0.,-1.));
#2064=DIRECTION('',(-1.,0.,0.));
#2065=DIRECTION('',(-1.,0.,0.));
#2066=DIRECTION('',(0.,0.,1.));
#2067=DIRECTION('',(0.,1.,0.));
#2068=DIRECTION('',(0.,0.,1.));
#2069=DIRECTION('',(0.,0.,-1.));
#2070=DIRECTION('',(1.,0.,0.));
#2071=DIRECTION('',(0.,1.,0.));
#2072=DIRECTION('',(0.,0.,-1.));
#2073=DIRECTION('',(-1.,0.,0.));
#2074=DIRECTION('',(1.,0.,0.));
#2075=DIRECTION('',(0.,0.,-1.));
#2076=DIRECTION('',(-1.,0.,0.));
#2077=DIRECTION('',(0.,-1.,0.));
#2078=DIRECTION('',(0.,0.,-1.));
#2079=DIRECTION('',(-1.,0.,0.));
#2080=DIRECTION('',(-1.,0.,0.));
#2081=DIRECTION('',(0.,0.,-1.));
#2082=DIRECTION('',(-1.,0.,0.));
#2083=DIRECTION('',(0.,0.,-1.));
#2084=DIRECTION('',(1.,0.,0.));
#2085=DIRECTION('',(0.,0.,-1.));
#2086=DIRECTION('',(-1.,0.,0.));
#2087=DIRECTION('',(-1.,0.,0.));
#2088=DIRECTION('',(-1.,0.,0.));
#2089=DIRECTION('',(1.,0.,0.));
#2090=DIRECTION('',(0.,0.,-1.));
#2091=DIRECTION('',(0.,0.,1.));
#2092=DIRECTION('',(0.,0.,1.));
#2093=DIRECTION('',(1.,0.,0.));
#2094=DIRECTION('',(0.,0.,1.));
#2095=DIRECTION('',(0.,-1.,0.));
#2096=DIRECTION('',(0.,0.,-1.));
#2097=DIRECTION('',(0.,-1.,0.));
#2098=DIRECTION('',(0.,0.,-1.));
#2099=DIRECTION('',(0.,0.,1.));
#2100=DIRECTION('',(0.,0.,1.));
#2101=DIRECTION('',(1.,0.,0.));
#2102=DIRECTION('',(0.,0.,1.));
#2103=DIRECTION('',(-1.,0.,0.));
#2104=DIRECTION('',(0.,0.,1.));
#2105=DIRECTION('',(0.999999999999942,-3.41653329126314E-7,0.));
#2106=DIRECTION('',(3.41653329126314E-7,0.999999999999942,0.));
#2107=DIRECTION('',(0.,0.,1.));
#2108=DIRECTION('',(0.,0.,1.));
#2109=DIRECTION('',(1.,0.,0.));
#2110=DIRECTION('',(0.,0.,1.));
#2111=DIRECTION('',(-3.41652331425893E-7,0.999999999999942,0.));
#2112=DIRECTION('',(-0.999999999999942,-3.41652331425893E-7,0.));
#2113=DIRECTION('',(0.,1.,0.));
#2114=DIRECTION('',(0.,0.,1.));
#2115=DIRECTION('',(0.,1.,0.));
#2116=DIRECTION('',(0.,0.,1.));
#2117=DIRECTION('',(0.,0.,-1.));
#2118=DIRECTION('',(-1.,0.,0.));
#2119=DIRECTION('',(0.,0.,-1.));
#2120=DIRECTION('',(-1.,0.,0.));
#2121=DIRECTION('',(0.,0.,1.));
#2122=DIRECTION('',(1.,0.,0.));
#2123=DIRECTION('',(0.,0.,1.));
#2124=DIRECTION('',(1.,0.,0.));
#2125=DIRECTION('',(0.,0.,-1.));
#2126=DIRECTION('',(-1.,0.,0.));
#2127=DIRECTION('',(0.,0.,-1.));
#2128=DIRECTION('',(-1.,0.,0.));
#2129=DIRECTION('',(0.,0.,1.));
#2130=DIRECTION('',(1.,0.,0.));
#2131=DIRECTION('',(0.,0.,1.));
#2132=DIRECTION('',(1.,0.,0.));
#2133=DIRECTION('',(0.,0.,-1.));
#2134=DIRECTION('',(-1.,0.,0.));
#2135=DIRECTION('',(0.,0.,-1.));
#2136=DIRECTION('',(-1.,0.,0.));
#2137=DIRECTION('',(0.,0.,1.));
#2138=DIRECTION('',(1.,0.,0.));
#2139=DIRECTION('',(0.,0.,1.));
#2140=DIRECTION('',(1.,0.,0.));
#2141=DIRECTION('',(0.,0.,-1.));
#2142=DIRECTION('',(-1.,0.,0.));
#2143=DIRECTION('',(0.,0.,-1.));
#2144=DIRECTION('',(-1.,0.,0.));
#2145=DIRECTION('',(0.,0.,1.));
#2146=DIRECTION('',(1.,0.,0.));
#2147=DIRECTION('',(0.,0.,1.));
#2148=DIRECTION('',(1.,0.,0.));
#2149=DIRECTION('',(0.,0.,-1.));
#2150=DIRECTION('',(-1.,0.,0.));
#2151=DIRECTION('',(0.,0.,-1.));
#2152=DIRECTION('',(-1.,0.,0.));
#2153=DIRECTION('',(0.,0.,-1.));
#2154=DIRECTION('',(-1.,0.,0.));
#2155=DIRECTION('',(0.,0.,-1.));
#2156=DIRECTION('',(-1.,0.,0.));
#2157=DIRECTION('',(-1.,0.,0.));
#2158=DIRECTION('',(0.,0.,1.));
#2159=DIRECTION('',(0.,0.,-1.));
#2160=DIRECTION('',(0.,1.,0.));
#2161=DIRECTION('',(0.,0.,-1.));
#2162=DIRECTION('',(0.,-1.,0.));
#2163=DIRECTION('',(0.,0.,-1.));
#2164=DIRECTION('',(0.,0.,-1.));
#2165=DIRECTION('',(-1.,0.,0.));
#2166=DIRECTION('',(-1.,0.,0.));
#2167=DIRECTION('',(0.,0.,1.));
#2168=DIRECTION('',(0.,0.,-1.));
#2169=DIRECTION('',(0.,1.,0.));
#2170=DIRECTION('',(0.,-1.,0.));
#2171=DIRECTION('',(0.,0.,-1.));
#2172=DIRECTION('',(-1.,0.,0.));
#2173=DIRECTION('',(0.,0.,-1.));
#2174=DIRECTION('',(1.,0.,0.));
#2175=DIRECTION('',(0.,-1.,0.));
#2176=DIRECTION('',(0.,0.,-1.));
#2177=DIRECTION('',(0.,0.,-1.));
#2178=DIRECTION('',(-1.,0.,0.));
#2179=DIRECTION('',(0.,0.,-1.));
#2180=DIRECTION('',(1.,0.,0.));
#2181=DIRECTION('',(0.,0.,-1.));
#2182=DIRECTION('',(0.,0.,-1.));
#2183=DIRECTION('',(0.,-1.,0.));
#2184=DIRECTION('',(0.,0.,-1.));
#2185=DIRECTION('',(-1.,0.,0.));
#2186=DIRECTION('',(0.,0.,1.));
#2187=DIRECTION('',(0.,0.,-1.));
#2188=DIRECTION('',(0.,1.,0.));
#2189=DIRECTION('',(0.,0.,-1.));
#2190=DIRECTION('',(0.,0.,1.));
#2191=DIRECTION('',(1.,0.,0.));
#2192=DIRECTION('',(0.,0.,1.));
#2193=DIRECTION('',(1.,0.,0.));
#2194=DIRECTION('',(0.,0.,-1.));
#2195=DIRECTION('',(-1.,0.,0.));
#2196=DIRECTION('',(0.,0.,1.));
#2197=DIRECTION('',(1.,0.,0.));
#2198=DIRECTION('',(0.,0.,1.));
#2199=DIRECTION('',(1.,0.,0.));
#2200=DIRECTION('',(0.,0.,1.));
#2201=DIRECTION('',(1.,0.,0.));
#2202=DIRECTION('',(0.,0.,-1.));
#2203=DIRECTION('',(-1.,0.,0.));
#2204=DIRECTION('',(0.,0.,1.));
#2205=DIRECTION('',(1.,0.,0.));
#2206=DIRECTION('',(-0.707106781186547,0.,-0.707106781186548));
#2207=DIRECTION('',(0.,1.,0.));
#2208=DIRECTION('',(0.707106781186548,0.,-0.707106781186547));
#2209=DIRECTION('',(-0.707106781186548,0.,0.707106781186547));
#2210=DIRECTION('',(0.,0.,1.));
#2211=DIRECTION('',(1.,0.,0.));
#2212=DIRECTION('',(0.,-0.707106781186548,0.707106781186547));
#2213=DIRECTION('',(0.,0.,1.));
#2214=DIRECTION('',(1.,0.,0.));
#2215=DIRECTION('',(0.,-0.707106781186548,-0.707106781186548));
#2216=DIRECTION('',(0.,-0.707106781186548,-0.707106781186548));
#2217=DIRECTION('',(1.,0.,0.));
#2218=DIRECTION('',(0.,-0.707106781186548,0.707106781186548));
#2219=DIRECTION('',(0.,-0.707106781186547,0.707106781186548));
#2220=DIRECTION('',(1.,0.,0.));
#2221=DIRECTION('',(0.,-0.707106781186548,-0.707106781186547));
#2222=DIRECTION('',(0.,0.,1.));
#2223=DIRECTION('',(1.,0.,0.));
#2224=DIRECTION('',(0.707106781186548,0.,0.707106781186548));
#2225=DIRECTION('',(0.,0.,1.));
#2226=DIRECTION('',(1.,0.,0.));
#2227=DIRECTION('',(-0.707106781186547,0.,-0.707106781186548));
#2228=DIRECTION('',(-0.707106781186547,1.37319470971986E-16,0.707106781186548));
#2229=DIRECTION('',(-1.94199058226481E-16,-1.,0.));
#2230=DIRECTION('',(0.,1.,0.));
#2231=DIRECTION('',(0.,0.,1.));
#2232=DIRECTION('',(-1.,0.,0.));
#2233=DIRECTION('',(0.,1.,0.));
#2234=DIRECTION('',(0.,0.,1.));
#2235=DIRECTION('',(0.,0.,-1.));
#2236=DIRECTION('',(0.,1.,0.));
#2237=DIRECTION('',(0.,0.,1.));
#2238=DIRECTION('',(-1.,0.,0.));
#2239=DIRECTION('',(0.,1.,0.));
#2240=DIRECTION('',(0.,0.,1.));
#2241=DIRECTION('',(0.,0.,-1.));
#2242=DIRECTION('',(0.,1.,0.));
#2243=DIRECTION('',(0.,0.,1.));
#2244=DIRECTION('',(0.,0.,-1.));
#2245=DIRECTION('',(1.,0.,0.));
#2246=DIRECTION('',(0.,0.,-1.));
#2247=DIRECTION('',(0.,1.,0.));
#2248=DIRECTION('',(0.,0.,1.));
#2249=DIRECTION('',(-1.,0.,-2.60208521396521E-15));
#2250=DIRECTION('',(-2.60208521396521E-15,0.,1.));
#2251=DIRECTION('',(-8.67361737988403E-16,8.67361737988402E-16,-1.));
#2252=DIRECTION('',(-1.,0.,8.67361737988403E-16));
#2253=DIRECTION('',(-1.,0.,0.));
#2254=DIRECTION('',(0.,0.,1.));
#2255=DIRECTION('',(-1.,0.,0.));
#2256=DIRECTION('',(0.,0.,1.));
#2257=DIRECTION('',(0.,0.,1.));
#2258=DIRECTION('',(1.,0.,0.));
#2259=DIRECTION('',(0.,0.,-1.));
#2260=DIRECTION('',(-1.,0.,0.));
#2261=DIRECTION('',(0.,1.,0.));
#2262=DIRECTION('',(0.,0.,1.));
#2263=DIRECTION('',(-1.73472347597681E-15,0.,-1.));
#2264=DIRECTION('',(-1.,0.,1.73472347597681E-15));
#2265=DIRECTION('',(0.,1.,0.));
#2266=DIRECTION('',(0.,0.,1.));
#2267=DIRECTION('',(-1.,0.,-8.67361737988403E-16));
#2268=DIRECTION('',(-8.67361737988403E-16,0.,1.));
#2269=DIRECTION('',(0.,0.,-1.));
#2270=DIRECTION('',(-1.,0.,0.));
#2271=DIRECTION('',(0.,0.,-1.));
#2272=DIRECTION('',(-1.,0.,0.));
#2273=DIRECTION('',(1.,0.,0.));
#2274=DIRECTION('',(0.,0.,-1.));
#2275=DIRECTION('',(-1.,-1.73472347597681E-15,0.));
#2276=DIRECTION('',(1.73472347597681E-15,-1.,0.));
#2277=DIRECTION('',(0.,1.,0.));
#2278=DIRECTION('',(0.,0.,1.));
#2279=DIRECTION('',(0.,0.,-1.));
#2280=DIRECTION('',(-1.,0.,0.));
#2281=DIRECTION('',(0.,0.,1.));
#2282=DIRECTION('',(1.,0.,0.));
#2283=DIRECTION('',(0.,0.,-1.));
#2284=DIRECTION('',(-1.,0.,0.));
#2285=DIRECTION('',(0.,0.,1.));
#2286=DIRECTION('',(1.,0.,0.));
#2287=DIRECTION('',(0.,0.,-1.));
#2288=DIRECTION('',(-1.,0.,0.));
#2289=DIRECTION('',(0.,0.,1.));
#2290=DIRECTION('',(1.,0.,0.));
#2291=DIRECTION('',(0.,0.,-1.));
#2292=DIRECTION('',(-1.,0.,0.));
#2293=DIRECTION('',(0.,0.,1.));
#2294=DIRECTION('',(1.,0.,0.));
#2295=DIRECTION('',(-0.707106781186547,0.,-0.707106781186548));
#2296=DIRECTION('',(0.,1.,0.));
#2297=DIRECTION('',(-0.707106781186548,0.,0.707106781186547));
#2298=DIRECTION('',(0.707106781186548,-8.17756488897799E-16,-0.707106781186547));
#2299=DIRECTION('',(0.,0.,-1.));
#2300=DIRECTION('',(-1.,0.,0.));
#2301=DIRECTION('',(0.,0.707106781186547,-0.707106781186548));
#2302=DIRECTION('',(0.,0.,-1.));
#2303=DIRECTION('',(-1.,0.,0.));
#2304=DIRECTION('',(0.,0.707106781186548,0.707106781186547));
#2305=DIRECTION('',(0.,-0.707106781186547,-0.707106781186548));
#2306=DIRECTION('',(-1.,0.,0.));
#2307=DIRECTION('',(0.,0.707106781186548,-0.707106781186547));
#2308=DIRECTION('',(0.,0.707106781186547,-0.707106781186548));
#2309=DIRECTION('',(1.,0.,0.));
#2310=DIRECTION('',(0.,0.707106781186548,0.707106781186547));
#2311=DIRECTION('',(0.,0.,-1.));
#2312=DIRECTION('',(-1.,0.,0.));
#2313=DIRECTION('',(-0.707106781186548,0.,-0.707106781186547));
#2314=DIRECTION('',(0.,0.,-1.));
#2315=DIRECTION('',(-1.,0.,0.));
#2316=DIRECTION('',(0.707106781186548,0.,0.707106781186547));
#2317=DIRECTION('',(0.707106781186547,0.,-0.707106781186548));
#2318=DIRECTION('',(0.,-1.,0.));
#2319=CARTESIAN_POINT('',(0.,0.,0.));
#2320=CARTESIAN_POINT('',(0.00105489543694653,0.0314321177538484,-0.009702));
#2321=CARTESIAN_POINT('',(-0.01213510456305,0.0314321177538484,-0.008305));
#2322=CARTESIAN_POINT('',(-0.00575510456304996,0.0314321177538484,-0.008305));
#2323=CARTESIAN_POINT('',(-0.01213510456305,0.0314321177538484,-0.008305));
#2324=CARTESIAN_POINT('',(-0.01213510456305,0.0314321177538484,-0.005725));
#2325=CARTESIAN_POINT('',(-0.01471510456305,0.0314321177538484,-0.005725));
#2326=CARTESIAN_POINT('',(-0.01471510456305,0.0314321177538484,-0.009702));
#2327=CARTESIAN_POINT('',(-0.01471510456305,0.0314321177538484,-0.004625));
#2328=CARTESIAN_POINT('',(-0.01213510456305,0.0314321177538484,-0.004625));
#2329=CARTESIAN_POINT('',(-0.01213510456305,0.0314321177538484,-0.00204500000000003));
#2330=CARTESIAN_POINT('',(0.00105489543694653,0.0314321177538484,-0.00204500000000003));
#2331=CARTESIAN_POINT('',(-0.00575510456304997,0.0314321177538484,-0.00204500000000003));
#2332=CARTESIAN_POINT('',(-0.00575510456304996,0.0314321177538484,-0.004625));
#2333=CARTESIAN_POINT('',(-0.00317510456304996,0.0314321177538484,-0.004625));
#2334=CARTESIAN_POINT('',(-0.00317510456304996,0.0314321177538484,-0.005725));
#2335=CARTESIAN_POINT('',(-0.00317510456304995,0.0314321177538484,-0.005725));
#2336=CARTESIAN_POINT('',(-0.00575510456304997,0.0314321177538484,-0.005725));
#2337=CARTESIAN_POINT('',(-0.0442451043238898,0.0314321177538484,-0.009702));
#2338=CARTESIAN_POINT('',(-0.0442451043238898,0.0314321177538484,-0.0097));
#2339=CARTESIAN_POINT('',(-0.0442451043238898,0.0314321177538484,0.));
#2340=CARTESIAN_POINT('',(0.00105489543694653,0.0314321177538484,-0.0097));
#2341=CARTESIAN_POINT('',(-0.047245105588007,0.0314321177538514,-0.0097));
#2342=CARTESIAN_POINT('',(-0.047245105588007,0.0314321177538484,-0.009702));
#2343=CARTESIAN_POINT('',(-0.047245105588007,0.0314321177538484,-0.0115));
#2344=CARTESIAN_POINT('',(0.00105489543694653,0.0314321177538484,-0.0115));
#2345=CARTESIAN_POINT('',(0.0493548964619,0.0314321177538514,-0.0115));
#2346=CARTESIAN_POINT('',(0.0493548964619,0.0314321177538514,-0.009702));
#2347=CARTESIAN_POINT('',(0.0493548964619,0.0314321177538514,-0.0097));
#2348=CARTESIAN_POINT('',(0.00105489543694653,0.0314321177538484,-0.0097));
#2349=CARTESIAN_POINT('',(0.04635489543695,0.0314321177538484,-0.0097));
#2350=CARTESIAN_POINT('',(0.04635489543695,0.0314321177538484,-0.009702));
#2351=CARTESIAN_POINT('',(0.04635489543695,0.0314321177538484,0.));
#2352=CARTESIAN_POINT('',(0.00105489543694653,0.0314321177538484,0.));
#2353=CARTESIAN_POINT('',(0.,0.,0.002));
#2354=CARTESIAN_POINT('',(-0.05044510456305,0.0294321177538484,0.002));
#2355=CARTESIAN_POINT('',(-0.05044510456305,0.0304321177538485,0.002));
#2356=CARTESIAN_POINT('',(-0.05144510456305,0.0294321177538484,0.002));
#2357=CARTESIAN_POINT('',(-0.05144510456305,0.,0.002));
#2358=CARTESIAN_POINT('',(-0.05144510456305,-0.0440678822461515,0.002));
#2359=CARTESIAN_POINT('',(-0.05044510456305,-0.0440678822461515,0.002));
#2360=CARTESIAN_POINT('',(-0.05044510456305,-0.0450678822461516,0.002));
#2361=CARTESIAN_POINT('',(0.,-0.0450678822461516,0.002));
#2362=CARTESIAN_POINT('',(0.0525548954369501,-0.0450678822461516,0.002));
#2363=CARTESIAN_POINT('',(0.0525548954369501,-0.0440678822461515,0.002));
#2364=CARTESIAN_POINT('',(0.0535548954369501,-0.0440678822461515,0.002));
#2365=CARTESIAN_POINT('',(0.0535548954369501,0.,0.002));
#2366=CARTESIAN_POINT('',(0.0535548954369501,0.0294321177538484,0.002));
#2367=CARTESIAN_POINT('',(0.0525548954369501,0.0294321177538484,0.002));
#2368=CARTESIAN_POINT('',(0.0525548954369501,0.0304321177538485,0.002));
#2369=CARTESIAN_POINT('',(0.,0.0304321177538485,0.002));
#2370=CARTESIAN_POINT('',(0.025564122392314,-0.00495874785519182,0.002));
#2371=CARTESIAN_POINT('',(0.025564122392314,-0.00295874785519182,0.002));
#2372=CARTESIAN_POINT('',(0.027564122392314,-0.00495874785519182,0.002));
#2373=CARTESIAN_POINT('',(0.027564122392314,-0.0396678822461515,0.002));
#2374=CARTESIAN_POINT('',(0.027564122392314,-0.0396678822461515,0.002));
#2375=CARTESIAN_POINT('',(0.025564122392314,-0.0396678822461515,0.002));
#2376=CARTESIAN_POINT('',(0.025564122392314,-0.0416678822461515,0.002));
#2377=CARTESIAN_POINT('',(0.,-0.0416678822461515,0.002));
#2378=CARTESIAN_POINT('',(-0.043395877607686,-0.0416678822461515,0.002));
#2379=CARTESIAN_POINT('',(-0.043395877607686,-0.0396678822461515,0.002));
#2380=CARTESIAN_POINT('',(-0.045395877607686,-0.0396678822461515,0.002));
#2381=CARTESIAN_POINT('',(-0.045395877607686,0.,0.002));
#2382=CARTESIAN_POINT('',(-0.045395877607686,-0.00495874785519182,0.002));
#2383=CARTESIAN_POINT('',(-0.043395877607686,-0.00495874785519182,0.002));
#2384=CARTESIAN_POINT('',(-0.043395877607686,-0.00295874785519182,0.002));
#2385=CARTESIAN_POINT('',(0.025564122392314,-0.00295874785519182,0.002));
#2386=CARTESIAN_POINT('',(0.03304989543695,-0.0265678822461516,0.002));
#2387=CARTESIAN_POINT('',(0.03659989543695,-0.0265678822461516,0.002));
#2388=CARTESIAN_POINT('',(-0.03224510456305,0.00773211775384844,0.002));
#2389=CARTESIAN_POINT('',(-0.02274510456305,0.00773211775384844,0.002));
#2390=CARTESIAN_POINT('',(0.01355489543695,0.00773211775384844,0.002));
#2391=CARTESIAN_POINT('',(0.02305489543695,0.00773211775384844,0.002));
#2392=CARTESIAN_POINT('',(0.04255489543695,-0.0264678822461516,0.002));
#2393=CARTESIAN_POINT('',(0.04565489543695,-0.0264678822461516,0.002));
#2394=CARTESIAN_POINT('',(0.,0.,0.));
#2395=CARTESIAN_POINT('',(-0.03224510456305,0.00773211775384844,0.));
#2396=CARTESIAN_POINT('',(-0.02374510456305,0.00773211775384844,0.));
#2397=CARTESIAN_POINT('',(0.01355489543695,0.00773211775384844,0.));
#2398=CARTESIAN_POINT('',(0.02205489543695,0.00773211775384844,0.));
#2399=CARTESIAN_POINT('',(-0.00891587760768597,-0.00395874785519182,0.));
#2400=CARTESIAN_POINT('',(-0.043395877607686,-0.00395874785519182,0.));
#2401=CARTESIAN_POINT('',(0.025564122392314,-0.00395874785519182,0.));
#2402=CARTESIAN_POINT('',(-0.043395877607686,-0.00495874785519182,0.));
#2403=CARTESIAN_POINT('',(-0.044395877607686,-0.00495874785519182,0.));
#2404=CARTESIAN_POINT('',(-0.044395877607686,-0.0218241638033342,0.));
#2405=CARTESIAN_POINT('',(-0.044395877607686,-0.0396678822461515,0.));
#2406=CARTESIAN_POINT('',(-0.043395877607686,-0.0396678822461515,0.));
#2407=CARTESIAN_POINT('',(-0.043395877607686,-0.0406678822461515,0.));
#2408=CARTESIAN_POINT('',(0.00105489543694653,-0.0406678822461515,0.));
#2409=CARTESIAN_POINT('',(-0.0447451045630499,-0.0406678822461515,0.));
#2410=CARTESIAN_POINT('',(-0.0447451045630499,-0.0388178822461515,0.));
#2411=CARTESIAN_POINT('',(-0.0447451045630499,-0.0369678822461516,0.));
#2412=CARTESIAN_POINT('',(-0.04724510456305,-0.0369678822461516,0.));
#2413=CARTESIAN_POINT('',(-0.04724510456305,-0.0344678822461515,0.));
#2414=CARTESIAN_POINT('',(-0.04909510456305,-0.0344678822461515,0.));
#2415=CARTESIAN_POINT('',(-0.05094510456305,-0.0344678822461515,0.));
#2416=CARTESIAN_POINT('',(-0.05094510456305,-0.00461788224612156,0.));
#2417=CARTESIAN_POINT('',(-0.05094510456305,-0.00286788224615156,0.));
#2418=CARTESIAN_POINT('',(-0.04904510456305,-0.00286788224615156,0.));
#2419=CARTESIAN_POINT('',(-0.04714510456305,-0.00286788224615156,0.));
#2420=CARTESIAN_POINT('',(-0.04714510456305,0.000132117753848443,0.));
#2421=CARTESIAN_POINT('',(-0.04714510456305,0.00313211775384844,0.));
#2422=CARTESIAN_POINT('',(-0.04904510456305,0.00313211775384844,0.));
#2423=CARTESIAN_POINT('',(-0.05094510456305,0.00313211775384844,0.));
#2424=CARTESIAN_POINT('',(-0.05094510456305,-0.00461788224612156,0.));
#2425=CARTESIAN_POINT('',(-0.05094510456305,0.024732117514695,0.));
#2426=CARTESIAN_POINT('',(-0.04909510456305,0.0247321181467518,0.));
#2427=CARTESIAN_POINT('',(-0.04724510456305,0.0247321187788086,0.));
#2428=CARTESIAN_POINT('',(-0.047245105588007,0.0277321187788084,0.));
#2429=CARTESIAN_POINT('',(-0.0442451055880069,0.0277321187788084,0.));
#2430=CARTESIAN_POINT('',(-0.0442451049559485,0.0295821177538485,0.));
#2431=CARTESIAN_POINT('',(0.04635489543695,0.0295821177538485,0.));
#2432=CARTESIAN_POINT('',(0.04635489543695,0.0277321177538484,0.));
#2433=CARTESIAN_POINT('',(0.04935489543695,0.0277321177538484,0.));
#2434=CARTESIAN_POINT('',(0.04935489543695,0.0247321177538485,0.));
#2435=CARTESIAN_POINT('',(0.0512048954369501,0.0247321177538485,0.));
#2436=CARTESIAN_POINT('',(0.0530548954369501,0.0247321177538485,0.));
#2437=CARTESIAN_POINT('',(0.0530548954369501,-0.00461788224612157,0.));
#2438=CARTESIAN_POINT('',(0.0530548954369501,-0.0339678822461515,0.));
#2439=CARTESIAN_POINT('',(0.0512048954369501,-0.0339678822461515,0.));
#2440=CARTESIAN_POINT('',(0.04935489543695,-0.0339678822461515,0.));
#2441=CARTESIAN_POINT('',(0.04935489543695,-0.0369678822461516,0.));
#2442=CARTESIAN_POINT('',(0.04635489543695,-0.0369678822461516,0.));
#2443=CARTESIAN_POINT('',(0.04635489543695,-0.0388178822461515,0.));
#2444=CARTESIAN_POINT('',(0.04635489543695,-0.0406678822461515,0.));
#2445=CARTESIAN_POINT('',(0.00105489543694653,-0.0406678822461515,0.));
#2446=CARTESIAN_POINT('',(0.025564122392314,-0.0406678822461515,0.));
#2447=CARTESIAN_POINT('',(0.025564122392314,-0.0396678822461515,0.));
#2448=CARTESIAN_POINT('',(0.026564122392314,-0.0396678822461515,0.));
#2449=CARTESIAN_POINT('',(0.026564122392314,-0.0218241638033342,0.));
#2450=CARTESIAN_POINT('',(0.026564122392314,-0.00495874785519182,0.));
#2451=CARTESIAN_POINT('',(0.025564122392314,-0.00495874785519182,0.));
#2452=CARTESIAN_POINT('',(0.03304989543695,-0.0265678822461516,0.));
#2453=CARTESIAN_POINT('',(0.03049989543695,-0.0265678822461516,0.));
#2454=CARTESIAN_POINT('',(0.04655489543695,-0.0264678822461516,0.));
#2455=CARTESIAN_POINT('',(0.04655489543695,-0.0334678822461515,0.));
#2456=CARTESIAN_POINT('',(0.04655489543695,-0.0194678822461516,0.));
#2457=CARTESIAN_POINT('',(0.04255489543695,-0.0194678822461516,0.));
#2458=CARTESIAN_POINT('',(0.03855489543695,-0.0194678822461516,0.));
#2459=CARTESIAN_POINT('',(0.03855489543695,-0.0264678822461516,0.));
#2460=CARTESIAN_POINT('',(0.03855489543695,-0.0334678822461515,0.));
#2461=CARTESIAN_POINT('',(0.04255489543695,-0.0334678822461515,0.));
#2462=CARTESIAN_POINT('',(0.04255489543695,-0.0264678822461516,0.025));
#2463=CARTESIAN_POINT('',(0.04255489543695,-0.0264678822461516,0.001));
#2464=CARTESIAN_POINT('',(0.03945489543695,-0.0264678822461516,0.001));
#2465=CARTESIAN_POINT('',(-0.05094510456305,-0.00461788224612156,-0.009702));
#2466=CARTESIAN_POINT('',(-0.05094510456305,-0.00461788224612156,-0.0097));
#2467=CARTESIAN_POINT('',(-0.05094510456305,-0.00286788224615156,-0.0097));
#2468=CARTESIAN_POINT('',(-0.05094510456305,0.00313211775384844,-0.0097));
#2469=CARTESIAN_POINT('',(-0.05094510456305,-0.00286788224615156,-0.009702));
#2470=CARTESIAN_POINT('',(-0.05094510456305,-0.0344678822461515,-0.009702));
#2471=CARTESIAN_POINT('',(-0.05094510456305,-0.0344678822461515,-0.0097));
#2472=CARTESIAN_POINT('',(-0.05094510456305,-0.00461788224612156,-0.0097));
#2473=CARTESIAN_POINT('',(-0.05094510456305,-0.0369678832710515,-0.0097));
#2474=CARTESIAN_POINT('',(-0.05094510456305,-0.0369678832710515,-0.009702));
#2475=CARTESIAN_POINT('',(-0.05094510456305,-0.0369678832710515,-0.0115));
#2476=CARTESIAN_POINT('',(-0.05094510456305,-0.00461788224612156,-0.0115));
#2477=CARTESIAN_POINT('',(-0.05094510456305,0.0277321187788084,-0.0115));
#2478=CARTESIAN_POINT('',(-0.05094510456305,0.0277321187788084,-0.009702));
#2479=CARTESIAN_POINT('',(-0.05094510456305,0.0277321187788084,-0.0097));
#2480=CARTESIAN_POINT('',(-0.05094510456305,-0.00461788224612156,-0.0097));
#2481=CARTESIAN_POINT('',(-0.05094510456305,0.024732117514695,-0.0097));
#2482=CARTESIAN_POINT('',(-0.05094510456305,0.024732117514695,-0.009702));
#2483=CARTESIAN_POINT('',(-0.05094510456305,0.00313211775384844,-0.009702));
#2484=CARTESIAN_POINT('',(-0.04714510456305,0.000132117753848443,-0.009702));
#2485=CARTESIAN_POINT('',(-0.04714510456305,-0.00286788224615156,-0.009702));
#2486=CARTESIAN_POINT('',(-0.04714510456305,-0.00286788224615156,-0.0097));
#2487=CARTESIAN_POINT('',(-0.04714510456305,0.000132117753848443,-0.0097));
#2488=CARTESIAN_POINT('',(-0.04714510456305,0.00313211775384844,-0.0097));
#2489=CARTESIAN_POINT('',(-0.04714510456305,0.00313211775384844,-0.009702));
#2490=CARTESIAN_POINT('',(-0.04724510456305,-0.0369678822461516,-0.0097));
#2491=CARTESIAN_POINT('',(-0.0447451045630499,-0.0369678822461516,-0.009702));
#2492=CARTESIAN_POINT('',(-0.0447451045630499,-0.0369678822461516,-0.0097));
#2493=CARTESIAN_POINT('',(-0.04724510456305,-0.0369678822461516,-0.0097));
#2494=CARTESIAN_POINT('',(-0.04724510456305,-0.0344678822461515,-0.0097));
#2495=CARTESIAN_POINT('',(-0.04724510456305,-0.0344678822461515,-0.009702));
#2496=CARTESIAN_POINT('',(0.03304989543695,-0.0265678822461516,0.025));
#2497=CARTESIAN_POINT('',(0.03304989543695,-0.0265678822461516,0.001));
#2498=CARTESIAN_POINT('',(0.0355998954369501,-0.0265678822461516,0.001));
#2499=CARTESIAN_POINT('',(-0.00891587760768597,-0.00395874785519182,0.025));
#2500=CARTESIAN_POINT('',(0.025564122392314,-0.00395874785519182,0.002));
#2501=CARTESIAN_POINT('',(0.025564122392314,-0.00395874785519182,0.001));
#2502=CARTESIAN_POINT('',(-0.043395877607686,-0.00395874785519182,0.001));
#2503=CARTESIAN_POINT('',(-0.043395877607686,-0.00395874785519182,0.001));
#2504=CARTESIAN_POINT('',(-0.043395877607686,-0.00395874785519182,0.025));
#2505=CARTESIAN_POINT('',(0.026564122392314,-0.0218241638033342,0.025));
#2506=CARTESIAN_POINT('',(0.026564122392314,-0.0396678822461515,0.025));
#2507=CARTESIAN_POINT('',(0.026564122392314,-0.0396678822461515,0.001));
#2508=CARTESIAN_POINT('',(0.026564122392314,-0.00495874785519182,0.001));
#2509=CARTESIAN_POINT('',(0.026564122392314,-0.00495874785519182,0.001));
#2510=CARTESIAN_POINT('',(0.026564122392314,-0.00495874785519182,0.));
#2511=CARTESIAN_POINT('',(-0.044395877607686,-0.0218241638033342,0.025));
#2512=CARTESIAN_POINT('',(-0.044395877607686,-0.00495874785519182,0.025));
#2513=CARTESIAN_POINT('',(-0.044395877607686,-0.00495874785519182,0.001));
#2514=CARTESIAN_POINT('',(-0.044395877607686,-0.0218241638033342,0.001));
#2515=CARTESIAN_POINT('',(-0.044395877607686,-0.0396678822461515,0.001));
#2516=CARTESIAN_POINT('',(-0.044395877607686,-0.0396678822461515,0.));
#2517=CARTESIAN_POINT('',(0.01355489543695,0.00773211775384844,-0.023));
#2518=CARTESIAN_POINT('',(0.01355489543695,0.00773211775384844,0.001));
#2519=CARTESIAN_POINT('',(0.02205489543695,0.00773211775384844,0.001));
#2520=CARTESIAN_POINT('',(-0.03224510456305,0.00773211775384844,-0.023));
#2521=CARTESIAN_POINT('',(-0.03224510456305,0.00773211775384844,0.001));
#2522=CARTESIAN_POINT('',(-0.02374510456305,0.00773211775384844,0.001));
#2523=CARTESIAN_POINT('',(-0.03224510456305,0.00773211775384844,0.001));
#2524=CARTESIAN_POINT('',(0.01355489543695,0.00773211775384844,0.001));
#2525=CARTESIAN_POINT('',(0.03304989543695,-0.0265678822461516,0.001));
#2526=CARTESIAN_POINT('',(0.00105489543695013,-0.00606788224615156,-0.0097));
#2527=CARTESIAN_POINT('',(0.04935489543695,0.0277321177538484,-0.0097));
#2528=CARTESIAN_POINT('',(0.04745489543695,0.0277321177538484,-0.0097));
#2529=CARTESIAN_POINT('',(0.04635489543695,0.0295821177538485,-0.0097));
#2530=CARTESIAN_POINT('',(0.04635489543695,0.0277321177538484,-0.0097));
#2531=CARTESIAN_POINT('',(0.0493548964619,0.0277321187788084,-0.0097));
#2532=CARTESIAN_POINT('',(0.0530548954369501,0.0277321187788084,-0.0097));
#2533=CARTESIAN_POINT('',(0.0530548954369501,-0.00461788224612157,-0.0097));
#2534=CARTESIAN_POINT('',(0.0530548954369501,0.0247321177538485,-0.0097));
#2535=CARTESIAN_POINT('',(0.0512048954369501,0.0247321177538485,-0.0097));
#2536=CARTESIAN_POINT('',(0.04935489543695,0.0247321177538485,-0.0097));
#2537=CARTESIAN_POINT('',(0.04935489543695,0.0277321177538484,-0.0097));
#2538=CARTESIAN_POINT('',(0.00105489543695013,-0.00606788224615156,-0.0097));
#2539=CARTESIAN_POINT('',(-0.04724510456305,0.0277321177538484,-0.0097));
#2540=CARTESIAN_POINT('',(-0.04914510456305,0.0277321177538484,-0.0097));
#2541=CARTESIAN_POINT('',(-0.04909510456305,0.0247321181467518,-0.0097));
#2542=CARTESIAN_POINT('',(-0.04724510456305,0.0247321187788086,-0.0097));
#2543=CARTESIAN_POINT('',(-0.047245105588007,0.0277321187788084,-0.0097));
#2544=CARTESIAN_POINT('',(-0.0442451049559485,0.0295821177538485,-0.0097));
#2545=CARTESIAN_POINT('',(-0.0442451055880071,0.0277321177538484,-0.0097));
#2546=CARTESIAN_POINT('',(-0.047245105588007,0.0277321187788084,-0.0097));
#2547=CARTESIAN_POINT('',(0.00105489543695013,-0.00606788224615156,-0.0097));
#2548=CARTESIAN_POINT('',(-0.0447451045630499,-0.0388178822461515,-0.0097));
#2549=CARTESIAN_POINT('',(-0.0447451045630499,-0.0406678822461515,-0.0097));
#2550=CARTESIAN_POINT('',(0.00105489543694653,-0.0406678822461515,-0.0097));
#2551=CARTESIAN_POINT('',(-0.047245105588007,-0.0406678822460945,-0.0097));
#2552=CARTESIAN_POINT('',(-0.0472451055880069,-0.0369678832710515,-0.0097));
#2553=CARTESIAN_POINT('',(-0.04909510456305,-0.0344678822461515,-0.0097));
#2554=CARTESIAN_POINT('',(0.00105489543695013,-0.00606788224615156,-0.0097));
#2555=CARTESIAN_POINT('',(0.04935489543695,-0.0369678822461516,-0.0097));
#2556=CARTESIAN_POINT('',(0.04745489543695,-0.0369678822461516,-0.0097));
#2557=CARTESIAN_POINT('',(0.0512048954369501,-0.0339678822461515,-0.0097));
#2558=CARTESIAN_POINT('',(0.04935489543695,-0.0339678822461515,-0.0097));
#2559=CARTESIAN_POINT('',(0.0530548954369501,-0.0339678822461515,-0.0097));
#2560=CARTESIAN_POINT('',(0.0530548954369501,-0.00461788224612157,-0.0097));
#2561=CARTESIAN_POINT('',(0.053054895436943,-0.0369678832710515,-0.0097));
#2562=CARTESIAN_POINT('',(0.0493548964619,-0.0369678832710515,-0.0097));
#2563=CARTESIAN_POINT('',(0.0493548964619,-0.0406678822461515,-0.0097));
#2564=CARTESIAN_POINT('',(0.00105489543694653,-0.0406678822461515,-0.0097));
#2565=CARTESIAN_POINT('',(0.04635489543695,-0.0406678822461515,-0.0097));
#2566=CARTESIAN_POINT('',(0.04635489543695,-0.0388178822461515,-0.0097));
#2567=CARTESIAN_POINT('',(0.04635489543695,-0.0369678822461516,-0.0097));
#2568=CARTESIAN_POINT('',(0.04935489543695,-0.0369678822461516,-0.0097));
#2569=CARTESIAN_POINT('',(-0.0472451055880069,-0.0369678832710515,-0.009702));
#2570=CARTESIAN_POINT('',(-0.047245105588007,-0.0406678822460945,-0.009702));
#2571=CARTESIAN_POINT('',(-0.047245105588007,-0.0406678822460945,-0.0115));
#2572=CARTESIAN_POINT('',(-0.0472451055880069,-0.0369678832710515,-0.0115));
#2573=CARTESIAN_POINT('',(0.00105489543694653,-0.0406678822461515,-0.009702));
#2574=CARTESIAN_POINT('',(-0.043395877607686,-0.0406678822461515,0.002));
#2575=CARTESIAN_POINT('',(-0.043395877607686,-0.0406678822461515,0.001));
#2576=CARTESIAN_POINT('',(0.00105489543694653,-0.0406678822461515,0.001));
#2577=CARTESIAN_POINT('',(0.025564122392314,-0.0406678822461515,0.001));
#2578=CARTESIAN_POINT('',(0.025564122392314,-0.0406678822461515,-0.009702));
#2579=CARTESIAN_POINT('',(0.04635489543695,-0.0406678822461515,-0.009702));
#2580=CARTESIAN_POINT('',(0.0493548964619,-0.0406678822461515,-0.009702));
#2581=CARTESIAN_POINT('',(0.0493548964619,-0.0406678822461515,-0.0115));
#2582=CARTESIAN_POINT('',(0.00105489543694653,-0.0406678822461515,-0.0115));
#2583=CARTESIAN_POINT('',(-0.0447451045630499,-0.0406678822461515,-0.009702));
#2584=CARTESIAN_POINT('',(0.0493548964619,-0.0369678832710515,-0.009702));
#2585=CARTESIAN_POINT('',(0.053054895436943,-0.0369678832710515,-0.009702));
#2586=CARTESIAN_POINT('',(0.053054895436943,-0.0369678832710515,-0.0115));
#2587=CARTESIAN_POINT('',(0.0493548964619,-0.0369678832710515,-0.0115));
#2588=CARTESIAN_POINT('',(0.0530548954369501,-0.00461788224612157,-0.009702));
#2589=CARTESIAN_POINT('',(0.0530548954369501,-0.0339678822461515,-0.009702));
#2590=CARTESIAN_POINT('',(0.0530548954369501,0.0247321177538485,-0.009702));
#2591=CARTESIAN_POINT('',(0.0530548954369501,0.0277321187788084,-0.009702));
#2592=CARTESIAN_POINT('',(0.0530548954369501,0.0277321187788084,-0.0115));
#2593=CARTESIAN_POINT('',(0.0530548954369501,-0.00461788224612157,-0.0115));
#2594=CARTESIAN_POINT('',(0.0493548964619,0.0277321187788084,-0.009702));
#2595=CARTESIAN_POINT('',(0.0493548964619,0.0277321187788084,-0.0115));
#2596=CARTESIAN_POINT('',(-0.047245105588007,0.0277321187788084,-0.009702));
#2597=CARTESIAN_POINT('',(-0.047245105588007,0.0277321187788084,-0.0115));
#2598=CARTESIAN_POINT('',(-0.0447451045630499,-0.0388178822461515,-0.009702));
#2599=CARTESIAN_POINT('',(-0.04909510456305,-0.0344678822461515,-0.009702));
#2600=CARTESIAN_POINT('',(0.00105489543695013,-0.00606788224615156,-0.0115));
#2601=CARTESIAN_POINT('',(-0.05444510456305,-0.00461788224615157,-0.0115));
#2602=CARTESIAN_POINT('',(-0.05444510456305,-0.0440678822461515,-0.0115));
#2603=CARTESIAN_POINT('',(-0.05444510456305,0.0294321177538484,-0.0115));
#2604=CARTESIAN_POINT('',(-0.05044510456305,0.0294321177538484,-0.0115));
#2605=CARTESIAN_POINT('',(-0.05044510456305,0.0334321177538484,-0.0115));
#2606=CARTESIAN_POINT('',(0.00105489543695003,0.0334321177538484,-0.0115));
#2607=CARTESIAN_POINT('',(0.0525548954369501,0.0334321177538484,-0.0115));
#2608=CARTESIAN_POINT('',(0.0525548954369501,0.0294321177538484,-0.0115));
#2609=CARTESIAN_POINT('',(0.0565548954369501,0.0294321177538484,-0.0115));
#2610=CARTESIAN_POINT('',(0.0565548954369501,-0.00461788224615156,-0.0115));
#2611=CARTESIAN_POINT('',(0.0565548954369501,-0.0440678822461515,-0.0115));
#2612=CARTESIAN_POINT('',(0.0525548954369501,-0.0440678822461515,-0.0115));
#2613=CARTESIAN_POINT('',(0.0525548954369501,-0.0480678822461516,-0.0115));
#2614=CARTESIAN_POINT('',(0.00105489543695004,-0.0480678822461516,-0.0115));
#2615=CARTESIAN_POINT('',(-0.05044510456305,-0.0480678822461516,-0.0115));
#2616=CARTESIAN_POINT('',(-0.05044510456305,-0.0440678822461515,-0.0115));
#2617=CARTESIAN_POINT('',(0.00105489543695013,-0.00606788224615156,-0.0097));
#2618=CARTESIAN_POINT('',(-0.04714510456305,0.000132117753848443,-0.0097));
#2619=CARTESIAN_POINT('',(-0.04904510456305,0.000132117753848443,-0.0097));
#2620=CARTESIAN_POINT('',(-0.04904510456305,-0.00286788224615156,-0.0097));
#2621=CARTESIAN_POINT('',(-0.04904510456305,0.00313211775384844,-0.0097));
#2622=CARTESIAN_POINT('',(0.04635489543695,0.0295821177538485,-0.009702));
#2623=CARTESIAN_POINT('',(0.04635489543695,0.0277321177538484,-0.009702));
#2624=CARTESIAN_POINT('',(0.04935489543695,0.0277321177538484,-0.009702));
#2625=CARTESIAN_POINT('',(0.04935489543695,0.0247321177538485,-0.009702));
#2626=CARTESIAN_POINT('',(0.0512048954369501,0.0247321177538485,-0.009702));
#2627=CARTESIAN_POINT('',(0.0512048954369501,-0.0339678822461515,-0.009702));
#2628=CARTESIAN_POINT('',(0.04935489543695,-0.0339678822461515,-0.009702));
#2629=CARTESIAN_POINT('',(0.04935489543695,-0.0369678822461516,-0.009702));
#2630=CARTESIAN_POINT('',(0.04635489543695,-0.0369678822461516,-0.009702));
#2631=CARTESIAN_POINT('',(0.04635489543695,-0.0388178822461515,-0.009702));
#2632=CARTESIAN_POINT('',(-0.0442451049559485,0.0295821177538485,-0.009702));
#2633=CARTESIAN_POINT('',(-0.0442451055880071,0.0277321177538484,-0.009702));
#2634=CARTESIAN_POINT('',(-0.047245105588007,0.0277321187788084,-0.009702));
#2635=CARTESIAN_POINT('',(-0.04724510456305,0.0247321187788086,-0.009702));
#2636=CARTESIAN_POINT('',(-0.04909510456305,0.0247321181467518,-0.009702));
#2637=CARTESIAN_POINT('',(-0.04904510456305,-0.00286788224615156,-0.009702));
#2638=CARTESIAN_POINT('',(-0.04904510456305,0.00313211775384844,-0.009702));
#2639=CARTESIAN_POINT('',(-0.04714510456305,0.000132117753848443,-0.0047));
#2640=CARTESIAN_POINT('',(-0.04714510456305,0.000132117753848443,-0.0094));
#2641=CARTESIAN_POINT('',(-0.04874510456305,0.000132117753848443,-0.0094));
#2642=CARTESIAN_POINT('',(-0.04714510456305,0.000132117753848443,-0.006));
#2643=CARTESIAN_POINT('',(-0.04554510456305,0.000132117753848443,-0.006));
#2644=CARTESIAN_POINT('',(0.,0.,-0.006));
#2645=CARTESIAN_POINT('',(0.04935489543695,0.0277321177538484,-0.0047));
#2646=CARTESIAN_POINT('',(0.04935489543695,0.0277321177538484,-0.0094));
#2647=CARTESIAN_POINT('',(0.04775489543695,0.0277321177538484,-0.0094));
#2648=CARTESIAN_POINT('',(0.04935489543695,0.0277321177538484,-0.006));
#2649=CARTESIAN_POINT('',(0.05095489543695,0.0277321177538484,-0.006));
#2650=CARTESIAN_POINT('',(0.00105489543695013,-0.00606788224615156,-0.006));
#2651=CARTESIAN_POINT('',(-0.04724510456305,0.0277321177538484,-0.0047));
#2652=CARTESIAN_POINT('',(-0.04724510456305,0.0277321177538484,-0.0094));
#2653=CARTESIAN_POINT('',(-0.04884510456305,0.0277321177538484,-0.0094));
#2654=CARTESIAN_POINT('',(-0.04724510456305,0.0277321177538484,-0.006));
#2655=CARTESIAN_POINT('',(-0.04564510456305,0.0277321177538484,-0.006));
#2656=CARTESIAN_POINT('',(0.00105489543695013,-0.00606788224615156,-0.006));
#2657=CARTESIAN_POINT('',(0.04935489543695,-0.0369678822461516,-0.0047));
#2658=CARTESIAN_POINT('',(0.04935489543695,-0.0369678822461516,-0.0094));
#2659=CARTESIAN_POINT('',(0.04775489543695,-0.0369678822461516,-0.0094));
#2660=CARTESIAN_POINT('',(0.04935489543695,-0.0369678822461516,-0.006));
#2661=CARTESIAN_POINT('',(0.05095489543695,-0.0369678822461516,-0.006));
#2662=CARTESIAN_POINT('',(0.00105489543695013,-0.00606788224615156,-0.006));
#2663=CARTESIAN_POINT('',(0.04935489543695,0.0277321177538484,-0.0094));
#2664=CARTESIAN_POINT('',(-0.04724510456305,0.0277321177538484,-0.0094));
#2665=CARTESIAN_POINT('',(-0.04714510456305,0.000132117753848443,-0.0094));
#2666=CARTESIAN_POINT('',(0.04935489543695,-0.0369678822461516,-0.0094));
#2667=CARTESIAN_POINT('',(0.04655489543695,-0.0264678822461516,0.001));
#2668=CARTESIAN_POINT('',(0.04655489543695,-0.0334678822461515,0.001));
#2669=CARTESIAN_POINT('',(0.04655489543695,-0.0334678822461515,0.001));
#2670=CARTESIAN_POINT('',(0.04655489543695,-0.0264678822461516,0.001));
#2671=CARTESIAN_POINT('',(0.04655489543695,-0.0194678822461516,0.001));
#2672=CARTESIAN_POINT('',(0.04655489543695,-0.0194678822461516,0.001));
#2673=CARTESIAN_POINT('',(0.04255489543695,-0.0334678822461515,0.001));
#2674=CARTESIAN_POINT('',(0.03855489543695,-0.0334678822461515,0.001));
#2675=CARTESIAN_POINT('',(0.03855489543695,-0.0334678822461515,0.001));
#2676=CARTESIAN_POINT('',(0.04255489543695,-0.0334678822461515,0.001));
#2677=CARTESIAN_POINT('',(0.03855489543695,-0.0264678822461516,0.001));
#2678=CARTESIAN_POINT('',(0.03855489543695,-0.0194678822461516,0.001));
#2679=CARTESIAN_POINT('',(0.03855489543695,-0.0194678822461516,0.001));
#2680=CARTESIAN_POINT('',(0.03855489543695,-0.0264678822461516,0.001));
#2681=CARTESIAN_POINT('',(0.04255489543695,-0.0194678822461516,0.001));
#2682=CARTESIAN_POINT('',(0.04255489543695,-0.0194678822461516,0.001));
#2683=CARTESIAN_POINT('',(0.00105489543695005,-0.00461788224615156,0.001));
#2684=CARTESIAN_POINT('',(0.00105489543695004,-0.0480678822461516,0.025));
#2685=CARTESIAN_POINT('',(0.0525548954369501,-0.0480678822461516,0.025));
#2686=CARTESIAN_POINT('',(0.0525548954369501,-0.0480678822461516,-0.001));
#2687=CARTESIAN_POINT('',(0.00105489543695004,-0.0480678822461516,-0.001));
#2688=CARTESIAN_POINT('',(-0.05044510456305,-0.0480678822461516,-0.001));
#2689=CARTESIAN_POINT('',(-0.05044510456305,-0.0480678822461516,0.025));
#2690=CARTESIAN_POINT('',(0.0565548954369501,-0.00461788224615156,0.025));
#2691=CARTESIAN_POINT('',(0.0565548954369501,0.0294321177538484,0.025));
#2692=CARTESIAN_POINT('',(0.0565548954369501,0.0294321177538484,-0.001));
#2693=CARTESIAN_POINT('',(0.0565548954369501,-0.00461788224615156,-0.001));
#2694=CARTESIAN_POINT('',(0.0565548954369501,-0.0440678822461515,-0.001));
#2695=CARTESIAN_POINT('',(0.0565548954369501,-0.0440678822461515,0.025));
#2696=CARTESIAN_POINT('',(-0.05444510456305,-0.00461788224615157,0.025));
#2697=CARTESIAN_POINT('',(-0.05444510456305,-0.0440678822461515,0.025));
#2698=CARTESIAN_POINT('',(-0.05444510456305,-0.0440678822461515,-0.001));
#2699=CARTESIAN_POINT('',(-0.05444510456305,-0.00461788224615157,-0.001));
#2700=CARTESIAN_POINT('',(-0.05444510456305,0.0294321177538484,-0.001));
#2701=CARTESIAN_POINT('',(-0.05444510456305,0.0294321177538484,0.025));
#2702=CARTESIAN_POINT('',(0.025564122392314,-0.00495874785519182,0.025));
#2703=CARTESIAN_POINT('',(0.025564122392314,-0.00495874785519182,0.001));
#2704=CARTESIAN_POINT('',(0.025564122392314,-0.0396678822461515,-0.009702));
#2705=CARTESIAN_POINT('',(0.025564122392314,-0.0396678822461515,0.001));
#2706=CARTESIAN_POINT('',(-0.043395877607686,-0.0396678822461515,0.025));
#2707=CARTESIAN_POINT('',(-0.043395877607686,-0.0396678822461515,0.001));
#2708=CARTESIAN_POINT('',(-0.043395877607686,-0.00495874785519182,0.025));
#2709=CARTESIAN_POINT('',(-0.043395877607686,-0.00495874785519182,0.001));
#2710=CARTESIAN_POINT('',(-0.045395877607686,0.,0.002));
#2711=CARTESIAN_POINT('',(-0.045395877607686,-0.00495874785519182,0.002));
#2712=CARTESIAN_POINT('',(-0.044395877607686,-0.0396678822461515,0.001));
#2713=CARTESIAN_POINT('',(-0.043395877607686,-0.0396678822461515,0.002));
#2714=CARTESIAN_POINT('',(-0.043395877607686,-0.0406678822461515,0.001));
#2715=CARTESIAN_POINT('',(-0.043395877607686,-0.00495874785519182,0.002));
#2716=CARTESIAN_POINT('',(-0.043395877607686,-0.00295874785519182,0.002));
#2717=CARTESIAN_POINT('',(0.00105489543694653,-0.0406678822461515,0.001));
#2718=CARTESIAN_POINT('',(0.025564122392314,-0.0406678822461515,0.001));
#2719=CARTESIAN_POINT('',(-0.00891587760768597,-0.00395874785519182,0.001));
#2720=CARTESIAN_POINT('',(0.025564122392314,-0.00295874785519182,0.002));
#2721=CARTESIAN_POINT('',(0.025564122392314,-0.0396678822461515,0.002));
#2722=CARTESIAN_POINT('',(0.026564122392314,-0.0396678822461515,0.001));
#2723=CARTESIAN_POINT('',(0.025564122392314,-0.00495874785519182,0.002));
#2724=CARTESIAN_POINT('',(0.027564122392314,-0.00495874785519182,0.002));
#2725=CARTESIAN_POINT('',(0.026564122392314,-0.0218241638033342,0.001));
#2726=CARTESIAN_POINT('',(0.00105489543695003,0.0334321177538484,0.025));
#2727=CARTESIAN_POINT('',(-0.00575510456304997,0.0334321177538484,-0.008305));
#2728=CARTESIAN_POINT('',(-0.01213510456305,0.0334321177538484,-0.008305));
#2729=CARTESIAN_POINT('',(-0.00575510456304996,0.0334321177538484,-0.008305));
#2730=CARTESIAN_POINT('',(-0.00575510456304997,0.0334321177538484,-0.005725));
#2731=CARTESIAN_POINT('',(-0.00317510456304996,0.0334321177538484,-0.005725));
#2732=CARTESIAN_POINT('',(-0.00317510456304996,0.0334321177538484,-0.004625));
#2733=CARTESIAN_POINT('',(-0.00317510456304996,0.0334321177538484,-0.004625));
#2734=CARTESIAN_POINT('',(-0.00575510456304996,0.0334321177538484,-0.004625));
#2735=CARTESIAN_POINT('',(-0.00575510456304997,0.0334321177538484,-0.00204500000000003));
#2736=CARTESIAN_POINT('',(0.00105489543695003,0.0334321177538484,-0.00204500000000003));
#2737=CARTESIAN_POINT('',(-0.01213510456305,0.0334321177538484,-0.00204500000000003));
#2738=CARTESIAN_POINT('',(-0.01213510456305,0.0334321177538484,-0.004625));
#2739=CARTESIAN_POINT('',(-0.01471510456305,0.0334321177538484,-0.004625));
#2740=CARTESIAN_POINT('',(-0.01471510456305,0.0334321177538484,0.025));
#2741=CARTESIAN_POINT('',(-0.01471510456305,0.0334321177538484,-0.005725));
#2742=CARTESIAN_POINT('',(-0.01213510456305,0.0334321177538484,-0.005725));
#2743=CARTESIAN_POINT('',(-0.05044510456305,0.0334321177538484,0.025));
#2744=CARTESIAN_POINT('',(-0.05044510456305,0.0334321177538484,-0.001));
#2745=CARTESIAN_POINT('',(0.00105489543695003,0.0334321177538484,-0.001));
#2746=CARTESIAN_POINT('',(0.0525548954369501,0.0334321177538484,-0.001));
#2747=CARTESIAN_POINT('',(0.0525548954369501,0.0334321177538484,0.025));
#2748=CARTESIAN_POINT('',(-0.00575510456304996,0.0324321177538484,-0.004625));
#2749=CARTESIAN_POINT('',(-0.00575510456304997,0.0324321177538484,-0.00204500000000003));
#2750=CARTESIAN_POINT('',(-0.00317510456304996,0.0324321177538484,-0.004625));
#2751=CARTESIAN_POINT('',(0.00105489543695003,0.0324321177538484,-0.00204500000000003));
#2752=CARTESIAN_POINT('',(-0.01213510456305,0.0324321177538484,-0.00204500000000003));
#2753=CARTESIAN_POINT('',(-0.00317510456304996,0.0324321177538484,-0.005425));
#2754=CARTESIAN_POINT('',(-0.00317510456304996,0.0324321177538484,-0.005725));
#2755=CARTESIAN_POINT('',(-0.01213510456305,0.0324321177538484,-0.004625));
#2756=CARTESIAN_POINT('',(-0.01471510456305,0.0324321177538484,-0.004625));
#2757=CARTESIAN_POINT('',(-0.00575510456304997,0.0324321177538484,-0.005725));
#2758=CARTESIAN_POINT('',(-0.00575510456304996,0.0324321177538484,-0.008305));
#2759=CARTESIAN_POINT('',(-0.01471510456305,0.0324321177538484,0.025));
#2760=CARTESIAN_POINT('',(-0.01471510456305,0.0324321177538484,-0.005725));
#2761=CARTESIAN_POINT('',(-0.00735010456304996,0.0324321177538484,-0.008305));
#2762=CARTESIAN_POINT('',(-0.01213510456305,0.0324321177538484,-0.008305));
#2763=CARTESIAN_POINT('',(-0.01213510456305,0.0324321177538484,-0.005725));
#2764=CARTESIAN_POINT('',(-0.05044510456305,0.0294321177538484,0.025));
#2765=CARTESIAN_POINT('',(-0.05044510456305,0.0294321177538484,-0.001));
#2766=CARTESIAN_POINT('',(0.0525548954369501,0.0294321177538484,0.025));
#2767=CARTESIAN_POINT('',(0.0525548954369501,0.0294321177538484,-0.001));
#2768=CARTESIAN_POINT('',(-0.05044510456305,-0.0440678822461515,0.025));
#2769=CARTESIAN_POINT('',(-0.05044510456305,-0.0440678822461515,-0.001));
#2770=CARTESIAN_POINT('',(0.0525548954369501,-0.0440678822461515,0.025));
#2771=CARTESIAN_POINT('',(0.0525548954369501,-0.0440678822461515,-0.001));
#2772=CARTESIAN_POINT('',(0.0535548954369501,0.,0.002));
#2773=CARTESIAN_POINT('',(0.0565548954369501,-0.0440678822461515,-0.001));
#2774=CARTESIAN_POINT('',(0.0535548954369501,0.0294321177538484,0.002));
#2775=CARTESIAN_POINT('',(0.0525548954369501,0.0294321177538484,0.002));
#2776=CARTESIAN_POINT('',(0.0525548954369501,0.0304321177538485,0.002));
#2777=CARTESIAN_POINT('',(0.0525548954369501,-0.0440678822461515,0.002));
#2778=CARTESIAN_POINT('',(0.0525548954369501,-0.0480678822461516,-0.001));
#2779=CARTESIAN_POINT('',(0.,0.0304321177538485,0.002));
#2780=CARTESIAN_POINT('',(-0.05044510456305,0.0304321177538485,0.002));
#2781=CARTESIAN_POINT('',(0.,-0.0450678822461516,0.002));
#2782=CARTESIAN_POINT('',(-0.05044510456305,-0.0480678822461516,-0.001));
#2783=CARTESIAN_POINT('',(-0.05044510456305,0.0294321177538484,0.002));
#2784=CARTESIAN_POINT('',(-0.05144510456305,0.0294321177538484,0.002));
#2785=CARTESIAN_POINT('',(-0.05044510456305,-0.0440678822461515,0.002));
#2786=CARTESIAN_POINT('',(-0.05444510456305,-0.0440678822461515,-0.001));
#2787=CARTESIAN_POINT('',(-0.05144510456305,0.,0.002));
#2788=MECHANICAL_DESIGN_GEOMETRIC_PRESENTATION_REPRESENTATION('',(#1638),
#2789);
#2789=(
GEOMETRIC_REPRESENTATION_CONTEXT(3)
GLOBAL_UNCERTAINTY_ASSIGNED_CONTEXT((#2790))
GLOBAL_UNIT_ASSIGNED_CONTEXT((#2793,#2792,#2791))
REPRESENTATION_CONTEXT('Part 1','TOP_LEVEL_ASSEMBLY_PART')
);
#2790=UNCERTAINTY_MEASURE_WITH_UNIT(LENGTH_MEASURE(1.E-8),#2793,
'DISTANCE_ACCURACY_VALUE','Maximum Tolerance applied to model');
#2791=(
NAMED_UNIT(*)
SI_UNIT($,.STERADIAN.)
SOLID_ANGLE_UNIT()
);
#2792=(
NAMED_UNIT(*)
PLANE_ANGLE_UNIT()
SI_UNIT($,.RADIAN.)
);
#2793=(
LENGTH_UNIT()
NAMED_UNIT(*)
SI_UNIT($,.METRE.)
);
#2794=PRODUCT_DEFINITION_SHAPE('','',#2795);
#2795=PRODUCT_DEFINITION('','',#2797,#2796);
#2796=PRODUCT_DEFINITION_CONTEXT('',#2803,'design');
#2797=PRODUCT_DEFINITION_FORMATION_WITH_SPECIFIED_SOURCE('','',#2799,
 .NOT_KNOWN.);
#2798=PRODUCT_RELATED_PRODUCT_CATEGORY('','',(#2799));
#2799=PRODUCT('Part 1','Part 1','Part 1',(#2801));
#2800=PRODUCT_CATEGORY('','');
#2801=PRODUCT_CONTEXT('',#2803,'mechanical');
#2802=APPLICATION_PROTOCOL_DEFINITION('international standard',
'ap242_managed_model_based_3d_engineering',2020,#2803);
#2803=APPLICATION_CONTEXT('managed model based 3d engineering');
ENDSEC;
END-ISO-10303-21;
