ISO-10303-21;
HEADER;
/* Generated by software containing ST-Developer
 * from STEP Tools, Inc. (www.steptools.com) 
 */
/* OPTION: using custom renumber hook */

FILE_DESCRIPTION(
/* description */ ('STEP AP242 Edition 2',
'CAx-IF Rec.Pracs.---Representation and Presentation of Product Manufa
cturing Information (PMI)---4.0---2014-10-13',
'CAx-IF Rec.Pracs.---3D Tessellated Geometry---0.4---2014-09-14','2;1',
'CAx-IF Rec.Pracs.---User Defined Attributes---1.5---2016-08-15'),
/* implementation_level */ '2;1');

FILE_NAME(
/* name */ 'protoMIDI ENCLOSURE TOP',
/* time_stamp */ '2026-06-28T17:25:12Z',
/* author */ (''),
/* organization */ (''),
/* preprocessor_version */ 'ST-DEVELOPER v20',
/* originating_system */ 'ONSHAPE BY PTC INC, 1.217',
/* authorisation */ '  ');

FILE_SCHEMA (('AP242_MANAGED_MODEL_BASED_3D_ENGINEERING_MIM_LF { 1 0 10303 442 3 1 4 }'));
ENDSEC;

DATA;
#10=SHAPE_REPRESENTATION_RELATIONSHIP('','',#1668,#11);
#11=ADVANCED_BREP_SHAPE_REPRESENTATION('',(#1666),#2849);
#12=TOROIDAL_SURFACE('',#1803,0.00208,0.0005);
#13=TOROIDAL_SURFACE('',#1806,0.00208,0.0005);
#14=TOROIDAL_SURFACE('',#1813,0.00208,0.0005);
#15=TOROIDAL_SURFACE('',#1816,0.00208,0.0005);
#16=TOROIDAL_SURFACE('',#1843,0.00258,0.001);
#17=TOROIDAL_SURFACE('',#1850,0.00258,0.001);
#18=TOROIDAL_SURFACE('',#1852,0.00258,0.001);
#19=TOROIDAL_SURFACE('',#1858,0.00258,0.001);
#20=CONICAL_SURFACE('',#1722,0.0085,0.785398163397448);
#21=CONICAL_SURFACE('',#1723,0.0085,0.785398163397446);
#22=CONICAL_SURFACE('',#1724,0.00255,0.785398163397449);
#23=CONICAL_SURFACE('',#1777,0.001,0.785398163397448);
#24=CONICAL_SURFACE('',#1778,0.001,0.785398163397448);
#25=CONICAL_SURFACE('',#1781,0.001,0.785398163397448);
#26=CONICAL_SURFACE('',#1782,0.001,0.785398163397448);
#27=CONICAL_SURFACE('',#1793,0.002,0.785398163397449);
#28=CONICAL_SURFACE('',#1794,0.002,0.785398163397449);
#29=CONICAL_SURFACE('',#1797,0.002,0.78539816339745);
#30=CONICAL_SURFACE('',#1798,0.002,0.78539816339745);
#31=CIRCLE('',#1672,0.003);
#32=CIRCLE('',#1673,0.003);
#33=CIRCLE('',#1675,0.00175);
#34=CIRCLE('',#1676,0.00175);
#35=CIRCLE('',#1678,0.003);
#36=CIRCLE('',#1679,0.003);
#37=CIRCLE('',#1680,0.003);
#38=CIRCLE('',#1681,0.0025);
#39=CIRCLE('',#1682,0.0031);
#40=CIRCLE('',#1683,0.0004);
#41=CIRCLE('',#1684,0.0004);
#42=CIRCLE('',#1685,0.00255);
#43=CIRCLE('',#1686,0.001);
#44=CIRCLE('',#1687,0.001);
#45=CIRCLE('',#1688,0.001);
#46=CIRCLE('',#1689,0.001);
#47=CIRCLE('',#1690,0.0085);
#48=CIRCLE('',#1691,0.0085);
#49=CIRCLE('',#1693,0.0025);
#50=CIRCLE('',#1695,0.002);
#51=CIRCLE('',#1696,0.002);
#52=CIRCLE('',#1697,0.002);
#53=CIRCLE('',#1698,0.002);
#54=CIRCLE('',#1699,0.001);
#55=CIRCLE('',#1700,0.001);
#56=CIRCLE('',#1701,0.001);
#57=CIRCLE('',#1702,0.001);
#58=CIRCLE('',#1703,0.00355);
#59=CIRCLE('',#1704,0.0095);
#60=CIRCLE('',#1705,0.0095);
#61=CIRCLE('',#1706,0.0004);
#62=CIRCLE('',#1707,0.0004);
#63=CIRCLE('',#1708,0.0031);
#64=CIRCLE('',#1713,0.00255);
#65=CIRCLE('',#1719,0.0085);
#66=CIRCLE('',#1721,0.0085);
#67=CIRCLE('',#1726,0.00369999897504301);
#68=CIRCLE('',#1727,0.003);
#69=CIRCLE('',#1728,0.00175);
#70=CIRCLE('',#1730,0.00369999897504301);
#71=CIRCLE('',#1731,0.003);
#72=CIRCLE('',#1732,0.00175);
#73=CIRCLE('',#1734,0.003699998975043);
#74=CIRCLE('',#1736,0.00369999897504301);
#75=CIRCLE('',#1737,0.003);
#76=CIRCLE('',#1738,0.00175);
#77=CIRCLE('',#1742,0.00258);
#78=CIRCLE('',#1743,0.00258);
#79=CIRCLE('',#1744,0.00258);
#80=CIRCLE('',#1745,0.00258);
#81=CIRCLE('',#1747,0.003699998975043);
#82=CIRCLE('',#1750,0.00369999897504301);
#83=CIRCLE('',#1753,0.00369999897504301);
#84=CIRCLE('',#1755,0.00208);
#85=CIRCLE('',#1756,0.00208);
#86=CIRCLE('',#1757,0.00208);
#87=CIRCLE('',#1758,0.00208);
#88=CIRCLE('',#1760,0.00369999897504301);
#89=CIRCLE('',#1765,0.004);
#90=CIRCLE('',#1766,0.004);
#91=CIRCLE('',#1768,0.004);
#92=CIRCLE('',#1769,0.004);
#93=CIRCLE('',#1771,0.004);
#94=CIRCLE('',#1772,0.004);
#95=CIRCLE('',#1774,0.004);
#96=CIRCLE('',#1775,0.004);
#97=CIRCLE('',#1785,0.001);
#98=CIRCLE('',#1787,0.001);
#99=CIRCLE('',#1789,0.001);
#100=CIRCLE('',#1791,0.001);
#101=CIRCLE('',#1801,0.0005);
#102=CIRCLE('',#1802,0.0005);
#103=CIRCLE('',#1804,0.0005);
#104=CIRCLE('',#1805,0.00158);
#105=CIRCLE('',#1807,0.00158);
#106=CIRCLE('',#1808,0.0005);
#107=CIRCLE('',#1810,0.0005);
#108=CIRCLE('',#1812,0.0005);
#109=CIRCLE('',#1814,0.0005);
#110=CIRCLE('',#1815,0.00158);
#111=CIRCLE('',#1817,0.00158);
#112=CIRCLE('',#1818,0.0005);
#113=CIRCLE('',#1822,0.00175);
#114=CIRCLE('',#1824,0.00175);
#115=CIRCLE('',#1826,0.00175);
#116=CIRCLE('',#1844,0.001);
#117=CIRCLE('',#1845,0.001);
#118=CIRCLE('',#1847,0.001);
#119=CIRCLE('',#1849,0.001);
#120=CIRCLE('',#1851,0.001);
#121=CIRCLE('',#1853,0.001);
#122=CIRCLE('',#1855,0.001);
#123=CIRCLE('',#1857,0.001);
#124=CYLINDRICAL_SURFACE('',#1671,0.003);
#125=CYLINDRICAL_SURFACE('',#1674,0.00175);
#126=CYLINDRICAL_SURFACE('',#1692,0.0025);
#127=CYLINDRICAL_SURFACE('',#1709,0.0031);
#128=CYLINDRICAL_SURFACE('',#1710,0.0004);
#129=CYLINDRICAL_SURFACE('',#1711,0.0004);
#130=CYLINDRICAL_SURFACE('',#1712,0.00255);
#131=CYLINDRICAL_SURFACE('',#1718,0.0085);
#132=CYLINDRICAL_SURFACE('',#1720,0.0085);
#133=CYLINDRICAL_SURFACE('',#1746,0.003699998975043);
#134=CYLINDRICAL_SURFACE('',#1749,0.00369999897504301);
#135=CYLINDRICAL_SURFACE('',#1752,0.00369999897504301);
#136=CYLINDRICAL_SURFACE('',#1759,0.00369999897504301);
#137=CYLINDRICAL_SURFACE('',#1764,0.004);
#138=CYLINDRICAL_SURFACE('',#1767,0.004);
#139=CYLINDRICAL_SURFACE('',#1770,0.004);
#140=CYLINDRICAL_SURFACE('',#1773,0.004);
#141=CYLINDRICAL_SURFACE('',#1784,0.001);
#142=CYLINDRICAL_SURFACE('',#1786,0.001);
#143=CYLINDRICAL_SURFACE('',#1788,0.001);
#144=CYLINDRICAL_SURFACE('',#1790,0.001);
#145=CYLINDRICAL_SURFACE('',#1800,0.0005);
#146=CYLINDRICAL_SURFACE('',#1809,0.0005);
#147=CYLINDRICAL_SURFACE('',#1811,0.0005);
#148=CYLINDRICAL_SURFACE('',#1819,0.0005);
#149=CYLINDRICAL_SURFACE('',#1821,0.00175);
#150=CYLINDRICAL_SURFACE('',#1823,0.00175);
#151=CYLINDRICAL_SURFACE('',#1825,0.00175);
#152=CYLINDRICAL_SURFACE('',#1832,0.003);
#153=CYLINDRICAL_SURFACE('',#1835,0.003);
#154=CYLINDRICAL_SURFACE('',#1838,0.003);
#155=CYLINDRICAL_SURFACE('',#1846,0.001);
#156=CYLINDRICAL_SURFACE('',#1848,0.001);
#157=CYLINDRICAL_SURFACE('',#1854,0.001);
#158=CYLINDRICAL_SURFACE('',#1856,0.001);
#159=ORIENTED_EDGE('',*,*,#613,.F.);
#160=ORIENTED_EDGE('',*,*,#614,.T.);
#161=ORIENTED_EDGE('',*,*,#615,.F.);
#162=ORIENTED_EDGE('',*,*,#616,.F.);
#163=ORIENTED_EDGE('',*,*,#617,.F.);
#164=ORIENTED_EDGE('',*,*,#618,.F.);
#165=ORIENTED_EDGE('',*,*,#619,.T.);
#166=ORIENTED_EDGE('',*,*,#620,.T.);
#167=ORIENTED_EDGE('',*,*,#621,.F.);
#168=ORIENTED_EDGE('',*,*,#622,.T.);
#169=ORIENTED_EDGE('',*,*,#623,.F.);
#170=ORIENTED_EDGE('',*,*,#624,.F.);
#171=ORIENTED_EDGE('',*,*,#625,.F.);
#172=ORIENTED_EDGE('',*,*,#626,.F.);
#173=ORIENTED_EDGE('',*,*,#627,.T.);
#174=ORIENTED_EDGE('',*,*,#628,.T.);
#175=ORIENTED_EDGE('',*,*,#629,.T.);
#176=ORIENTED_EDGE('',*,*,#630,.F.);
#177=ORIENTED_EDGE('',*,*,#628,.F.);
#178=ORIENTED_EDGE('',*,*,#631,.T.);
#179=ORIENTED_EDGE('',*,*,#623,.T.);
#180=ORIENTED_EDGE('',*,*,#632,.F.);
#181=ORIENTED_EDGE('',*,*,#633,.F.);
#182=ORIENTED_EDGE('',*,*,#634,.T.);
#183=ORIENTED_EDGE('',*,*,#635,.T.);
#184=ORIENTED_EDGE('',*,*,#636,.F.);
#185=ORIENTED_EDGE('',*,*,#637,.F.);
#186=ORIENTED_EDGE('',*,*,#638,.T.);
#187=ORIENTED_EDGE('',*,*,#639,.T.);
#188=ORIENTED_EDGE('',*,*,#640,.F.);
#189=ORIENTED_EDGE('',*,*,#641,.F.);
#190=ORIENTED_EDGE('',*,*,#642,.T.);
#191=ORIENTED_EDGE('',*,*,#643,.T.);
#192=ORIENTED_EDGE('',*,*,#644,.F.);
#193=ORIENTED_EDGE('',*,*,#645,.F.);
#194=ORIENTED_EDGE('',*,*,#646,.T.);
#195=ORIENTED_EDGE('',*,*,#615,.T.);
#196=ORIENTED_EDGE('',*,*,#647,.F.);
#197=ORIENTED_EDGE('',*,*,#648,.F.);
#198=ORIENTED_EDGE('',*,*,#649,.F.);
#199=ORIENTED_EDGE('',*,*,#650,.F.);
#200=ORIENTED_EDGE('',*,*,#651,.F.);
#201=ORIENTED_EDGE('',*,*,#652,.F.);
#202=ORIENTED_EDGE('',*,*,#653,.T.);
#203=ORIENTED_EDGE('',*,*,#654,.F.);
#204=ORIENTED_EDGE('',*,*,#655,.T.);
#205=ORIENTED_EDGE('',*,*,#656,.T.);
#206=ORIENTED_EDGE('',*,*,#657,.T.);
#207=ORIENTED_EDGE('',*,*,#658,.T.);
#208=ORIENTED_EDGE('',*,*,#659,.T.);
#209=ORIENTED_EDGE('',*,*,#660,.T.);
#210=ORIENTED_EDGE('',*,*,#661,.T.);
#211=ORIENTED_EDGE('',*,*,#662,.F.);
#212=ORIENTED_EDGE('',*,*,#663,.F.);
#213=ORIENTED_EDGE('',*,*,#664,.T.);
#214=ORIENTED_EDGE('',*,*,#645,.T.);
#215=ORIENTED_EDGE('',*,*,#665,.T.);
#216=ORIENTED_EDGE('',*,*,#666,.T.);
#217=ORIENTED_EDGE('',*,*,#667,.T.);
#218=ORIENTED_EDGE('',*,*,#668,.T.);
#219=ORIENTED_EDGE('',*,*,#669,.T.);
#220=ORIENTED_EDGE('',*,*,#670,.T.);
#221=ORIENTED_EDGE('',*,*,#671,.T.);
#222=ORIENTED_EDGE('',*,*,#672,.T.);
#223=ORIENTED_EDGE('',*,*,#673,.T.);
#224=ORIENTED_EDGE('',*,*,#674,.T.);
#225=ORIENTED_EDGE('',*,*,#675,.T.);
#226=ORIENTED_EDGE('',*,*,#676,.T.);
#227=ORIENTED_EDGE('',*,*,#677,.T.);
#228=ORIENTED_EDGE('',*,*,#678,.T.);
#229=ORIENTED_EDGE('',*,*,#679,.T.);
#230=ORIENTED_EDGE('',*,*,#680,.T.);
#231=ORIENTED_EDGE('',*,*,#681,.T.);
#232=ORIENTED_EDGE('',*,*,#682,.T.);
#233=ORIENTED_EDGE('',*,*,#683,.T.);
#234=ORIENTED_EDGE('',*,*,#684,.F.);
#235=ORIENTED_EDGE('',*,*,#685,.F.);
#236=ORIENTED_EDGE('',*,*,#686,.F.);
#237=ORIENTED_EDGE('',*,*,#686,.T.);
#238=ORIENTED_EDGE('',*,*,#648,.T.);
#239=ORIENTED_EDGE('',*,*,#685,.T.);
#240=ORIENTED_EDGE('',*,*,#649,.T.);
#241=ORIENTED_EDGE('',*,*,#684,.T.);
#242=ORIENTED_EDGE('',*,*,#650,.T.);
#243=ORIENTED_EDGE('',*,*,#687,.T.);
#244=ORIENTED_EDGE('',*,*,#651,.T.);
#245=ORIENTED_EDGE('',*,*,#688,.T.);
#246=ORIENTED_EDGE('',*,*,#689,.T.);
#247=ORIENTED_EDGE('',*,*,#690,.T.);
#248=ORIENTED_EDGE('',*,*,#654,.T.);
#249=ORIENTED_EDGE('',*,*,#691,.T.);
#250=ORIENTED_EDGE('',*,*,#692,.T.);
#251=ORIENTED_EDGE('',*,*,#693,.T.);
#252=ORIENTED_EDGE('',*,*,#652,.T.);
#253=ORIENTED_EDGE('',*,*,#694,.T.);
#254=ORIENTED_EDGE('',*,*,#695,.T.);
#255=ORIENTED_EDGE('',*,*,#696,.T.);
#256=ORIENTED_EDGE('',*,*,#658,.F.);
#257=ORIENTED_EDGE('',*,*,#697,.T.);
#258=ORIENTED_EDGE('',*,*,#698,.T.);
#259=ORIENTED_EDGE('',*,*,#699,.T.);
#260=ORIENTED_EDGE('',*,*,#656,.F.);
#261=ORIENTED_EDGE('',*,*,#700,.T.);
#262=ORIENTED_EDGE('',*,*,#660,.F.);
#263=ORIENTED_EDGE('',*,*,#701,.T.);
#264=ORIENTED_EDGE('',*,*,#661,.F.);
#265=ORIENTED_EDGE('',*,*,#682,.F.);
#266=ORIENTED_EDGE('',*,*,#701,.F.);
#267=ORIENTED_EDGE('',*,*,#683,.F.);
#268=ORIENTED_EDGE('',*,*,#700,.F.);
#269=ORIENTED_EDGE('',*,*,#681,.F.);
#270=ORIENTED_EDGE('',*,*,#687,.F.);
#271=ORIENTED_EDGE('',*,*,#702,.T.);
#272=ORIENTED_EDGE('',*,*,#703,.T.);
#273=ORIENTED_EDGE('',*,*,#704,.T.);
#274=ORIENTED_EDGE('',*,*,#705,.T.);
#275=ORIENTED_EDGE('',*,*,#706,.F.);
#276=ORIENTED_EDGE('',*,*,#707,.T.);
#277=ORIENTED_EDGE('',*,*,#708,.F.);
#278=ORIENTED_EDGE('',*,*,#709,.T.);
#279=ORIENTED_EDGE('',*,*,#621,.T.);
#280=ORIENTED_EDGE('',*,*,#710,.T.);
#281=ORIENTED_EDGE('',*,*,#711,.T.);
#282=ORIENTED_EDGE('',*,*,#712,.F.);
#283=ORIENTED_EDGE('',*,*,#713,.T.);
#284=ORIENTED_EDGE('',*,*,#714,.F.);
#285=ORIENTED_EDGE('',*,*,#663,.T.);
#286=ORIENTED_EDGE('',*,*,#715,.T.);
#287=ORIENTED_EDGE('',*,*,#716,.T.);
#288=ORIENTED_EDGE('',*,*,#717,.T.);
#289=ORIENTED_EDGE('',*,*,#617,.T.);
#290=ORIENTED_EDGE('',*,*,#718,.F.);
#291=ORIENTED_EDGE('',*,*,#719,.T.);
#292=ORIENTED_EDGE('',*,*,#720,.T.);
#293=ORIENTED_EDGE('',*,*,#721,.T.);
#294=ORIENTED_EDGE('',*,*,#722,.T.);
#295=ORIENTED_EDGE('',*,*,#723,.F.);
#296=ORIENTED_EDGE('',*,*,#724,.T.);
#297=ORIENTED_EDGE('',*,*,#725,.F.);
#298=ORIENTED_EDGE('',*,*,#726,.T.);
#299=ORIENTED_EDGE('',*,*,#727,.T.);
#300=ORIENTED_EDGE('',*,*,#728,.T.);
#301=ORIENTED_EDGE('',*,*,#729,.F.);
#302=ORIENTED_EDGE('',*,*,#730,.T.);
#303=ORIENTED_EDGE('',*,*,#731,.T.);
#304=ORIENTED_EDGE('',*,*,#732,.T.);
#305=ORIENTED_EDGE('',*,*,#733,.F.);
#306=ORIENTED_EDGE('',*,*,#734,.T.);
#307=ORIENTED_EDGE('',*,*,#735,.T.);
#308=ORIENTED_EDGE('',*,*,#736,.T.);
#309=ORIENTED_EDGE('',*,*,#737,.T.);
#310=ORIENTED_EDGE('',*,*,#738,.T.);
#311=ORIENTED_EDGE('',*,*,#739,.T.);
#312=ORIENTED_EDGE('',*,*,#740,.T.);
#313=ORIENTED_EDGE('',*,*,#741,.T.);
#314=ORIENTED_EDGE('',*,*,#742,.T.);
#315=ORIENTED_EDGE('',*,*,#743,.T.);
#316=ORIENTED_EDGE('',*,*,#744,.T.);
#317=ORIENTED_EDGE('',*,*,#745,.F.);
#318=ORIENTED_EDGE('',*,*,#717,.F.);
#319=ORIENTED_EDGE('',*,*,#746,.F.);
#320=ORIENTED_EDGE('',*,*,#747,.T.);
#321=ORIENTED_EDGE('',*,*,#618,.T.);
#322=ORIENTED_EDGE('',*,*,#748,.F.);
#323=ORIENTED_EDGE('',*,*,#722,.F.);
#324=ORIENTED_EDGE('',*,*,#749,.F.);
#325=ORIENTED_EDGE('',*,*,#750,.T.);
#326=ORIENTED_EDGE('',*,*,#746,.T.);
#327=ORIENTED_EDGE('',*,*,#716,.F.);
#328=ORIENTED_EDGE('',*,*,#751,.T.);
#329=ORIENTED_EDGE('',*,*,#643,.F.);
#330=ORIENTED_EDGE('',*,*,#721,.F.);
#331=ORIENTED_EDGE('',*,*,#752,.F.);
#332=ORIENTED_EDGE('',*,*,#753,.T.);
#333=ORIENTED_EDGE('',*,*,#749,.T.);
#334=ORIENTED_EDGE('',*,*,#720,.F.);
#335=ORIENTED_EDGE('',*,*,#754,.T.);
#336=ORIENTED_EDGE('',*,*,#639,.F.);
#337=ORIENTED_EDGE('',*,*,#755,.F.);
#338=ORIENTED_EDGE('',*,*,#705,.F.);
#339=ORIENTED_EDGE('',*,*,#756,.F.);
#340=ORIENTED_EDGE('',*,*,#757,.T.);
#341=ORIENTED_EDGE('',*,*,#752,.T.);
#342=ORIENTED_EDGE('',*,*,#704,.F.);
#343=ORIENTED_EDGE('',*,*,#758,.F.);
#344=ORIENTED_EDGE('',*,*,#759,.T.);
#345=ORIENTED_EDGE('',*,*,#756,.T.);
#346=ORIENTED_EDGE('',*,*,#760,.F.);
#347=ORIENTED_EDGE('',*,*,#711,.F.);
#348=ORIENTED_EDGE('',*,*,#761,.F.);
#349=ORIENTED_EDGE('',*,*,#762,.T.);
#350=ORIENTED_EDGE('',*,*,#758,.T.);
#351=ORIENTED_EDGE('',*,*,#703,.F.);
#352=ORIENTED_EDGE('',*,*,#763,.T.);
#353=ORIENTED_EDGE('',*,*,#635,.F.);
#354=ORIENTED_EDGE('',*,*,#764,.T.);
#355=ORIENTED_EDGE('',*,*,#765,.T.);
#356=ORIENTED_EDGE('',*,*,#766,.T.);
#357=ORIENTED_EDGE('',*,*,#767,.T.);
#358=ORIENTED_EDGE('',*,*,#768,.T.);
#359=ORIENTED_EDGE('',*,*,#769,.T.);
#360=ORIENTED_EDGE('',*,*,#770,.T.);
#361=ORIENTED_EDGE('',*,*,#771,.T.);
#362=ORIENTED_EDGE('',*,*,#710,.F.);
#363=ORIENTED_EDGE('',*,*,#620,.F.);
#364=ORIENTED_EDGE('',*,*,#772,.T.);
#365=ORIENTED_EDGE('',*,*,#761,.T.);
#366=ORIENTED_EDGE('',*,*,#715,.F.);
#367=ORIENTED_EDGE('',*,*,#662,.T.);
#368=ORIENTED_EDGE('',*,*,#644,.T.);
#369=ORIENTED_EDGE('',*,*,#751,.F.);
#370=ORIENTED_EDGE('',*,*,#664,.F.);
#371=ORIENTED_EDGE('',*,*,#718,.T.);
#372=ORIENTED_EDGE('',*,*,#616,.T.);
#373=ORIENTED_EDGE('',*,*,#646,.F.);
#374=ORIENTED_EDGE('',*,*,#773,.T.);
#375=ORIENTED_EDGE('',*,*,#774,.T.);
#376=ORIENTED_EDGE('',*,*,#775,.T.);
#377=ORIENTED_EDGE('',*,*,#776,.F.);
#378=ORIENTED_EDGE('',*,*,#732,.F.);
#379=ORIENTED_EDGE('',*,*,#777,.T.);
#380=ORIENTED_EDGE('',*,*,#742,.F.);
#381=ORIENTED_EDGE('',*,*,#778,.F.);
#382=ORIENTED_EDGE('',*,*,#775,.F.);
#383=ORIENTED_EDGE('',*,*,#779,.T.);
#384=ORIENTED_EDGE('',*,*,#730,.F.);
#385=ORIENTED_EDGE('',*,*,#780,.F.);
#386=ORIENTED_EDGE('',*,*,#744,.F.);
#387=ORIENTED_EDGE('',*,*,#781,.T.);
#388=ORIENTED_EDGE('',*,*,#726,.F.);
#389=ORIENTED_EDGE('',*,*,#782,.F.);
#390=ORIENTED_EDGE('',*,*,#728,.F.);
#391=ORIENTED_EDGE('',*,*,#783,.T.);
#392=ORIENTED_EDGE('',*,*,#773,.F.);
#393=ORIENTED_EDGE('',*,*,#784,.F.);
#394=ORIENTED_EDGE('',*,*,#785,.F.);
#395=ORIENTED_EDGE('',*,*,#727,.F.);
#396=ORIENTED_EDGE('',*,*,#786,.F.);
#397=ORIENTED_EDGE('',*,*,#678,.F.);
#398=ORIENTED_EDGE('',*,*,#786,.T.);
#399=ORIENTED_EDGE('',*,*,#781,.F.);
#400=ORIENTED_EDGE('',*,*,#787,.F.);
#401=ORIENTED_EDGE('',*,*,#679,.F.);
#402=ORIENTED_EDGE('',*,*,#785,.T.);
#403=ORIENTED_EDGE('',*,*,#677,.F.);
#404=ORIENTED_EDGE('',*,*,#788,.F.);
#405=ORIENTED_EDGE('',*,*,#783,.F.);
#406=ORIENTED_EDGE('',*,*,#787,.T.);
#407=ORIENTED_EDGE('',*,*,#743,.F.);
#408=ORIENTED_EDGE('',*,*,#789,.F.);
#409=ORIENTED_EDGE('',*,*,#680,.F.);
#410=ORIENTED_EDGE('',*,*,#788,.T.);
#411=ORIENTED_EDGE('',*,*,#676,.F.);
#412=ORIENTED_EDGE('',*,*,#790,.F.);
#413=ORIENTED_EDGE('',*,*,#774,.F.);
#414=ORIENTED_EDGE('',*,*,#789,.T.);
#415=ORIENTED_EDGE('',*,*,#777,.F.);
#416=ORIENTED_EDGE('',*,*,#791,.F.);
#417=ORIENTED_EDGE('',*,*,#673,.F.);
#418=ORIENTED_EDGE('',*,*,#790,.T.);
#419=ORIENTED_EDGE('',*,*,#675,.F.);
#420=ORIENTED_EDGE('',*,*,#792,.F.);
#421=ORIENTED_EDGE('',*,*,#779,.F.);
#422=ORIENTED_EDGE('',*,*,#791,.T.);
#423=ORIENTED_EDGE('',*,*,#731,.F.);
#424=ORIENTED_EDGE('',*,*,#792,.T.);
#425=ORIENTED_EDGE('',*,*,#674,.F.);
#426=ORIENTED_EDGE('',*,*,#696,.F.);
#427=ORIENTED_EDGE('',*,*,#793,.T.);
#428=ORIENTED_EDGE('',*,*,#691,.F.);
#429=ORIENTED_EDGE('',*,*,#659,.F.);
#430=ORIENTED_EDGE('',*,*,#699,.F.);
#431=ORIENTED_EDGE('',*,*,#794,.T.);
#432=ORIENTED_EDGE('',*,*,#694,.F.);
#433=ORIENTED_EDGE('',*,*,#657,.F.);
#434=ORIENTED_EDGE('',*,*,#693,.F.);
#435=ORIENTED_EDGE('',*,*,#795,.T.);
#436=ORIENTED_EDGE('',*,*,#688,.F.);
#437=ORIENTED_EDGE('',*,*,#653,.F.);
#438=ORIENTED_EDGE('',*,*,#690,.F.);
#439=ORIENTED_EDGE('',*,*,#796,.T.);
#440=ORIENTED_EDGE('',*,*,#697,.F.);
#441=ORIENTED_EDGE('',*,*,#655,.F.);
#442=ORIENTED_EDGE('',*,*,#797,.F.);
#443=ORIENTED_EDGE('',*,*,#670,.F.);
#444=ORIENTED_EDGE('',*,*,#798,.F.);
#445=ORIENTED_EDGE('',*,*,#695,.F.);
#446=ORIENTED_EDGE('',*,*,#798,.T.);
#447=ORIENTED_EDGE('',*,*,#669,.F.);
#448=ORIENTED_EDGE('',*,*,#799,.F.);
#449=ORIENTED_EDGE('',*,*,#793,.F.);
#450=ORIENTED_EDGE('',*,*,#797,.T.);
#451=ORIENTED_EDGE('',*,*,#794,.F.);
#452=ORIENTED_EDGE('',*,*,#800,.F.);
#453=ORIENTED_EDGE('',*,*,#671,.F.);
#454=ORIENTED_EDGE('',*,*,#799,.T.);
#455=ORIENTED_EDGE('',*,*,#668,.F.);
#456=ORIENTED_EDGE('',*,*,#801,.F.);
#457=ORIENTED_EDGE('',*,*,#692,.F.);
#458=ORIENTED_EDGE('',*,*,#800,.T.);
#459=ORIENTED_EDGE('',*,*,#698,.F.);
#460=ORIENTED_EDGE('',*,*,#802,.F.);
#461=ORIENTED_EDGE('',*,*,#672,.F.);
#462=ORIENTED_EDGE('',*,*,#801,.T.);
#463=ORIENTED_EDGE('',*,*,#667,.F.);
#464=ORIENTED_EDGE('',*,*,#803,.F.);
#465=ORIENTED_EDGE('',*,*,#795,.F.);
#466=ORIENTED_EDGE('',*,*,#802,.T.);
#467=ORIENTED_EDGE('',*,*,#796,.F.);
#468=ORIENTED_EDGE('',*,*,#804,.F.);
#469=ORIENTED_EDGE('',*,*,#665,.F.);
#470=ORIENTED_EDGE('',*,*,#803,.T.);
#471=ORIENTED_EDGE('',*,*,#666,.F.);
#472=ORIENTED_EDGE('',*,*,#804,.T.);
#473=ORIENTED_EDGE('',*,*,#689,.F.);
#474=ORIENTED_EDGE('',*,*,#805,.F.);
#475=ORIENTED_EDGE('',*,*,#769,.F.);
#476=ORIENTED_EDGE('',*,*,#806,.F.);
#477=ORIENTED_EDGE('',*,*,#807,.F.);
#478=ORIENTED_EDGE('',*,*,#806,.T.);
#479=ORIENTED_EDGE('',*,*,#768,.F.);
#480=ORIENTED_EDGE('',*,*,#808,.F.);
#481=ORIENTED_EDGE('',*,*,#809,.F.);
#482=ORIENTED_EDGE('',*,*,#805,.T.);
#483=ORIENTED_EDGE('',*,*,#810,.F.);
#484=ORIENTED_EDGE('',*,*,#811,.F.);
#485=ORIENTED_EDGE('',*,*,#770,.F.);
#486=ORIENTED_EDGE('',*,*,#808,.T.);
#487=ORIENTED_EDGE('',*,*,#767,.F.);
#488=ORIENTED_EDGE('',*,*,#812,.F.);
#489=ORIENTED_EDGE('',*,*,#813,.F.);
#490=ORIENTED_EDGE('',*,*,#811,.T.);
#491=ORIENTED_EDGE('',*,*,#814,.F.);
#492=ORIENTED_EDGE('',*,*,#815,.F.);
#493=ORIENTED_EDGE('',*,*,#771,.F.);
#494=ORIENTED_EDGE('',*,*,#812,.T.);
#495=ORIENTED_EDGE('',*,*,#766,.F.);
#496=ORIENTED_EDGE('',*,*,#816,.F.);
#497=ORIENTED_EDGE('',*,*,#817,.F.);
#498=ORIENTED_EDGE('',*,*,#815,.T.);
#499=ORIENTED_EDGE('',*,*,#818,.F.);
#500=ORIENTED_EDGE('',*,*,#819,.F.);
#501=ORIENTED_EDGE('',*,*,#764,.F.);
#502=ORIENTED_EDGE('',*,*,#816,.T.);
#503=ORIENTED_EDGE('',*,*,#765,.F.);
#504=ORIENTED_EDGE('',*,*,#819,.T.);
#505=ORIENTED_EDGE('',*,*,#820,.F.);
#506=ORIENTED_EDGE('',*,*,#733,.T.);
#507=ORIENTED_EDGE('',*,*,#778,.T.);
#508=ORIENTED_EDGE('',*,*,#745,.T.);
#509=ORIENTED_EDGE('',*,*,#782,.T.);
#510=ORIENTED_EDGE('',*,*,#729,.T.);
#511=ORIENTED_EDGE('',*,*,#784,.T.);
#512=ORIENTED_EDGE('',*,*,#776,.T.);
#513=ORIENTED_EDGE('',*,*,#780,.T.);
#514=ORIENTED_EDGE('',*,*,#619,.F.);
#515=ORIENTED_EDGE('',*,*,#747,.F.);
#516=ORIENTED_EDGE('',*,*,#750,.F.);
#517=ORIENTED_EDGE('',*,*,#753,.F.);
#518=ORIENTED_EDGE('',*,*,#757,.F.);
#519=ORIENTED_EDGE('',*,*,#759,.F.);
#520=ORIENTED_EDGE('',*,*,#762,.F.);
#521=ORIENTED_EDGE('',*,*,#772,.F.);
#522=ORIENTED_EDGE('',*,*,#821,.F.);
#523=ORIENTED_EDGE('',*,*,#725,.T.);
#524=ORIENTED_EDGE('',*,*,#822,.F.);
#525=ORIENTED_EDGE('',*,*,#714,.T.);
#526=ORIENTED_EDGE('',*,*,#823,.F.);
#527=ORIENTED_EDGE('',*,*,#708,.T.);
#528=ORIENTED_EDGE('',*,*,#821,.T.);
#529=ORIENTED_EDGE('',*,*,#822,.T.);
#530=ORIENTED_EDGE('',*,*,#823,.T.);
#531=ORIENTED_EDGE('',*,*,#626,.T.);
#532=ORIENTED_EDGE('',*,*,#824,.T.);
#533=ORIENTED_EDGE('',*,*,#613,.T.);
#534=ORIENTED_EDGE('',*,*,#825,.F.);
#535=ORIENTED_EDGE('',*,*,#629,.F.);
#536=ORIENTED_EDGE('',*,*,#702,.F.);
#537=ORIENTED_EDGE('',*,*,#826,.T.);
#538=ORIENTED_EDGE('',*,*,#636,.T.);
#539=ORIENTED_EDGE('',*,*,#763,.F.);
#540=ORIENTED_EDGE('',*,*,#707,.F.);
#541=ORIENTED_EDGE('',*,*,#827,.T.);
#542=ORIENTED_EDGE('',*,*,#637,.T.);
#543=ORIENTED_EDGE('',*,*,#826,.F.);
#544=ORIENTED_EDGE('',*,*,#827,.F.);
#545=ORIENTED_EDGE('',*,*,#706,.T.);
#546=ORIENTED_EDGE('',*,*,#755,.T.);
#547=ORIENTED_EDGE('',*,*,#638,.F.);
#548=ORIENTED_EDGE('',*,*,#719,.F.);
#549=ORIENTED_EDGE('',*,*,#828,.T.);
#550=ORIENTED_EDGE('',*,*,#640,.T.);
#551=ORIENTED_EDGE('',*,*,#754,.F.);
#552=ORIENTED_EDGE('',*,*,#724,.F.);
#553=ORIENTED_EDGE('',*,*,#829,.T.);
#554=ORIENTED_EDGE('',*,*,#641,.T.);
#555=ORIENTED_EDGE('',*,*,#828,.F.);
#556=ORIENTED_EDGE('',*,*,#829,.F.);
#557=ORIENTED_EDGE('',*,*,#723,.T.);
#558=ORIENTED_EDGE('',*,*,#748,.T.);
#559=ORIENTED_EDGE('',*,*,#642,.F.);
#560=ORIENTED_EDGE('',*,*,#830,.F.);
#561=ORIENTED_EDGE('',*,*,#712,.T.);
#562=ORIENTED_EDGE('',*,*,#760,.T.);
#563=ORIENTED_EDGE('',*,*,#634,.F.);
#564=ORIENTED_EDGE('',*,*,#713,.F.);
#565=ORIENTED_EDGE('',*,*,#830,.T.);
#566=ORIENTED_EDGE('',*,*,#633,.T.);
#567=ORIENTED_EDGE('',*,*,#831,.F.);
#568=ORIENTED_EDGE('',*,*,#709,.F.);
#569=ORIENTED_EDGE('',*,*,#831,.T.);
#570=ORIENTED_EDGE('',*,*,#632,.T.);
#571=ORIENTED_EDGE('',*,*,#622,.F.);
#572=ORIENTED_EDGE('',*,*,#630,.T.);
#573=ORIENTED_EDGE('',*,*,#824,.F.);
#574=ORIENTED_EDGE('',*,*,#625,.T.);
#575=ORIENTED_EDGE('',*,*,#647,.T.);
#576=ORIENTED_EDGE('',*,*,#614,.F.);
#577=ORIENTED_EDGE('',*,*,#627,.F.);
#578=ORIENTED_EDGE('',*,*,#825,.T.);
#579=ORIENTED_EDGE('',*,*,#624,.T.);
#580=ORIENTED_EDGE('',*,*,#631,.F.);
#581=ORIENTED_EDGE('',*,*,#832,.F.);
#582=ORIENTED_EDGE('',*,*,#739,.F.);
#583=ORIENTED_EDGE('',*,*,#833,.F.);
#584=ORIENTED_EDGE('',*,*,#809,.T.);
#585=ORIENTED_EDGE('',*,*,#833,.T.);
#586=ORIENTED_EDGE('',*,*,#738,.F.);
#587=ORIENTED_EDGE('',*,*,#834,.F.);
#588=ORIENTED_EDGE('',*,*,#807,.T.);
#589=ORIENTED_EDGE('',*,*,#832,.T.);
#590=ORIENTED_EDGE('',*,*,#813,.T.);
#591=ORIENTED_EDGE('',*,*,#835,.F.);
#592=ORIENTED_EDGE('',*,*,#740,.F.);
#593=ORIENTED_EDGE('',*,*,#834,.T.);
#594=ORIENTED_EDGE('',*,*,#737,.F.);
#595=ORIENTED_EDGE('',*,*,#836,.F.);
#596=ORIENTED_EDGE('',*,*,#810,.T.);
#597=ORIENTED_EDGE('',*,*,#835,.T.);
#598=ORIENTED_EDGE('',*,*,#817,.T.);
#599=ORIENTED_EDGE('',*,*,#837,.F.);
#600=ORIENTED_EDGE('',*,*,#741,.F.);
#601=ORIENTED_EDGE('',*,*,#836,.T.);
#602=ORIENTED_EDGE('',*,*,#736,.F.);
#603=ORIENTED_EDGE('',*,*,#838,.F.);
#604=ORIENTED_EDGE('',*,*,#814,.T.);
#605=ORIENTED_EDGE('',*,*,#837,.T.);
#606=ORIENTED_EDGE('',*,*,#820,.T.);
#607=ORIENTED_EDGE('',*,*,#839,.F.);
#608=ORIENTED_EDGE('',*,*,#734,.F.);
#609=ORIENTED_EDGE('',*,*,#838,.T.);
#610=ORIENTED_EDGE('',*,*,#735,.F.);
#611=ORIENTED_EDGE('',*,*,#839,.T.);
#612=ORIENTED_EDGE('',*,*,#818,.T.);
#613=EDGE_CURVE('',#840,#841,#991,.T.);
#614=EDGE_CURVE('',#840,#842,#992,.T.);
#615=EDGE_CURVE('',#843,#842,#993,.T.);
#616=EDGE_CURVE('',#844,#843,#994,.T.);
#617=EDGE_CURVE('',#845,#844,#995,.T.);
#618=EDGE_CURVE('',#846,#845,#996,.T.);
#619=EDGE_CURVE('',#846,#847,#997,.T.);
#620=EDGE_CURVE('',#847,#848,#998,.T.);
#621=EDGE_CURVE('',#849,#848,#999,.T.);
#622=EDGE_CURVE('',#849,#850,#1000,.T.);
#623=EDGE_CURVE('',#851,#850,#1001,.T.);
#624=EDGE_CURVE('',#841,#851,#1002,.T.);
#625=EDGE_CURVE('',#852,#853,#1003,.T.);
#626=EDGE_CURVE('',#854,#852,#31,.T.);
#627=EDGE_CURVE('',#854,#855,#1004,.T.);
#628=EDGE_CURVE('',#855,#853,#32,.F.);
#629=EDGE_CURVE('',#856,#856,#33,.T.);
#630=EDGE_CURVE('',#857,#857,#34,.T.);
#631=EDGE_CURVE('',#855,#851,#1005,.T.);
#632=EDGE_CURVE('',#858,#850,#1006,.T.);
#633=EDGE_CURVE('',#859,#858,#35,.T.);
#634=EDGE_CURVE('',#859,#860,#1007,.T.);
#635=EDGE_CURVE('',#860,#861,#1008,.T.);
#636=EDGE_CURVE('',#862,#861,#1009,.T.);
#637=EDGE_CURVE('',#863,#862,#36,.T.);
#638=EDGE_CURVE('',#863,#864,#1010,.T.);
#639=EDGE_CURVE('',#864,#865,#1011,.T.);
#640=EDGE_CURVE('',#866,#865,#1012,.T.);
#641=EDGE_CURVE('',#867,#866,#37,.T.);
#642=EDGE_CURVE('',#867,#868,#1013,.T.);
#643=EDGE_CURVE('',#868,#869,#1014,.T.);
#644=EDGE_CURVE('',#870,#869,#1015,.T.);
#645=EDGE_CURVE('',#871,#870,#38,.T.);
#646=EDGE_CURVE('',#871,#843,#1016,.T.);
#647=EDGE_CURVE('',#853,#842,#1017,.T.);
#648=EDGE_CURVE('',#872,#872,#39,.T.);
#649=EDGE_CURVE('',#873,#873,#40,.T.);
#650=EDGE_CURVE('',#874,#874,#41,.T.);
#651=EDGE_CURVE('',#875,#875,#42,.T.);
#652=EDGE_CURVE('',#876,#877,#1018,.T.);
#653=EDGE_CURVE('',#876,#878,#43,.T.);
#654=EDGE_CURVE('',#879,#878,#1019,.T.);
#655=EDGE_CURVE('',#879,#880,#44,.T.);
#656=EDGE_CURVE('',#880,#881,#1020,.T.);
#657=EDGE_CURVE('',#881,#882,#45,.T.);
#658=EDGE_CURVE('',#882,#883,#1021,.T.);
#659=EDGE_CURVE('',#883,#877,#46,.T.);
#660=EDGE_CURVE('',#884,#884,#47,.T.);
#661=EDGE_CURVE('',#885,#885,#48,.T.);
#662=EDGE_CURVE('',#886,#870,#1022,.T.);
#663=EDGE_CURVE('',#887,#886,#49,.T.);
#664=EDGE_CURVE('',#887,#871,#1023,.T.);
#665=EDGE_CURVE('',#888,#889,#50,.F.);
#666=EDGE_CURVE('',#889,#890,#1024,.T.);
#667=EDGE_CURVE('',#890,#891,#51,.F.);
#668=EDGE_CURVE('',#891,#892,#1025,.T.);
#669=EDGE_CURVE('',#892,#893,#52,.F.);
#670=EDGE_CURVE('',#893,#894,#1026,.T.);
#671=EDGE_CURVE('',#894,#895,#53,.F.);
#672=EDGE_CURVE('',#895,#888,#1027,.T.);
#673=EDGE_CURVE('',#896,#897,#54,.T.);
#674=EDGE_CURVE('',#897,#898,#1028,.T.);
#675=EDGE_CURVE('',#898,#899,#55,.T.);
#676=EDGE_CURVE('',#899,#900,#1029,.T.);
#677=EDGE_CURVE('',#900,#901,#56,.T.);
#678=EDGE_CURVE('',#901,#902,#1030,.T.);
#679=EDGE_CURVE('',#902,#903,#57,.T.);
#680=EDGE_CURVE('',#903,#896,#1031,.T.);
#681=EDGE_CURVE('',#904,#904,#58,.F.);
#682=EDGE_CURVE('',#905,#905,#59,.F.);
#683=EDGE_CURVE('',#906,#906,#60,.F.);
#684=EDGE_CURVE('',#907,#907,#61,.T.);
#685=EDGE_CURVE('',#908,#908,#62,.T.);
#686=EDGE_CURVE('',#909,#909,#63,.T.);
#687=EDGE_CURVE('',#910,#910,#64,.T.);
#688=EDGE_CURVE('',#878,#911,#1032,.F.);
#689=EDGE_CURVE('',#911,#912,#1033,.T.);
#690=EDGE_CURVE('',#912,#879,#1034,.T.);
#691=EDGE_CURVE('',#877,#913,#1035,.F.);
#692=EDGE_CURVE('',#913,#914,#1036,.T.);
#693=EDGE_CURVE('',#914,#876,#1037,.T.);
#694=EDGE_CURVE('',#882,#915,#1038,.F.);
#695=EDGE_CURVE('',#915,#916,#1039,.T.);
#696=EDGE_CURVE('',#916,#883,#1040,.T.);
#697=EDGE_CURVE('',#880,#917,#1041,.F.);
#698=EDGE_CURVE('',#917,#918,#1042,.T.);
#699=EDGE_CURVE('',#918,#881,#1043,.T.);
#700=EDGE_CURVE('',#919,#919,#65,.T.);
#701=EDGE_CURVE('',#920,#920,#66,.T.);
#702=EDGE_CURVE('',#921,#922,#1044,.T.);
#703=EDGE_CURVE('',#922,#923,#1045,.T.);
#704=EDGE_CURVE('',#923,#924,#67,.T.);
#705=EDGE_CURVE('',#924,#925,#1046,.T.);
#706=EDGE_CURVE('',#926,#925,#1047,.T.);
#707=EDGE_CURVE('',#926,#921,#68,.T.);
#708=EDGE_CURVE('',#927,#927,#69,.T.);
#709=EDGE_CURVE('',#928,#849,#1048,.T.);
#710=EDGE_CURVE('',#848,#929,#70,.T.);
#711=EDGE_CURVE('',#929,#930,#1049,.T.);
#712=EDGE_CURVE('',#931,#930,#1050,.T.);
#713=EDGE_CURVE('',#931,#928,#71,.T.);
#714=EDGE_CURVE('',#932,#932,#72,.T.);
#715=EDGE_CURVE('',#886,#933,#1051,.T.);
#716=EDGE_CURVE('',#933,#934,#1052,.T.);
#717=EDGE_CURVE('',#934,#845,#73,.T.);
#718=EDGE_CURVE('',#887,#844,#1053,.T.);
#719=EDGE_CURVE('',#935,#936,#1054,.T.);
#720=EDGE_CURVE('',#936,#937,#1055,.T.);
#721=EDGE_CURVE('',#937,#938,#74,.T.);
#722=EDGE_CURVE('',#938,#939,#1056,.T.);
#723=EDGE_CURVE('',#940,#939,#1057,.T.);
#724=EDGE_CURVE('',#940,#935,#75,.T.);
#725=EDGE_CURVE('',#941,#941,#76,.T.);
#726=EDGE_CURVE('',#942,#943,#1058,.F.);
#727=EDGE_CURVE('',#943,#944,#1059,.T.);
#728=EDGE_CURVE('',#944,#945,#1060,.T.);
#729=EDGE_CURVE('',#942,#945,#1061,.T.);
#730=EDGE_CURVE('',#946,#947,#1062,.F.);
#731=EDGE_CURVE('',#947,#948,#1063,.T.);
#732=EDGE_CURVE('',#948,#949,#1064,.T.);
#733=EDGE_CURVE('',#946,#949,#1065,.T.);
#734=EDGE_CURVE('',#950,#951,#1066,.F.);
#735=EDGE_CURVE('',#951,#952,#77,.F.);
#736=EDGE_CURVE('',#952,#953,#1067,.F.);
#737=EDGE_CURVE('',#953,#954,#78,.F.);
#738=EDGE_CURVE('',#954,#955,#1068,.T.);
#739=EDGE_CURVE('',#955,#956,#79,.F.);
#740=EDGE_CURVE('',#956,#957,#1069,.T.);
#741=EDGE_CURVE('',#957,#950,#80,.F.);
#742=EDGE_CURVE('',#958,#959,#1070,.F.);
#743=EDGE_CURVE('',#959,#960,#1071,.T.);
#744=EDGE_CURVE('',#960,#961,#1072,.T.);
#745=EDGE_CURVE('',#958,#961,#1073,.T.);
#746=EDGE_CURVE('',#962,#934,#1074,.T.);
#747=EDGE_CURVE('',#962,#846,#81,.T.);
#748=EDGE_CURVE('',#939,#868,#1075,.T.);
#749=EDGE_CURVE('',#963,#938,#1076,.T.);
#750=EDGE_CURVE('',#963,#962,#1077,.T.);
#751=EDGE_CURVE('',#933,#869,#1078,.T.);
#752=EDGE_CURVE('',#964,#937,#1079,.T.);
#753=EDGE_CURVE('',#964,#963,#82,.T.);
#754=EDGE_CURVE('',#936,#865,#1080,.T.);
#755=EDGE_CURVE('',#925,#864,#1081,.T.);
#756=EDGE_CURVE('',#965,#924,#1082,.T.);
#757=EDGE_CURVE('',#965,#964,#1083,.T.);
#758=EDGE_CURVE('',#966,#923,#1084,.T.);
#759=EDGE_CURVE('',#966,#965,#83,.T.);
#760=EDGE_CURVE('',#930,#860,#1085,.T.);
#761=EDGE_CURVE('',#967,#929,#1086,.T.);
#762=EDGE_CURVE('',#967,#966,#1087,.T.);
#763=EDGE_CURVE('',#922,#861,#1088,.T.);
#764=EDGE_CURVE('',#968,#969,#84,.F.);
#765=EDGE_CURVE('',#969,#970,#1089,.F.);
#766=EDGE_CURVE('',#970,#971,#85,.F.);
#767=EDGE_CURVE('',#971,#972,#1090,.T.);
#768=EDGE_CURVE('',#972,#973,#86,.F.);
#769=EDGE_CURVE('',#973,#974,#1091,.T.);
#770=EDGE_CURVE('',#974,#975,#87,.F.);
#771=EDGE_CURVE('',#975,#968,#1092,.F.);
#772=EDGE_CURVE('',#847,#967,#88,.T.);
#773=EDGE_CURVE('',#976,#977,#1093,.F.);
#774=EDGE_CURVE('',#977,#978,#1094,.T.);
#775=EDGE_CURVE('',#978,#979,#1095,.T.);
#776=EDGE_CURVE('',#976,#979,#1096,.T.);
#777=EDGE_CURVE('',#948,#959,#89,.F.);
#778=EDGE_CURVE('',#949,#958,#90,.T.);
#779=EDGE_CURVE('',#978,#947,#91,.F.);
#780=EDGE_CURVE('',#979,#946,#92,.T.);
#781=EDGE_CURVE('',#960,#943,#93,.F.);
#782=EDGE_CURVE('',#961,#942,#94,.T.);
#783=EDGE_CURVE('',#944,#977,#95,.F.);
#784=EDGE_CURVE('',#945,#976,#96,.T.);
#785=EDGE_CURVE('',#944,#901,#1097,.T.);
#786=EDGE_CURVE('',#902,#943,#1098,.T.);
#787=EDGE_CURVE('',#903,#960,#1099,.T.);
#788=EDGE_CURVE('',#977,#900,#1100,.T.);
#789=EDGE_CURVE('',#896,#959,#1101,.T.);
#790=EDGE_CURVE('',#978,#899,#1102,.T.);
#791=EDGE_CURVE('',#897,#948,#1103,.T.);
#792=EDGE_CURVE('',#947,#898,#1104,.T.);
#793=EDGE_CURVE('',#916,#913,#97,.T.);
#794=EDGE_CURVE('',#918,#915,#98,.T.);
#795=EDGE_CURVE('',#914,#911,#99,.T.);
#796=EDGE_CURVE('',#912,#917,#100,.T.);
#797=EDGE_CURVE('',#894,#915,#1105,.T.);
#798=EDGE_CURVE('',#916,#893,#1106,.T.);
#799=EDGE_CURVE('',#913,#892,#1107,.T.);
#800=EDGE_CURVE('',#895,#918,#1108,.T.);
#801=EDGE_CURVE('',#914,#891,#1109,.T.);
#802=EDGE_CURVE('',#888,#917,#1110,.T.);
#803=EDGE_CURVE('',#911,#890,#1111,.T.);
#804=EDGE_CURVE('',#889,#912,#1112,.T.);
#805=EDGE_CURVE('',#974,#980,#101,.T.);
#806=EDGE_CURVE('',#981,#973,#102,.T.);
#807=EDGE_CURVE('',#980,#981,#1113,.F.);
#808=EDGE_CURVE('',#982,#972,#103,.T.);
#809=EDGE_CURVE('',#981,#982,#104,.T.);
#810=EDGE_CURVE('',#983,#980,#105,.T.);
#811=EDGE_CURVE('',#975,#983,#106,.T.);
#812=EDGE_CURVE('',#984,#971,#107,.T.);
#813=EDGE_CURVE('',#982,#984,#1114,.F.);
#814=EDGE_CURVE('',#985,#983,#1115,.T.);
#815=EDGE_CURVE('',#968,#985,#108,.T.);
#816=EDGE_CURVE('',#986,#970,#109,.T.);
#817=EDGE_CURVE('',#984,#986,#110,.T.);
#818=EDGE_CURVE('',#987,#985,#111,.T.);
#819=EDGE_CURVE('',#969,#987,#112,.T.);
#820=EDGE_CURVE('',#986,#987,#1116,.T.);
#821=EDGE_CURVE('',#988,#988,#113,.T.);
#822=EDGE_CURVE('',#989,#989,#114,.T.);
#823=EDGE_CURVE('',#990,#990,#115,.T.);
#824=EDGE_CURVE('',#852,#840,#1117,.T.);
#825=EDGE_CURVE('',#854,#841,#1118,.T.);
#826=EDGE_CURVE('',#921,#862,#1119,.T.);
#827=EDGE_CURVE('',#926,#863,#1120,.T.);
#828=EDGE_CURVE('',#935,#866,#1121,.T.);
#829=EDGE_CURVE('',#940,#867,#1122,.T.);
#830=EDGE_CURVE('',#931,#859,#1123,.T.);
#831=EDGE_CURVE('',#928,#858,#1124,.T.);
#832=EDGE_CURVE('',#956,#982,#116,.T.);
#833=EDGE_CURVE('',#981,#955,#117,.T.);
#834=EDGE_CURVE('',#980,#954,#118,.T.);
#835=EDGE_CURVE('',#957,#984,#119,.T.);
#836=EDGE_CURVE('',#983,#953,#120,.T.);
#837=EDGE_CURVE('',#950,#986,#121,.T.);
#838=EDGE_CURVE('',#985,#952,#122,.T.);
#839=EDGE_CURVE('',#951,#987,#123,.T.);
#840=VERTEX_POINT('',#2376);
#841=VERTEX_POINT('',#2377);
#842=VERTEX_POINT('',#2379);
#843=VERTEX_POINT('',#2381);
#844=VERTEX_POINT('',#2383);
#845=VERTEX_POINT('',#2385);
#846=VERTEX_POINT('',#2387);
#847=VERTEX_POINT('',#2389);
#848=VERTEX_POINT('',#2391);
#849=VERTEX_POINT('',#2393);
#850=VERTEX_POINT('',#2395);
#851=VERTEX_POINT('',#2397);
#852=VERTEX_POINT('',#2401);
#853=VERTEX_POINT('',#2402);
#854=VERTEX_POINT('',#2404);
#855=VERTEX_POINT('',#2406);
#856=VERTEX_POINT('',#2410);
#857=VERTEX_POINT('',#2412);
#858=VERTEX_POINT('',#2416);
#859=VERTEX_POINT('',#2418);
#860=VERTEX_POINT('',#2420);
#861=VERTEX_POINT('',#2422);
#862=VERTEX_POINT('',#2424);
#863=VERTEX_POINT('',#2426);
#864=VERTEX_POINT('',#2428);
#865=VERTEX_POINT('',#2430);
#866=VERTEX_POINT('',#2432);
#867=VERTEX_POINT('',#2434);
#868=VERTEX_POINT('',#2436);
#869=VERTEX_POINT('',#2438);
#870=VERTEX_POINT('',#2440);
#871=VERTEX_POINT('',#2442);
#872=VERTEX_POINT('',#2446);
#873=VERTEX_POINT('',#2448);
#874=VERTEX_POINT('',#2450);
#875=VERTEX_POINT('',#2452);
#876=VERTEX_POINT('',#2454);
#877=VERTEX_POINT('',#2455);
#878=VERTEX_POINT('',#2457);
#879=VERTEX_POINT('',#2459);
#880=VERTEX_POINT('',#2461);
#881=VERTEX_POINT('',#2463);
#882=VERTEX_POINT('',#2465);
#883=VERTEX_POINT('',#2467);
#884=VERTEX_POINT('',#2470);
#885=VERTEX_POINT('',#2472);
#886=VERTEX_POINT('',#2475);
#887=VERTEX_POINT('',#2477);
#888=VERTEX_POINT('',#2481);
#889=VERTEX_POINT('',#2482);
#890=VERTEX_POINT('',#2484);
#891=VERTEX_POINT('',#2486);
#892=VERTEX_POINT('',#2488);
#893=VERTEX_POINT('',#2490);
#894=VERTEX_POINT('',#2492);
#895=VERTEX_POINT('',#2494);
#896=VERTEX_POINT('',#2497);
#897=VERTEX_POINT('',#2498);
#898=VERTEX_POINT('',#2500);
#899=VERTEX_POINT('',#2502);
#900=VERTEX_POINT('',#2504);
#901=VERTEX_POINT('',#2506);
#902=VERTEX_POINT('',#2508);
#903=VERTEX_POINT('',#2510);
#904=VERTEX_POINT('',#2513);
#905=VERTEX_POINT('',#2515);
#906=VERTEX_POINT('',#2517);
#907=VERTEX_POINT('',#2519);
#908=VERTEX_POINT('',#2521);
#909=VERTEX_POINT('',#2523);
#910=VERTEX_POINT('',#2529);
#911=VERTEX_POINT('',#2532);
#912=VERTEX_POINT('',#2534);
#913=VERTEX_POINT('',#2538);
#914=VERTEX_POINT('',#2540);
#915=VERTEX_POINT('',#2544);
#916=VERTEX_POINT('',#2546);
#917=VERTEX_POINT('',#2550);
#918=VERTEX_POINT('',#2552);
#919=VERTEX_POINT('',#2556);
#920=VERTEX_POINT('',#2559);
#921=VERTEX_POINT('',#2565);
#922=VERTEX_POINT('',#2566);
#923=VERTEX_POINT('',#2568);
#924=VERTEX_POINT('',#2570);
#925=VERTEX_POINT('',#2572);
#926=VERTEX_POINT('',#2574);
#927=VERTEX_POINT('',#2577);
#928=VERTEX_POINT('',#2580);
#929=VERTEX_POINT('',#2582);
#930=VERTEX_POINT('',#2584);
#931=VERTEX_POINT('',#2586);
#932=VERTEX_POINT('',#2589);
#933=VERTEX_POINT('',#2592);
#934=VERTEX_POINT('',#2594);
#935=VERTEX_POINT('',#2599);
#936=VERTEX_POINT('',#2600);
#937=VERTEX_POINT('',#2602);
#938=VERTEX_POINT('',#2604);
#939=VERTEX_POINT('',#2606);
#940=VERTEX_POINT('',#2608);
#941=VERTEX_POINT('',#2611);
#942=VERTEX_POINT('',#2614);
#943=VERTEX_POINT('',#2615);
#944=VERTEX_POINT('',#2617);
#945=VERTEX_POINT('',#2619);
#946=VERTEX_POINT('',#2623);
#947=VERTEX_POINT('',#2624);
#948=VERTEX_POINT('',#2626);
#949=VERTEX_POINT('',#2628);
#950=VERTEX_POINT('',#2632);
#951=VERTEX_POINT('',#2633);
#952=VERTEX_POINT('',#2635);
#953=VERTEX_POINT('',#2637);
#954=VERTEX_POINT('',#2639);
#955=VERTEX_POINT('',#2641);
#956=VERTEX_POINT('',#2643);
#957=VERTEX_POINT('',#2645);
#958=VERTEX_POINT('',#2648);
#959=VERTEX_POINT('',#2649);
#960=VERTEX_POINT('',#2651);
#961=VERTEX_POINT('',#2653);
#962=VERTEX_POINT('',#2657);
#963=VERTEX_POINT('',#2662);
#964=VERTEX_POINT('',#2667);
#965=VERTEX_POINT('',#2673);
#966=VERTEX_POINT('',#2677);
#967=VERTEX_POINT('',#2682);
#968=VERTEX_POINT('',#2686);
#969=VERTEX_POINT('',#2687);
#970=VERTEX_POINT('',#2689);
#971=VERTEX_POINT('',#2691);
#972=VERTEX_POINT('',#2693);
#973=VERTEX_POINT('',#2695);
#974=VERTEX_POINT('',#2697);
#975=VERTEX_POINT('',#2699);
#976=VERTEX_POINT('',#2707);
#977=VERTEX_POINT('',#2708);
#978=VERTEX_POINT('',#2710);
#979=VERTEX_POINT('',#2712);
#980=VERTEX_POINT('',#2768);
#981=VERTEX_POINT('',#2770);
#982=VERTEX_POINT('',#2774);
#983=VERTEX_POINT('',#2778);
#984=VERTEX_POINT('',#2782);
#985=VERTEX_POINT('',#2786);
#986=VERTEX_POINT('',#2790);
#987=VERTEX_POINT('',#2794);
#988=VERTEX_POINT('',#2801);
#989=VERTEX_POINT('',#2804);
#990=VERTEX_POINT('',#2807);
#991=LINE('',#2375,#1125);
#992=LINE('',#2378,#1126);
#993=LINE('',#2380,#1127);
#994=LINE('',#2382,#1128);
#995=LINE('',#2384,#1129);
#996=LINE('',#2386,#1130);
#997=LINE('',#2388,#1131);
#998=LINE('',#2390,#1132);
#999=LINE('',#2392,#1133);
#1000=LINE('',#2394,#1134);
#1001=LINE('',#2396,#1135);
#1002=LINE('',#2398,#1136);
#1003=LINE('',#2400,#1137);
#1004=LINE('',#2405,#1138);
#1005=LINE('',#2414,#1139);
#1006=LINE('',#2415,#1140);
#1007=LINE('',#2419,#1141);
#1008=LINE('',#2421,#1142);
#1009=LINE('',#2423,#1143);
#1010=LINE('',#2427,#1144);
#1011=LINE('',#2429,#1145);
#1012=LINE('',#2431,#1146);
#1013=LINE('',#2435,#1147);
#1014=LINE('',#2437,#1148);
#1015=LINE('',#2439,#1149);
#1016=LINE('',#2443,#1150);
#1017=LINE('',#2444,#1151);
#1018=LINE('',#2453,#1152);
#1019=LINE('',#2458,#1153);
#1020=LINE('',#2462,#1154);
#1021=LINE('',#2466,#1155);
#1022=LINE('',#2474,#1156);
#1023=LINE('',#2478,#1157);
#1024=LINE('',#2483,#1158);
#1025=LINE('',#2487,#1159);
#1026=LINE('',#2491,#1160);
#1027=LINE('',#2495,#1161);
#1028=LINE('',#2499,#1162);
#1029=LINE('',#2503,#1163);
#1030=LINE('',#2507,#1164);
#1031=LINE('',#2511,#1165);
#1032=LINE('',#2531,#1166);
#1033=LINE('',#2533,#1167);
#1034=LINE('',#2535,#1168);
#1035=LINE('',#2537,#1169);
#1036=LINE('',#2539,#1170);
#1037=LINE('',#2541,#1171);
#1038=LINE('',#2543,#1172);
#1039=LINE('',#2545,#1173);
#1040=LINE('',#2547,#1174);
#1041=LINE('',#2549,#1175);
#1042=LINE('',#2551,#1176);
#1043=LINE('',#2553,#1177);
#1044=LINE('',#2564,#1178);
#1045=LINE('',#2567,#1179);
#1046=LINE('',#2571,#1180);
#1047=LINE('',#2573,#1181);
#1048=LINE('',#2579,#1182);
#1049=LINE('',#2583,#1183);
#1050=LINE('',#2585,#1184);
#1051=LINE('',#2591,#1185);
#1052=LINE('',#2593,#1186);
#1053=LINE('',#2596,#1187);
#1054=LINE('',#2598,#1188);
#1055=LINE('',#2601,#1189);
#1056=LINE('',#2605,#1190);
#1057=LINE('',#2607,#1191);
#1058=LINE('',#2613,#1192);
#1059=LINE('',#2616,#1193);
#1060=LINE('',#2618,#1194);
#1061=LINE('',#2620,#1195);
#1062=LINE('',#2622,#1196);
#1063=LINE('',#2625,#1197);
#1064=LINE('',#2627,#1198);
#1065=LINE('',#2629,#1199);
#1066=LINE('',#2631,#1200);
#1067=LINE('',#2636,#1201);
#1068=LINE('',#2640,#1202);
#1069=LINE('',#2644,#1203);
#1070=LINE('',#2647,#1204);
#1071=LINE('',#2650,#1205);
#1072=LINE('',#2652,#1206);
#1073=LINE('',#2654,#1207);
#1074=LINE('',#2656,#1208);
#1075=LINE('',#2660,#1209);
#1076=LINE('',#2661,#1210);
#1077=LINE('',#2663,#1211);
#1078=LINE('',#2664,#1212);
#1079=LINE('',#2666,#1213);
#1080=LINE('',#2670,#1214);
#1081=LINE('',#2671,#1215);
#1082=LINE('',#2672,#1216);
#1083=LINE('',#2674,#1217);
#1084=LINE('',#2676,#1218);
#1085=LINE('',#2680,#1219);
#1086=LINE('',#2681,#1220);
#1087=LINE('',#2683,#1221);
#1088=LINE('',#2684,#1222);
#1089=LINE('',#2688,#1223);
#1090=LINE('',#2692,#1224);
#1091=LINE('',#2696,#1225);
#1092=LINE('',#2700,#1226);
#1093=LINE('',#2706,#1227);
#1094=LINE('',#2709,#1228);
#1095=LINE('',#2711,#1229);
#1096=LINE('',#2713,#1230);
#1097=LINE('',#2727,#1231);
#1098=LINE('',#2728,#1232);
#1099=LINE('',#2730,#1233);
#1100=LINE('',#2732,#1234);
#1101=LINE('',#2734,#1235);
#1102=LINE('',#2736,#1236);
#1103=LINE('',#2738,#1237);
#1104=LINE('',#2740,#1238);
#1105=LINE('',#2751,#1239);
#1106=LINE('',#2752,#1240);
#1107=LINE('',#2754,#1241);
#1108=LINE('',#2756,#1242);
#1109=LINE('',#2758,#1243);
#1110=LINE('',#2760,#1244);
#1111=LINE('',#2762,#1245);
#1112=LINE('',#2764,#1246);
#1113=LINE('',#2771,#1247);
#1114=LINE('',#2783,#1248);
#1115=LINE('',#2785,#1249);
#1116=LINE('',#2797,#1250);
#1117=LINE('',#2812,#1251);
#1118=LINE('',#2813,#1252);
#1119=LINE('',#2815,#1253);
#1120=LINE('',#2817,#1254);
#1121=LINE('',#2820,#1255);
#1122=LINE('',#2822,#1256);
#1123=LINE('',#2825,#1257);
#1124=LINE('',#2827,#1258);
#1125=VECTOR('',#1863,1.);
#1126=VECTOR('',#1864,1.);
#1127=VECTOR('',#1865,1.);
#1128=VECTOR('',#1866,1.);
#1129=VECTOR('',#1867,1.);
#1130=VECTOR('',#1868,1.);
#1131=VECTOR('',#1869,1.);
#1132=VECTOR('',#1870,1.);
#1133=VECTOR('',#1871,1.);
#1134=VECTOR('',#1872,1.);
#1135=VECTOR('',#1873,1.);
#1136=VECTOR('',#1874,1.);
#1137=VECTOR('',#1877,1.);
#1138=VECTOR('',#1880,1.);
#1139=VECTOR('',#1891,1.);
#1140=VECTOR('',#1892,1.);
#1141=VECTOR('',#1895,1.);
#1142=VECTOR('',#1896,1.);
#1143=VECTOR('',#1897,1.);
#1144=VECTOR('',#1900,1.);
#1145=VECTOR('',#1901,1.);
#1146=VECTOR('',#1902,1.);
#1147=VECTOR('',#1905,1.);
#1148=VECTOR('',#1906,1.);
#1149=VECTOR('',#1907,1.);
#1150=VECTOR('',#1910,1.);
#1151=VECTOR('',#1911,1.);
#1152=VECTOR('',#1920,1.);
#1153=VECTOR('',#1923,1.);
#1154=VECTOR('',#1926,1.);
#1155=VECTOR('',#1929,1.);
#1156=VECTOR('',#1938,1.);
#1157=VECTOR('',#1941,1.);
#1158=VECTOR('',#1946,1.);
#1159=VECTOR('',#1949,1.);
#1160=VECTOR('',#1952,1.);
#1161=VECTOR('',#1955,1.);
#1162=VECTOR('',#1958,1.);
#1163=VECTOR('',#1961,1.);
#1164=VECTOR('',#1964,1.);
#1165=VECTOR('',#1967,1.);
#1166=VECTOR('',#1992,1.);
#1167=VECTOR('',#1993,1.);
#1168=VECTOR('',#1994,1.);
#1169=VECTOR('',#1997,1.);
#1170=VECTOR('',#1998,1.);
#1171=VECTOR('',#1999,1.);
#1172=VECTOR('',#2002,1.);
#1173=VECTOR('',#2003,1.);
#1174=VECTOR('',#2004,1.);
#1175=VECTOR('',#2007,1.);
#1176=VECTOR('',#2008,1.);
#1177=VECTOR('',#2009,1.);
#1178=VECTOR('',#2026,1.);
#1179=VECTOR('',#2027,1.);
#1180=VECTOR('',#2030,1.);
#1181=VECTOR('',#2031,1.);
#1182=VECTOR('',#2038,1.);
#1183=VECTOR('',#2041,1.);
#1184=VECTOR('',#2042,1.);
#1185=VECTOR('',#2049,1.);
#1186=VECTOR('',#2050,1.);
#1187=VECTOR('',#2053,1.);
#1188=VECTOR('',#2056,1.);
#1189=VECTOR('',#2057,1.);
#1190=VECTOR('',#2060,1.);
#1191=VECTOR('',#2061,1.);
#1192=VECTOR('',#2068,1.);
#1193=VECTOR('',#2069,1.);
#1194=VECTOR('',#2070,1.);
#1195=VECTOR('',#2071,1.);
#1196=VECTOR('',#2074,1.);
#1197=VECTOR('',#2075,1.);
#1198=VECTOR('',#2076,1.);
#1199=VECTOR('',#2077,1.);
#1200=VECTOR('',#2080,1.);
#1201=VECTOR('',#2083,1.);
#1202=VECTOR('',#2086,1.);
#1203=VECTOR('',#2089,1.);
#1204=VECTOR('',#2092,1.);
#1205=VECTOR('',#2093,1.);
#1206=VECTOR('',#2094,1.);
#1207=VECTOR('',#2095,1.);
#1208=VECTOR('',#2098,1.);
#1209=VECTOR('',#2103,1.);
#1210=VECTOR('',#2104,1.);
#1211=VECTOR('',#2105,1.);
#1212=VECTOR('',#2106,1.);
#1213=VECTOR('',#2109,1.);
#1214=VECTOR('',#2114,1.);
#1215=VECTOR('',#2115,1.);
#1216=VECTOR('',#2116,1.);
#1217=VECTOR('',#2117,1.);
#1218=VECTOR('',#2120,1.);
#1219=VECTOR('',#2125,1.);
#1220=VECTOR('',#2126,1.);
#1221=VECTOR('',#2127,1.);
#1222=VECTOR('',#2128,1.);
#1223=VECTOR('',#2131,1.);
#1224=VECTOR('',#2134,1.);
#1225=VECTOR('',#2137,1.);
#1226=VECTOR('',#2140,1.);
#1227=VECTOR('',#2151,1.);
#1228=VECTOR('',#2152,1.);
#1229=VECTOR('',#2153,1.);
#1230=VECTOR('',#2154,1.);
#1231=VECTOR('',#2181,1.);
#1232=VECTOR('',#2182,1.);
#1233=VECTOR('',#2185,1.);
#1234=VECTOR('',#2188,1.);
#1235=VECTOR('',#2191,1.);
#1236=VECTOR('',#2194,1.);
#1237=VECTOR('',#2197,1.);
#1238=VECTOR('',#2200,1.);
#1239=VECTOR('',#2221,1.);
#1240=VECTOR('',#2222,1.);
#1241=VECTOR('',#2225,1.);
#1242=VECTOR('',#2228,1.);
#1243=VECTOR('',#2231,1.);
#1244=VECTOR('',#2234,1.);
#1245=VECTOR('',#2237,1.);
#1246=VECTOR('',#2240,1.);
#1247=VECTOR('',#2249,1.);
#1248=VECTOR('',#2266,1.);
#1249=VECTOR('',#2269,1.);
#1250=VECTOR('',#2286,1.);
#1251=VECTOR('',#2309,1.);
#1252=VECTOR('',#2310,1.);
#1253=VECTOR('',#2313,1.);
#1254=VECTOR('',#2316,1.);
#1255=VECTOR('',#2321,1.);
#1256=VECTOR('',#2324,1.);
#1257=VECTOR('',#2329,1.);
#1258=VECTOR('',#2332,1.);
#1259=EDGE_LOOP('',(#159,#160,#161,#162,#163,#164,#165,#166,#167,#168,#169,
#170));
#1260=EDGE_LOOP('',(#171,#172,#173,#174));
#1261=EDGE_LOOP('',(#175));
#1262=EDGE_LOOP('',(#176));
#1263=EDGE_LOOP('',(#177,#178,#179,#180,#181,#182,#183,#184,#185,#186,#187,
#188,#189,#190,#191,#192,#193,#194,#195,#196));
#1264=EDGE_LOOP('',(#197));
#1265=EDGE_LOOP('',(#198));
#1266=EDGE_LOOP('',(#199));
#1267=EDGE_LOOP('',(#200));
#1268=EDGE_LOOP('',(#201,#202,#203,#204,#205,#206,#207,#208));
#1269=EDGE_LOOP('',(#209));
#1270=EDGE_LOOP('',(#210));
#1271=EDGE_LOOP('',(#211,#212,#213,#214));
#1272=EDGE_LOOP('',(#215,#216,#217,#218,#219,#220,#221,#222));
#1273=EDGE_LOOP('',(#223,#224,#225,#226,#227,#228,#229,#230));
#1274=EDGE_LOOP('',(#231));
#1275=EDGE_LOOP('',(#232));
#1276=EDGE_LOOP('',(#233));
#1277=EDGE_LOOP('',(#234));
#1278=EDGE_LOOP('',(#235));
#1279=EDGE_LOOP('',(#236));
#1280=EDGE_LOOP('',(#237));
#1281=EDGE_LOOP('',(#238));
#1282=EDGE_LOOP('',(#239));
#1283=EDGE_LOOP('',(#240));
#1284=EDGE_LOOP('',(#241));
#1285=EDGE_LOOP('',(#242));
#1286=EDGE_LOOP('',(#243));
#1287=EDGE_LOOP('',(#244));
#1288=EDGE_LOOP('',(#245,#246,#247,#248));
#1289=EDGE_LOOP('',(#249,#250,#251,#252));
#1290=EDGE_LOOP('',(#253,#254,#255,#256));
#1291=EDGE_LOOP('',(#257,#258,#259,#260));
#1292=EDGE_LOOP('',(#261));
#1293=EDGE_LOOP('',(#262));
#1294=EDGE_LOOP('',(#263));
#1295=EDGE_LOOP('',(#264));
#1296=EDGE_LOOP('',(#265));
#1297=EDGE_LOOP('',(#266));
#1298=EDGE_LOOP('',(#267));
#1299=EDGE_LOOP('',(#268));
#1300=EDGE_LOOP('',(#269));
#1301=EDGE_LOOP('',(#270));
#1302=EDGE_LOOP('',(#271,#272,#273,#274,#275,#276));
#1303=EDGE_LOOP('',(#277));
#1304=EDGE_LOOP('',(#278,#279,#280,#281,#282,#283));
#1305=EDGE_LOOP('',(#284));
#1306=EDGE_LOOP('',(#285,#286,#287,#288,#289,#290));
#1307=EDGE_LOOP('',(#291,#292,#293,#294,#295,#296));
#1308=EDGE_LOOP('',(#297));
#1309=EDGE_LOOP('',(#298,#299,#300,#301));
#1310=EDGE_LOOP('',(#302,#303,#304,#305));
#1311=EDGE_LOOP('',(#306,#307,#308,#309,#310,#311,#312,#313));
#1312=EDGE_LOOP('',(#314,#315,#316,#317));
#1313=EDGE_LOOP('',(#318,#319,#320,#321));
#1314=EDGE_LOOP('',(#322,#323,#324,#325,#326,#327,#328,#329));
#1315=EDGE_LOOP('',(#330,#331,#332,#333));
#1316=EDGE_LOOP('',(#334,#335,#336,#337,#338,#339,#340,#341));
#1317=EDGE_LOOP('',(#342,#343,#344,#345));
#1318=EDGE_LOOP('',(#346,#347,#348,#349,#350,#351,#352,#353));
#1319=EDGE_LOOP('',(#354,#355,#356,#357,#358,#359,#360,#361));
#1320=EDGE_LOOP('',(#362,#363,#364,#365));
#1321=EDGE_LOOP('',(#366,#367,#368,#369));
#1322=EDGE_LOOP('',(#370,#371,#372,#373));
#1323=EDGE_LOOP('',(#374,#375,#376,#377));
#1324=EDGE_LOOP('',(#378,#379,#380,#381));
#1325=EDGE_LOOP('',(#382,#383,#384,#385));
#1326=EDGE_LOOP('',(#386,#387,#388,#389));
#1327=EDGE_LOOP('',(#390,#391,#392,#393));
#1328=EDGE_LOOP('',(#394,#395,#396,#397));
#1329=EDGE_LOOP('',(#398,#399,#400,#401));
#1330=EDGE_LOOP('',(#402,#403,#404,#405));
#1331=EDGE_LOOP('',(#406,#407,#408,#409));
#1332=EDGE_LOOP('',(#410,#411,#412,#413));
#1333=EDGE_LOOP('',(#414,#415,#416,#417));
#1334=EDGE_LOOP('',(#418,#419,#420,#421));
#1335=EDGE_LOOP('',(#422,#423,#424,#425));
#1336=EDGE_LOOP('',(#426,#427,#428,#429));
#1337=EDGE_LOOP('',(#430,#431,#432,#433));
#1338=EDGE_LOOP('',(#434,#435,#436,#437));
#1339=EDGE_LOOP('',(#438,#439,#440,#441));
#1340=EDGE_LOOP('',(#442,#443,#444,#445));
#1341=EDGE_LOOP('',(#446,#447,#448,#449));
#1342=EDGE_LOOP('',(#450,#451,#452,#453));
#1343=EDGE_LOOP('',(#454,#455,#456,#457));
#1344=EDGE_LOOP('',(#458,#459,#460,#461));
#1345=EDGE_LOOP('',(#462,#463,#464,#465));
#1346=EDGE_LOOP('',(#466,#467,#468,#469));
#1347=EDGE_LOOP('',(#470,#471,#472,#473));
#1348=EDGE_LOOP('',(#474,#475,#476,#477));
#1349=EDGE_LOOP('',(#478,#479,#480,#481));
#1350=EDGE_LOOP('',(#482,#483,#484,#485));
#1351=EDGE_LOOP('',(#486,#487,#488,#489));
#1352=EDGE_LOOP('',(#490,#491,#492,#493));
#1353=EDGE_LOOP('',(#494,#495,#496,#497));
#1354=EDGE_LOOP('',(#498,#499,#500,#501));
#1355=EDGE_LOOP('',(#502,#503,#504,#505));
#1356=EDGE_LOOP('',(#506,#507,#508,#509,#510,#511,#512,#513));
#1357=EDGE_LOOP('',(#514,#515,#516,#517,#518,#519,#520,#521));
#1358=EDGE_LOOP('',(#522));
#1359=EDGE_LOOP('',(#523));
#1360=EDGE_LOOP('',(#524));
#1361=EDGE_LOOP('',(#525));
#1362=EDGE_LOOP('',(#526));
#1363=EDGE_LOOP('',(#527));
#1364=EDGE_LOOP('',(#528));
#1365=EDGE_LOOP('',(#529));
#1366=EDGE_LOOP('',(#530));
#1367=EDGE_LOOP('',(#531,#532,#533,#534));
#1368=EDGE_LOOP('',(#535));
#1369=EDGE_LOOP('',(#536,#537,#538,#539));
#1370=EDGE_LOOP('',(#540,#541,#542,#543));
#1371=EDGE_LOOP('',(#544,#545,#546,#547));
#1372=EDGE_LOOP('',(#548,#549,#550,#551));
#1373=EDGE_LOOP('',(#552,#553,#554,#555));
#1374=EDGE_LOOP('',(#556,#557,#558,#559));
#1375=EDGE_LOOP('',(#560,#561,#562,#563));
#1376=EDGE_LOOP('',(#564,#565,#566,#567));
#1377=EDGE_LOOP('',(#568,#569,#570,#571));
#1378=EDGE_LOOP('',(#572));
#1379=EDGE_LOOP('',(#573,#574,#575,#576));
#1380=EDGE_LOOP('',(#577,#578,#579,#580));
#1381=EDGE_LOOP('',(#581,#582,#583,#584));
#1382=EDGE_LOOP('',(#585,#586,#587,#588));
#1383=EDGE_LOOP('',(#589,#590,#591,#592));
#1384=EDGE_LOOP('',(#593,#594,#595,#596));
#1385=EDGE_LOOP('',(#597,#598,#599,#600));
#1386=EDGE_LOOP('',(#601,#602,#603,#604));
#1387=EDGE_LOOP('',(#605,#606,#607,#608));
#1388=EDGE_LOOP('',(#609,#610,#611,#612));
#1389=FACE_BOUND('',#1259,.T.);
#1390=FACE_BOUND('',#1260,.T.);
#1391=FACE_BOUND('',#1261,.T.);
#1392=FACE_BOUND('',#1262,.T.);
#1393=FACE_BOUND('',#1263,.T.);
#1394=FACE_BOUND('',#1264,.T.);
#1395=FACE_BOUND('',#1265,.T.);
#1396=FACE_BOUND('',#1266,.T.);
#1397=FACE_BOUND('',#1267,.T.);
#1398=FACE_BOUND('',#1268,.T.);
#1399=FACE_BOUND('',#1269,.T.);
#1400=FACE_BOUND('',#1270,.T.);
#1401=FACE_BOUND('',#1271,.T.);
#1402=FACE_BOUND('',#1272,.T.);
#1403=FACE_BOUND('',#1273,.T.);
#1404=FACE_BOUND('',#1274,.T.);
#1405=FACE_BOUND('',#1275,.T.);
#1406=FACE_BOUND('',#1276,.T.);
#1407=FACE_BOUND('',#1277,.T.);
#1408=FACE_BOUND('',#1278,.T.);
#1409=FACE_BOUND('',#1279,.T.);
#1410=FACE_BOUND('',#1280,.T.);
#1411=FACE_BOUND('',#1281,.T.);
#1412=FACE_BOUND('',#1282,.T.);
#1413=FACE_BOUND('',#1283,.T.);
#1414=FACE_BOUND('',#1284,.T.);
#1415=FACE_BOUND('',#1285,.T.);
#1416=FACE_BOUND('',#1286,.T.);
#1417=FACE_BOUND('',#1287,.T.);
#1418=FACE_BOUND('',#1288,.T.);
#1419=FACE_BOUND('',#1289,.T.);
#1420=FACE_BOUND('',#1290,.T.);
#1421=FACE_BOUND('',#1291,.T.);
#1422=FACE_BOUND('',#1292,.T.);
#1423=FACE_BOUND('',#1293,.T.);
#1424=FACE_BOUND('',#1294,.T.);
#1425=FACE_BOUND('',#1295,.T.);
#1426=FACE_BOUND('',#1296,.T.);
#1427=FACE_BOUND('',#1297,.T.);
#1428=FACE_BOUND('',#1298,.T.);
#1429=FACE_BOUND('',#1299,.T.);
#1430=FACE_BOUND('',#1300,.T.);
#1431=FACE_BOUND('',#1301,.T.);
#1432=FACE_BOUND('',#1302,.T.);
#1433=FACE_BOUND('',#1303,.T.);
#1434=FACE_BOUND('',#1304,.T.);
#1435=FACE_BOUND('',#1305,.T.);
#1436=FACE_BOUND('',#1306,.T.);
#1437=FACE_BOUND('',#1307,.T.);
#1438=FACE_BOUND('',#1308,.T.);
#1439=FACE_BOUND('',#1309,.T.);
#1440=FACE_BOUND('',#1310,.T.);
#1441=FACE_BOUND('',#1311,.T.);
#1442=FACE_BOUND('',#1312,.T.);
#1443=FACE_BOUND('',#1313,.T.);
#1444=FACE_BOUND('',#1314,.T.);
#1445=FACE_BOUND('',#1315,.T.);
#1446=FACE_BOUND('',#1316,.T.);
#1447=FACE_BOUND('',#1317,.T.);
#1448=FACE_BOUND('',#1318,.T.);
#1449=FACE_BOUND('',#1319,.T.);
#1450=FACE_BOUND('',#1320,.T.);
#1451=FACE_BOUND('',#1321,.T.);
#1452=FACE_BOUND('',#1322,.T.);
#1453=FACE_BOUND('',#1323,.T.);
#1454=FACE_BOUND('',#1324,.T.);
#1455=FACE_BOUND('',#1325,.T.);
#1456=FACE_BOUND('',#1326,.T.);
#1457=FACE_BOUND('',#1327,.T.);
#1458=FACE_BOUND('',#1328,.T.);
#1459=FACE_BOUND('',#1329,.T.);
#1460=FACE_BOUND('',#1330,.T.);
#1461=FACE_BOUND('',#1331,.T.);
#1462=FACE_BOUND('',#1332,.T.);
#1463=FACE_BOUND('',#1333,.T.);
#1464=FACE_BOUND('',#1334,.T.);
#1465=FACE_BOUND('',#1335,.T.);
#1466=FACE_BOUND('',#1336,.T.);
#1467=FACE_BOUND('',#1337,.T.);
#1468=FACE_BOUND('',#1338,.T.);
#1469=FACE_BOUND('',#1339,.T.);
#1470=FACE_BOUND('',#1340,.T.);
#1471=FACE_BOUND('',#1341,.T.);
#1472=FACE_BOUND('',#1342,.T.);
#1473=FACE_BOUND('',#1343,.T.);
#1474=FACE_BOUND('',#1344,.T.);
#1475=FACE_BOUND('',#1345,.T.);
#1476=FACE_BOUND('',#1346,.T.);
#1477=FACE_BOUND('',#1347,.T.);
#1478=FACE_BOUND('',#1348,.T.);
#1479=FACE_BOUND('',#1349,.T.);
#1480=FACE_BOUND('',#1350,.T.);
#1481=FACE_BOUND('',#1351,.T.);
#1482=FACE_BOUND('',#1352,.T.);
#1483=FACE_BOUND('',#1353,.T.);
#1484=FACE_BOUND('',#1354,.T.);
#1485=FACE_BOUND('',#1355,.T.);
#1486=FACE_BOUND('',#1356,.T.);
#1487=FACE_BOUND('',#1357,.T.);
#1488=FACE_BOUND('',#1358,.T.);
#1489=FACE_BOUND('',#1359,.T.);
#1490=FACE_BOUND('',#1360,.T.);
#1491=FACE_BOUND('',#1361,.T.);
#1492=FACE_BOUND('',#1362,.T.);
#1493=FACE_BOUND('',#1363,.T.);
#1494=FACE_BOUND('',#1364,.T.);
#1495=FACE_BOUND('',#1365,.T.);
#1496=FACE_BOUND('',#1366,.T.);
#1497=FACE_BOUND('',#1367,.T.);
#1498=FACE_BOUND('',#1368,.T.);
#1499=FACE_BOUND('',#1369,.T.);
#1500=FACE_BOUND('',#1370,.T.);
#1501=FACE_BOUND('',#1371,.T.);
#1502=FACE_BOUND('',#1372,.T.);
#1503=FACE_BOUND('',#1373,.T.);
#1504=FACE_BOUND('',#1374,.T.);
#1505=FACE_BOUND('',#1375,.T.);
#1506=FACE_BOUND('',#1376,.T.);
#1507=FACE_BOUND('',#1377,.T.);
#1508=FACE_BOUND('',#1378,.T.);
#1509=FACE_BOUND('',#1379,.T.);
#1510=FACE_BOUND('',#1380,.T.);
#1511=FACE_BOUND('',#1381,.T.);
#1512=FACE_BOUND('',#1382,.T.);
#1513=FACE_BOUND('',#1383,.T.);
#1514=FACE_BOUND('',#1384,.T.);
#1515=FACE_BOUND('',#1385,.T.);
#1516=FACE_BOUND('',#1386,.T.);
#1517=FACE_BOUND('',#1387,.T.);
#1518=FACE_BOUND('',#1388,.T.);
#1519=PLANE('',#1670);
#1520=PLANE('',#1677);
#1521=PLANE('',#1694);
#1522=PLANE('',#1714);
#1523=PLANE('',#1715);
#1524=PLANE('',#1716);
#1525=PLANE('',#1717);
#1526=PLANE('',#1725);
#1527=PLANE('',#1729);
#1528=PLANE('',#1733);
#1529=PLANE('',#1735);
#1530=PLANE('',#1739);
#1531=PLANE('',#1740);
#1532=PLANE('',#1741);
#1533=PLANE('',#1748);
#1534=PLANE('',#1751);
#1535=PLANE('',#1754);
#1536=PLANE('',#1761);
#1537=PLANE('',#1762);
#1538=PLANE('',#1763);
#1539=PLANE('',#1776);
#1540=PLANE('',#1779);
#1541=PLANE('',#1780);
#1542=PLANE('',#1783);
#1543=PLANE('',#1792);
#1544=PLANE('',#1795);
#1545=PLANE('',#1796);
#1546=PLANE('',#1799);
#1547=PLANE('',#1820);
#1548=PLANE('',#1827);
#1549=PLANE('',#1828);
#1550=PLANE('',#1829);
#1551=PLANE('',#1830);
#1552=PLANE('',#1831);
#1553=PLANE('',#1833);
#1554=PLANE('',#1834);
#1555=PLANE('',#1836);
#1556=PLANE('',#1837);
#1557=PLANE('',#1839);
#1558=PLANE('',#1840);
#1559=PLANE('',#1841);
#1560=PLANE('',#1842);
#1561=ADVANCED_FACE('',(#1389),#1519,.T.);
#1562=ADVANCED_FACE('',(#1390),#124,.T.);
#1563=ADVANCED_FACE('',(#1391,#1392),#125,.F.);
#1564=ADVANCED_FACE('',(#1393,#1394,#1395,#1396,#1397,#1398,#1399,#1400),
#1520,.F.);
#1565=ADVANCED_FACE('',(#1401),#126,.T.);
#1566=ADVANCED_FACE('',(#1402,#1403,#1404,#1405,#1406,#1407,#1408,#1409),
#1521,.T.);
#1567=ADVANCED_FACE('',(#1410,#1411),#127,.F.);
#1568=ADVANCED_FACE('',(#1412,#1413),#128,.F.);
#1569=ADVANCED_FACE('',(#1414,#1415),#129,.F.);
#1570=ADVANCED_FACE('',(#1416,#1417),#130,.F.);
#1571=ADVANCED_FACE('',(#1418),#1522,.F.);
#1572=ADVANCED_FACE('',(#1419),#1523,.F.);
#1573=ADVANCED_FACE('',(#1420),#1524,.T.);
#1574=ADVANCED_FACE('',(#1421),#1525,.T.);
#1575=ADVANCED_FACE('',(#1422,#1423),#131,.F.);
#1576=ADVANCED_FACE('',(#1424,#1425),#132,.F.);
#1577=ADVANCED_FACE('',(#1426,#1427),#20,.F.);
#1578=ADVANCED_FACE('',(#1428,#1429),#21,.F.);
#1579=ADVANCED_FACE('',(#1430,#1431),#22,.F.);
#1580=ADVANCED_FACE('',(#1432,#1433),#1526,.T.);
#1581=ADVANCED_FACE('',(#1434,#1435),#1527,.T.);
#1582=ADVANCED_FACE('',(#1436),#1528,.T.);
#1583=ADVANCED_FACE('',(#1437,#1438),#1529,.T.);
#1584=ADVANCED_FACE('',(#1439),#1530,.T.);
#1585=ADVANCED_FACE('',(#1440),#1531,.T.);
#1586=ADVANCED_FACE('',(#1441,#1442),#1532,.T.);
#1587=ADVANCED_FACE('',(#1443),#133,.F.);
#1588=ADVANCED_FACE('',(#1444),#1533,.T.);
#1589=ADVANCED_FACE('',(#1445),#134,.F.);
#1590=ADVANCED_FACE('',(#1446),#1534,.T.);
#1591=ADVANCED_FACE('',(#1447),#135,.F.);
#1592=ADVANCED_FACE('',(#1448,#1449),#1535,.T.);
#1593=ADVANCED_FACE('',(#1450),#136,.F.);
#1594=ADVANCED_FACE('',(#1451),#1536,.F.);
#1595=ADVANCED_FACE('',(#1452),#1537,.T.);
#1596=ADVANCED_FACE('',(#1453),#1538,.T.);
#1597=ADVANCED_FACE('',(#1454),#137,.T.);
#1598=ADVANCED_FACE('',(#1455),#138,.T.);
#1599=ADVANCED_FACE('',(#1456),#139,.T.);
#1600=ADVANCED_FACE('',(#1457),#140,.T.);
#1601=ADVANCED_FACE('',(#1458),#1539,.F.);
#1602=ADVANCED_FACE('',(#1459),#23,.T.);
#1603=ADVANCED_FACE('',(#1460),#24,.T.);
#1604=ADVANCED_FACE('',(#1461),#1540,.F.);
#1605=ADVANCED_FACE('',(#1462),#1541,.F.);
#1606=ADVANCED_FACE('',(#1463),#25,.T.);
#1607=ADVANCED_FACE('',(#1464),#26,.T.);
#1608=ADVANCED_FACE('',(#1465),#1542,.F.);
#1609=ADVANCED_FACE('',(#1466),#141,.F.);
#1610=ADVANCED_FACE('',(#1467),#142,.F.);
#1611=ADVANCED_FACE('',(#1468),#143,.F.);
#1612=ADVANCED_FACE('',(#1469),#144,.F.);
#1613=ADVANCED_FACE('',(#1470),#1543,.F.);
#1614=ADVANCED_FACE('',(#1471),#27,.F.);
#1615=ADVANCED_FACE('',(#1472),#28,.F.);
#1616=ADVANCED_FACE('',(#1473),#1544,.T.);
#1617=ADVANCED_FACE('',(#1474),#1545,.F.);
#1618=ADVANCED_FACE('',(#1475),#29,.F.);
#1619=ADVANCED_FACE('',(#1476),#30,.F.);
#1620=ADVANCED_FACE('',(#1477),#1546,.T.);
#1621=ADVANCED_FACE('',(#1478),#145,.T.);
#1622=ADVANCED_FACE('',(#1479),#12,.T.);
#1623=ADVANCED_FACE('',(#1480),#13,.T.);
#1624=ADVANCED_FACE('',(#1481),#146,.T.);
#1625=ADVANCED_FACE('',(#1482),#147,.T.);
#1626=ADVANCED_FACE('',(#1483),#14,.T.);
#1627=ADVANCED_FACE('',(#1484),#15,.T.);
#1628=ADVANCED_FACE('',(#1485),#148,.T.);
#1629=ADVANCED_FACE('',(#1486,#1487),#1547,.T.);
#1630=ADVANCED_FACE('',(#1488,#1489),#149,.F.);
#1631=ADVANCED_FACE('',(#1490,#1491),#150,.F.);
#1632=ADVANCED_FACE('',(#1492,#1493),#151,.F.);
#1633=ADVANCED_FACE('',(#1494),#1548,.F.);
#1634=ADVANCED_FACE('',(#1495),#1549,.F.);
#1635=ADVANCED_FACE('',(#1496),#1550,.F.);
#1636=ADVANCED_FACE('',(#1497,#1498),#1551,.T.);
#1637=ADVANCED_FACE('',(#1499),#1552,.F.);
#1638=ADVANCED_FACE('',(#1500),#152,.T.);
#1639=ADVANCED_FACE('',(#1501),#1553,.T.);
#1640=ADVANCED_FACE('',(#1502),#1554,.F.);
#1641=ADVANCED_FACE('',(#1503),#153,.T.);
#1642=ADVANCED_FACE('',(#1504),#1555,.T.);
#1643=ADVANCED_FACE('',(#1505),#1556,.T.);
#1644=ADVANCED_FACE('',(#1506),#154,.T.);
#1645=ADVANCED_FACE('',(#1507),#1557,.F.);
#1646=ADVANCED_FACE('',(#1508),#1558,.F.);
#1647=ADVANCED_FACE('',(#1509),#1559,.F.);
#1648=ADVANCED_FACE('',(#1510),#1560,.T.);
#1649=ADVANCED_FACE('',(#1511),#16,.T.);
#1650=ADVANCED_FACE('',(#1512),#155,.T.);
#1651=ADVANCED_FACE('',(#1513),#156,.T.);
#1652=ADVANCED_FACE('',(#1514),#17,.T.);
#1653=ADVANCED_FACE('',(#1515),#18,.T.);
#1654=ADVANCED_FACE('',(#1516),#157,.T.);
#1655=ADVANCED_FACE('',(#1517),#158,.T.);
#1656=ADVANCED_FACE('',(#1518),#19,.T.);
#1657=CLOSED_SHELL('',(#1561,#1562,#1563,#1564,#1565,#1566,#1567,#1568,
#1569,#1570,#1571,#1572,#1573,#1574,#1575,#1576,#1577,#1578,#1579,#1580,
#1581,#1582,#1583,#1584,#1585,#1586,#1587,#1588,#1589,#1590,#1591,#1592,
#1593,#1594,#1595,#1596,#1597,#1598,#1599,#1600,#1601,#1602,#1603,#1604,
#1605,#1606,#1607,#1608,#1609,#1610,#1611,#1612,#1613,#1614,#1615,#1616,
#1617,#1618,#1619,#1620,#1621,#1622,#1623,#1624,#1625,#1626,#1627,#1628,
#1629,#1630,#1631,#1632,#1633,#1634,#1635,#1636,#1637,#1638,#1639,#1640,
#1641,#1642,#1643,#1644,#1645,#1646,#1647,#1648,#1649,#1650,#1651,#1652,
#1653,#1654,#1655,#1656));
#1658=STYLED_ITEM('',(#1659),#1666);
#1659=PRESENTATION_STYLE_ASSIGNMENT((#1660));
#1660=SURFACE_STYLE_USAGE(.BOTH.,#1661);
#1661=SURFACE_SIDE_STYLE('',(#1662));
#1662=SURFACE_STYLE_FILL_AREA(#1663);
#1663=FILL_AREA_STYLE('',(#1664));
#1664=FILL_AREA_STYLE_COLOUR('',#1665);
#1665=COLOUR_RGB('',0.901960784313726,0.901960784313726,0.901960784313726);
#1666=MANIFOLD_SOLID_BREP('Part 1',#1657);
#1667=SHAPE_DEFINITION_REPRESENTATION(#2854,#1668);
#1668=SHAPE_REPRESENTATION('Part 1',(#1669),#2849);
#1669=AXIS2_PLACEMENT_3D('',#2373,#1859,#1860);
#1670=AXIS2_PLACEMENT_3D('',#2374,#1861,#1862);
#1671=AXIS2_PLACEMENT_3D('',#2399,#1875,#1876);
#1672=AXIS2_PLACEMENT_3D('',#2403,#1878,#1879);
#1673=AXIS2_PLACEMENT_3D('',#2407,#1881,#1882);
#1674=AXIS2_PLACEMENT_3D('',#2408,#1883,#1884);
#1675=AXIS2_PLACEMENT_3D('',#2409,#1885,#1886);
#1676=AXIS2_PLACEMENT_3D('',#2411,#1887,#1888);
#1677=AXIS2_PLACEMENT_3D('',#2413,#1889,#1890);
#1678=AXIS2_PLACEMENT_3D('',#2417,#1893,#1894);
#1679=AXIS2_PLACEMENT_3D('',#2425,#1898,#1899);
#1680=AXIS2_PLACEMENT_3D('',#2433,#1903,#1904);
#1681=AXIS2_PLACEMENT_3D('',#2441,#1908,#1909);
#1682=AXIS2_PLACEMENT_3D('',#2445,#1912,#1913);
#1683=AXIS2_PLACEMENT_3D('',#2447,#1914,#1915);
#1684=AXIS2_PLACEMENT_3D('',#2449,#1916,#1917);
#1685=AXIS2_PLACEMENT_3D('',#2451,#1918,#1919);
#1686=AXIS2_PLACEMENT_3D('',#2456,#1921,#1922);
#1687=AXIS2_PLACEMENT_3D('',#2460,#1924,#1925);
#1688=AXIS2_PLACEMENT_3D('',#2464,#1927,#1928);
#1689=AXIS2_PLACEMENT_3D('',#2468,#1930,#1931);
#1690=AXIS2_PLACEMENT_3D('',#2469,#1932,#1933);
#1691=AXIS2_PLACEMENT_3D('',#2471,#1934,#1935);
#1692=AXIS2_PLACEMENT_3D('',#2473,#1936,#1937);
#1693=AXIS2_PLACEMENT_3D('',#2476,#1939,#1940);
#1694=AXIS2_PLACEMENT_3D('',#2479,#1942,#1943);
#1695=AXIS2_PLACEMENT_3D('',#2480,#1944,#1945);
#1696=AXIS2_PLACEMENT_3D('',#2485,#1947,#1948);
#1697=AXIS2_PLACEMENT_3D('',#2489,#1950,#1951);
#1698=AXIS2_PLACEMENT_3D('',#2493,#1953,#1954);
#1699=AXIS2_PLACEMENT_3D('',#2496,#1956,#1957);
#1700=AXIS2_PLACEMENT_3D('',#2501,#1959,#1960);
#1701=AXIS2_PLACEMENT_3D('',#2505,#1962,#1963);
#1702=AXIS2_PLACEMENT_3D('',#2509,#1965,#1966);
#1703=AXIS2_PLACEMENT_3D('',#2512,#1968,#1969);
#1704=AXIS2_PLACEMENT_3D('',#2514,#1970,#1971);
#1705=AXIS2_PLACEMENT_3D('',#2516,#1972,#1973);
#1706=AXIS2_PLACEMENT_3D('',#2518,#1974,#1975);
#1707=AXIS2_PLACEMENT_3D('',#2520,#1976,#1977);
#1708=AXIS2_PLACEMENT_3D('',#2522,#1978,#1979);
#1709=AXIS2_PLACEMENT_3D('',#2524,#1980,#1981);
#1710=AXIS2_PLACEMENT_3D('',#2525,#1982,#1983);
#1711=AXIS2_PLACEMENT_3D('',#2526,#1984,#1985);
#1712=AXIS2_PLACEMENT_3D('',#2527,#1986,#1987);
#1713=AXIS2_PLACEMENT_3D('',#2528,#1988,#1989);
#1714=AXIS2_PLACEMENT_3D('',#2530,#1990,#1991);
#1715=AXIS2_PLACEMENT_3D('',#2536,#1995,#1996);
#1716=AXIS2_PLACEMENT_3D('',#2542,#2000,#2001);
#1717=AXIS2_PLACEMENT_3D('',#2548,#2005,#2006);
#1718=AXIS2_PLACEMENT_3D('',#2554,#2010,#2011);
#1719=AXIS2_PLACEMENT_3D('',#2555,#2012,#2013);
#1720=AXIS2_PLACEMENT_3D('',#2557,#2014,#2015);
#1721=AXIS2_PLACEMENT_3D('',#2558,#2016,#2017);
#1722=AXIS2_PLACEMENT_3D('',#2560,#2018,#2019);
#1723=AXIS2_PLACEMENT_3D('',#2561,#2020,#2021);
#1724=AXIS2_PLACEMENT_3D('',#2562,#2022,#2023);
#1725=AXIS2_PLACEMENT_3D('',#2563,#2024,#2025);
#1726=AXIS2_PLACEMENT_3D('',#2569,#2028,#2029);
#1727=AXIS2_PLACEMENT_3D('',#2575,#2032,#2033);
#1728=AXIS2_PLACEMENT_3D('',#2576,#2034,#2035);
#1729=AXIS2_PLACEMENT_3D('',#2578,#2036,#2037);
#1730=AXIS2_PLACEMENT_3D('',#2581,#2039,#2040);
#1731=AXIS2_PLACEMENT_3D('',#2587,#2043,#2044);
#1732=AXIS2_PLACEMENT_3D('',#2588,#2045,#2046);
#1733=AXIS2_PLACEMENT_3D('',#2590,#2047,#2048);
#1734=AXIS2_PLACEMENT_3D('',#2595,#2051,#2052);
#1735=AXIS2_PLACEMENT_3D('',#2597,#2054,#2055);
#1736=AXIS2_PLACEMENT_3D('',#2603,#2058,#2059);
#1737=AXIS2_PLACEMENT_3D('',#2609,#2062,#2063);
#1738=AXIS2_PLACEMENT_3D('',#2610,#2064,#2065);
#1739=AXIS2_PLACEMENT_3D('',#2612,#2066,#2067);
#1740=AXIS2_PLACEMENT_3D('',#2621,#2072,#2073);
#1741=AXIS2_PLACEMENT_3D('',#2630,#2078,#2079);
#1742=AXIS2_PLACEMENT_3D('',#2634,#2081,#2082);
#1743=AXIS2_PLACEMENT_3D('',#2638,#2084,#2085);
#1744=AXIS2_PLACEMENT_3D('',#2642,#2087,#2088);
#1745=AXIS2_PLACEMENT_3D('',#2646,#2090,#2091);
#1746=AXIS2_PLACEMENT_3D('',#2655,#2096,#2097);
#1747=AXIS2_PLACEMENT_3D('',#2658,#2099,#2100);
#1748=AXIS2_PLACEMENT_3D('',#2659,#2101,#2102);
#1749=AXIS2_PLACEMENT_3D('',#2665,#2107,#2108);
#1750=AXIS2_PLACEMENT_3D('',#2668,#2110,#2111);
#1751=AXIS2_PLACEMENT_3D('',#2669,#2112,#2113);
#1752=AXIS2_PLACEMENT_3D('',#2675,#2118,#2119);
#1753=AXIS2_PLACEMENT_3D('',#2678,#2121,#2122);
#1754=AXIS2_PLACEMENT_3D('',#2679,#2123,#2124);
#1755=AXIS2_PLACEMENT_3D('',#2685,#2129,#2130);
#1756=AXIS2_PLACEMENT_3D('',#2690,#2132,#2133);
#1757=AXIS2_PLACEMENT_3D('',#2694,#2135,#2136);
#1758=AXIS2_PLACEMENT_3D('',#2698,#2138,#2139);
#1759=AXIS2_PLACEMENT_3D('',#2701,#2141,#2142);
#1760=AXIS2_PLACEMENT_3D('',#2702,#2143,#2144);
#1761=AXIS2_PLACEMENT_3D('',#2703,#2145,#2146);
#1762=AXIS2_PLACEMENT_3D('',#2704,#2147,#2148);
#1763=AXIS2_PLACEMENT_3D('',#2705,#2149,#2150);
#1764=AXIS2_PLACEMENT_3D('',#2714,#2155,#2156);
#1765=AXIS2_PLACEMENT_3D('',#2715,#2157,#2158);
#1766=AXIS2_PLACEMENT_3D('',#2716,#2159,#2160);
#1767=AXIS2_PLACEMENT_3D('',#2717,#2161,#2162);
#1768=AXIS2_PLACEMENT_3D('',#2718,#2163,#2164);
#1769=AXIS2_PLACEMENT_3D('',#2719,#2165,#2166);
#1770=AXIS2_PLACEMENT_3D('',#2720,#2167,#2168);
#1771=AXIS2_PLACEMENT_3D('',#2721,#2169,#2170);
#1772=AXIS2_PLACEMENT_3D('',#2722,#2171,#2172);
#1773=AXIS2_PLACEMENT_3D('',#2723,#2173,#2174);
#1774=AXIS2_PLACEMENT_3D('',#2724,#2175,#2176);
#1775=AXIS2_PLACEMENT_3D('',#2725,#2177,#2178);
#1776=AXIS2_PLACEMENT_3D('',#2726,#2179,#2180);
#1777=AXIS2_PLACEMENT_3D('',#2729,#2183,#2184);
#1778=AXIS2_PLACEMENT_3D('',#2731,#2186,#2187);
#1779=AXIS2_PLACEMENT_3D('',#2733,#2189,#2190);
#1780=AXIS2_PLACEMENT_3D('',#2735,#2192,#2193);
#1781=AXIS2_PLACEMENT_3D('',#2737,#2195,#2196);
#1782=AXIS2_PLACEMENT_3D('',#2739,#2198,#2199);
#1783=AXIS2_PLACEMENT_3D('',#2741,#2201,#2202);
#1784=AXIS2_PLACEMENT_3D('',#2742,#2203,#2204);
#1785=AXIS2_PLACEMENT_3D('',#2743,#2205,#2206);
#1786=AXIS2_PLACEMENT_3D('',#2744,#2207,#2208);
#1787=AXIS2_PLACEMENT_3D('',#2745,#2209,#2210);
#1788=AXIS2_PLACEMENT_3D('',#2746,#2211,#2212);
#1789=AXIS2_PLACEMENT_3D('',#2747,#2213,#2214);
#1790=AXIS2_PLACEMENT_3D('',#2748,#2215,#2216);
#1791=AXIS2_PLACEMENT_3D('',#2749,#2217,#2218);
#1792=AXIS2_PLACEMENT_3D('',#2750,#2219,#2220);
#1793=AXIS2_PLACEMENT_3D('',#2753,#2223,#2224);
#1794=AXIS2_PLACEMENT_3D('',#2755,#2226,#2227);
#1795=AXIS2_PLACEMENT_3D('',#2757,#2229,#2230);
#1796=AXIS2_PLACEMENT_3D('',#2759,#2232,#2233);
#1797=AXIS2_PLACEMENT_3D('',#2761,#2235,#2236);
#1798=AXIS2_PLACEMENT_3D('',#2763,#2238,#2239);
#1799=AXIS2_PLACEMENT_3D('',#2765,#2241,#2242);
#1800=AXIS2_PLACEMENT_3D('',#2766,#2243,#2244);
#1801=AXIS2_PLACEMENT_3D('',#2767,#2245,#2246);
#1802=AXIS2_PLACEMENT_3D('',#2769,#2247,#2248);
#1803=AXIS2_PLACEMENT_3D('',#2772,#2250,#2251);
#1804=AXIS2_PLACEMENT_3D('',#2773,#2252,#2253);
#1805=AXIS2_PLACEMENT_3D('',#2775,#2254,#2255);
#1806=AXIS2_PLACEMENT_3D('',#2776,#2256,#2257);
#1807=AXIS2_PLACEMENT_3D('',#2777,#2258,#2259);
#1808=AXIS2_PLACEMENT_3D('',#2779,#2260,#2261);
#1809=AXIS2_PLACEMENT_3D('',#2780,#2262,#2263);
#1810=AXIS2_PLACEMENT_3D('',#2781,#2264,#2265);
#1811=AXIS2_PLACEMENT_3D('',#2784,#2267,#2268);
#1812=AXIS2_PLACEMENT_3D('',#2787,#2270,#2271);
#1813=AXIS2_PLACEMENT_3D('',#2788,#2272,#2273);
#1814=AXIS2_PLACEMENT_3D('',#2789,#2274,#2275);
#1815=AXIS2_PLACEMENT_3D('',#2791,#2276,#2277);
#1816=AXIS2_PLACEMENT_3D('',#2792,#2278,#2279);
#1817=AXIS2_PLACEMENT_3D('',#2793,#2280,#2281);
#1818=AXIS2_PLACEMENT_3D('',#2795,#2282,#2283);
#1819=AXIS2_PLACEMENT_3D('',#2796,#2284,#2285);
#1820=AXIS2_PLACEMENT_3D('',#2798,#2287,#2288);
#1821=AXIS2_PLACEMENT_3D('',#2799,#2289,#2290);
#1822=AXIS2_PLACEMENT_3D('',#2800,#2291,#2292);
#1823=AXIS2_PLACEMENT_3D('',#2802,#2293,#2294);
#1824=AXIS2_PLACEMENT_3D('',#2803,#2295,#2296);
#1825=AXIS2_PLACEMENT_3D('',#2805,#2297,#2298);
#1826=AXIS2_PLACEMENT_3D('',#2806,#2299,#2300);
#1827=AXIS2_PLACEMENT_3D('',#2808,#2301,#2302);
#1828=AXIS2_PLACEMENT_3D('',#2809,#2303,#2304);
#1829=AXIS2_PLACEMENT_3D('',#2810,#2305,#2306);
#1830=AXIS2_PLACEMENT_3D('',#2811,#2307,#2308);
#1831=AXIS2_PLACEMENT_3D('',#2814,#2311,#2312);
#1832=AXIS2_PLACEMENT_3D('',#2816,#2314,#2315);
#1833=AXIS2_PLACEMENT_3D('',#2818,#2317,#2318);
#1834=AXIS2_PLACEMENT_3D('',#2819,#2319,#2320);
#1835=AXIS2_PLACEMENT_3D('',#2821,#2322,#2323);
#1836=AXIS2_PLACEMENT_3D('',#2823,#2325,#2326);
#1837=AXIS2_PLACEMENT_3D('',#2824,#2327,#2328);
#1838=AXIS2_PLACEMENT_3D('',#2826,#2330,#2331);
#1839=AXIS2_PLACEMENT_3D('',#2828,#2333,#2334);
#1840=AXIS2_PLACEMENT_3D('',#2829,#2335,#2336);
#1841=AXIS2_PLACEMENT_3D('',#2830,#2337,#2338);
#1842=AXIS2_PLACEMENT_3D('',#2831,#2339,#2340);
#1843=AXIS2_PLACEMENT_3D('',#2832,#2341,#2342);
#1844=AXIS2_PLACEMENT_3D('',#2833,#2343,#2344);
#1845=AXIS2_PLACEMENT_3D('',#2834,#2345,#2346);
#1846=AXIS2_PLACEMENT_3D('',#2835,#2347,#2348);
#1847=AXIS2_PLACEMENT_3D('',#2836,#2349,#2350);
#1848=AXIS2_PLACEMENT_3D('',#2837,#2351,#2352);
#1849=AXIS2_PLACEMENT_3D('',#2838,#2353,#2354);
#1850=AXIS2_PLACEMENT_3D('',#2839,#2355,#2356);
#1851=AXIS2_PLACEMENT_3D('',#2840,#2357,#2358);
#1852=AXIS2_PLACEMENT_3D('',#2841,#2359,#2360);
#1853=AXIS2_PLACEMENT_3D('',#2842,#2361,#2362);
#1854=AXIS2_PLACEMENT_3D('',#2843,#2363,#2364);
#1855=AXIS2_PLACEMENT_3D('',#2844,#2365,#2366);
#1856=AXIS2_PLACEMENT_3D('',#2845,#2367,#2368);
#1857=AXIS2_PLACEMENT_3D('',#2846,#2369,#2370);
#1858=AXIS2_PLACEMENT_3D('',#2847,#2371,#2372);
#1859=DIRECTION('',(0.,0.,1.));
#1860=DIRECTION('',(1.,0.,0.));
#1861=DIRECTION('',(1.,0.,0.));
#1862=DIRECTION('',(0.,0.,-1.));
#1863=DIRECTION('',(0.,1.,0.));
#1864=DIRECTION('',(0.,0.,1.));
#1865=DIRECTION('',(0.,1.,0.));
#1866=DIRECTION('',(0.,0.,1.));
#1867=DIRECTION('',(0.,1.,0.));
#1868=DIRECTION('',(0.,0.,1.));
#1869=DIRECTION('',(0.,1.,0.));
#1870=DIRECTION('',(0.,0.,1.));
#1871=DIRECTION('',(0.,1.,0.));
#1872=DIRECTION('',(0.,0.,1.));
#1873=DIRECTION('',(0.,1.,0.));
#1874=DIRECTION('',(0.,0.,1.));
#1875=DIRECTION('',(0.,0.,1.));
#1876=DIRECTION('',(1.,0.,0.));
#1877=DIRECTION('',(0.,0.,1.));
#1878=DIRECTION('',(0.,0.,-1.));
#1879=DIRECTION('',(-1.,0.,0.));
#1880=DIRECTION('',(0.,0.,1.));
#1881=DIRECTION('',(0.,0.,1.));
#1882=DIRECTION('',(1.,0.,0.));
#1883=DIRECTION('',(0.,0.,1.));
#1884=DIRECTION('',(1.,0.,0.));
#1885=DIRECTION('',(0.,0.,-1.));
#1886=DIRECTION('',(-1.,0.,0.));
#1887=DIRECTION('',(0.,0.,-1.));
#1888=DIRECTION('',(-1.,0.,0.));
#1889=DIRECTION('',(0.,0.,1.));
#1890=DIRECTION('',(1.,0.,0.));
#1891=DIRECTION('',(-1.,0.,0.));
#1892=DIRECTION('',(-1.,0.,0.));
#1893=DIRECTION('',(0.,0.,-1.));
#1894=DIRECTION('',(-1.,0.,0.));
#1895=DIRECTION('',(0.,1.,0.));
#1896=DIRECTION('',(1.,0.,0.));
#1897=DIRECTION('',(0.,1.,0.));
#1898=DIRECTION('',(0.,0.,-1.));
#1899=DIRECTION('',(-1.,0.,0.));
#1900=DIRECTION('',(1.,0.,0.));
#1901=DIRECTION('',(0.,-1.,0.));
#1902=DIRECTION('',(1.,0.,0.));
#1903=DIRECTION('',(0.,0.,-1.));
#1904=DIRECTION('',(-1.,0.,0.));
#1905=DIRECTION('',(0.,-1.,0.));
#1906=DIRECTION('',(-1.,0.,0.));
#1907=DIRECTION('',(0.,-1.,0.));
#1908=DIRECTION('',(0.,0.,-1.));
#1909=DIRECTION('',(-1.,0.,0.));
#1910=DIRECTION('',(-1.,0.,0.));
#1911=DIRECTION('',(-1.,0.,0.));
#1912=DIRECTION('',(0.,0.,-1.));
#1913=DIRECTION('',(-1.,0.,0.));
#1914=DIRECTION('',(0.,0.,-1.));
#1915=DIRECTION('',(-1.,0.,0.));
#1916=DIRECTION('',(0.,0.,-1.));
#1917=DIRECTION('',(-1.,0.,0.));
#1918=DIRECTION('',(0.,0.,-1.));
#1919=DIRECTION('',(-1.,0.,0.));
#1920=DIRECTION('',(-1.94199058226481E-16,-1.,0.));
#1921=DIRECTION('',(0.,0.,1.));
#1922=DIRECTION('',(1.,0.,0.));
#1923=DIRECTION('',(1.,0.,0.));
#1924=DIRECTION('',(0.,0.,1.));
#1925=DIRECTION('',(1.,0.,0.));
#1926=DIRECTION('',(0.,-1.,0.));
#1927=DIRECTION('',(0.,0.,1.));
#1928=DIRECTION('',(1.,0.,0.));
#1929=DIRECTION('',(1.,0.,0.));
#1930=DIRECTION('',(0.,0.,1.));
#1931=DIRECTION('',(1.,0.,0.));
#1932=DIRECTION('',(0.,0.,1.));
#1933=DIRECTION('',(1.,0.,0.));
#1934=DIRECTION('',(0.,0.,1.));
#1935=DIRECTION('',(1.,0.,0.));
#1936=DIRECTION('',(0.,0.,1.));
#1937=DIRECTION('',(1.,0.,0.));
#1938=DIRECTION('',(0.,0.,1.));
#1939=DIRECTION('',(0.,0.,-1.));
#1940=DIRECTION('',(-1.,0.,0.));
#1941=DIRECTION('',(0.,0.,1.));
#1942=DIRECTION('',(0.,0.,1.));
#1943=DIRECTION('',(1.,0.,0.));
#1944=DIRECTION('',(0.,0.,1.));
#1945=DIRECTION('',(1.,0.,0.));
#1946=DIRECTION('',(1.,0.,0.));
#1947=DIRECTION('',(0.,0.,1.));
#1948=DIRECTION('',(1.,0.,0.));
#1949=DIRECTION('',(-1.94199058226481E-16,-1.,0.));
#1950=DIRECTION('',(0.,0.,1.));
#1951=DIRECTION('',(1.,0.,0.));
#1952=DIRECTION('',(-1.,0.,0.));
#1953=DIRECTION('',(0.,0.,1.));
#1954=DIRECTION('',(1.,0.,0.));
#1955=DIRECTION('',(0.,1.,0.));
#1956=DIRECTION('',(0.,0.,1.));
#1957=DIRECTION('',(1.,0.,0.));
#1958=DIRECTION('',(0.,-1.,0.));
#1959=DIRECTION('',(0.,0.,1.));
#1960=DIRECTION('',(1.,0.,0.));
#1961=DIRECTION('',(1.,0.,0.));
#1962=DIRECTION('',(0.,0.,1.));
#1963=DIRECTION('',(1.,0.,0.));
#1964=DIRECTION('',(0.,1.,0.));
#1965=DIRECTION('',(0.,0.,1.));
#1966=DIRECTION('',(1.,0.,0.));
#1967=DIRECTION('',(-1.,0.,0.));
#1968=DIRECTION('',(0.,0.,1.));
#1969=DIRECTION('',(1.,0.,0.));
#1970=DIRECTION('',(0.,0.,1.));
#1971=DIRECTION('',(1.,0.,0.));
#1972=DIRECTION('',(0.,0.,1.));
#1973=DIRECTION('',(1.,0.,0.));
#1974=DIRECTION('',(0.,0.,1.));
#1975=DIRECTION('',(1.,0.,0.));
#1976=DIRECTION('',(0.,0.,1.));
#1977=DIRECTION('',(1.,0.,0.));
#1978=DIRECTION('',(0.,0.,1.));
#1979=DIRECTION('',(1.,0.,0.));
#1980=DIRECTION('',(0.,0.,-1.));
#1981=DIRECTION('',(-1.,0.,0.));
#1982=DIRECTION('',(0.,0.,-1.));
#1983=DIRECTION('',(-1.,0.,0.));
#1984=DIRECTION('',(0.,0.,-1.));
#1985=DIRECTION('',(-1.,0.,0.));
#1986=DIRECTION('',(0.,0.,-1.));
#1987=DIRECTION('',(-1.,0.,0.));
#1988=DIRECTION('',(0.,0.,1.));
#1989=DIRECTION('',(1.,0.,0.));
#1990=DIRECTION('',(0.,1.,0.));
#1991=DIRECTION('',(0.,0.,1.));
#1992=DIRECTION('',(0.,0.,-1.));
#1993=DIRECTION('',(-1.,0.,0.));
#1994=DIRECTION('',(0.,0.,-1.));
#1995=DIRECTION('',(1.,-1.94199058226481E-16,0.));
#1996=DIRECTION('',(1.94199058226481E-16,1.,0.));
#1997=DIRECTION('',(0.,0.,-1.));
#1998=DIRECTION('',(1.94199058226481E-16,1.,0.));
#1999=DIRECTION('',(0.,0.,-1.));
#2000=DIRECTION('',(0.,1.,0.));
#2001=DIRECTION('',(0.,0.,1.));
#2002=DIRECTION('',(0.,0.,-1.));
#2003=DIRECTION('',(1.,0.,0.));
#2004=DIRECTION('',(0.,0.,-1.));
#2005=DIRECTION('',(1.,0.,0.));
#2006=DIRECTION('',(0.,0.,-1.));
#2007=DIRECTION('',(0.,0.,-1.));
#2008=DIRECTION('',(0.,-1.,0.));
#2009=DIRECTION('',(0.,0.,-1.));
#2010=DIRECTION('',(0.,0.,1.));
#2011=DIRECTION('',(1.,0.,0.));
#2012=DIRECTION('',(0.,0.,1.));
#2013=DIRECTION('',(1.,0.,0.));
#2014=DIRECTION('',(0.,0.,1.));
#2015=DIRECTION('',(1.,0.,0.));
#2016=DIRECTION('',(0.,0.,1.));
#2017=DIRECTION('',(1.,0.,0.));
#2018=DIRECTION('',(0.,0.,1.));
#2019=DIRECTION('',(1.,0.,0.));
#2020=DIRECTION('',(0.,0.,1.));
#2021=DIRECTION('',(1.,0.,0.));
#2022=DIRECTION('',(0.,0.,1.));
#2023=DIRECTION('',(1.,0.,0.));
#2024=DIRECTION('',(0.,0.,-1.));
#2025=DIRECTION('',(1.,0.,0.));
#2026=DIRECTION('',(0.,1.,0.));
#2027=DIRECTION('',(1.,0.,0.));
#2028=DIRECTION('',(0.,0.,-1.));
#2029=DIRECTION('',(-1.,0.,0.));
#2030=DIRECTION('',(0.,-1.,0.));
#2031=DIRECTION('',(1.,0.,0.));
#2032=DIRECTION('',(0.,0.,-1.));
#2033=DIRECTION('',(-1.,0.,0.));
#2034=DIRECTION('',(0.,0.,-1.));
#2035=DIRECTION('',(-1.,0.,0.));
#2036=DIRECTION('',(0.,0.,-1.));
#2037=DIRECTION('',(1.,0.,0.));
#2038=DIRECTION('',(-1.,0.,0.));
#2039=DIRECTION('',(0.,0.,-1.));
#2040=DIRECTION('',(-1.,0.,0.));
#2041=DIRECTION('',(1.,0.,0.));
#2042=DIRECTION('',(0.,1.,0.));
#2043=DIRECTION('',(0.,0.,-1.));
#2044=DIRECTION('',(-1.,0.,0.));
#2045=DIRECTION('',(0.,0.,-1.));
#2046=DIRECTION('',(-1.,0.,0.));
#2047=DIRECTION('',(0.,0.,-1.));
#2048=DIRECTION('',(1.,0.,0.));
#2049=DIRECTION('',(0.,-1.,0.));
#2050=DIRECTION('',(-1.,0.,0.));
#2051=DIRECTION('',(0.,0.,-1.));
#2052=DIRECTION('',(-1.,0.,0.));
#2053=DIRECTION('',(-1.,0.,0.));
#2054=DIRECTION('',(0.,0.,-1.));
#2055=DIRECTION('',(1.,0.,0.));
#2056=DIRECTION('',(1.,0.,0.));
#2057=DIRECTION('',(0.,-1.,0.));
#2058=DIRECTION('',(0.,0.,-1.));
#2059=DIRECTION('',(-1.,0.,0.));
#2060=DIRECTION('',(-1.,0.,0.));
#2061=DIRECTION('',(0.,-1.,0.));
#2062=DIRECTION('',(0.,0.,-1.));
#2063=DIRECTION('',(-1.,0.,0.));
#2064=DIRECTION('',(0.,0.,-1.));
#2065=DIRECTION('',(-1.,0.,0.));
#2066=DIRECTION('',(1.,0.,0.));
#2067=DIRECTION('',(0.,0.,-1.));
#2068=DIRECTION('',(0.,0.,-1.));
#2069=DIRECTION('',(0.,-1.,0.));
#2070=DIRECTION('',(0.,0.,-1.));
#2071=DIRECTION('',(0.,-1.,0.));
#2072=DIRECTION('',(-1.,0.,0.));
#2073=DIRECTION('',(0.,0.,1.));
#2074=DIRECTION('',(0.,0.,-1.));
#2075=DIRECTION('',(0.,1.,0.));
#2076=DIRECTION('',(0.,0.,-1.));
#2077=DIRECTION('',(0.,1.,0.));
#2078=DIRECTION('',(0.,1.,0.));
#2079=DIRECTION('',(0.,0.,1.));
#2080=DIRECTION('',(-1.,0.,0.));
#2081=DIRECTION('',(0.,1.,0.));
#2082=DIRECTION('',(0.,0.,1.));
#2083=DIRECTION('',(0.,0.,-1.));
#2084=DIRECTION('',(0.,1.,0.));
#2085=DIRECTION('',(0.,0.,1.));
#2086=DIRECTION('',(-1.,0.,0.));
#2087=DIRECTION('',(0.,1.,0.));
#2088=DIRECTION('',(0.,0.,1.));
#2089=DIRECTION('',(0.,0.,-1.));
#2090=DIRECTION('',(0.,1.,0.));
#2091=DIRECTION('',(0.,0.,1.));
#2092=DIRECTION('',(0.,0.,-1.));
#2093=DIRECTION('',(1.,0.,0.));
#2094=DIRECTION('',(0.,0.,-1.));
#2095=DIRECTION('',(1.,0.,0.));
#2096=DIRECTION('',(0.,0.,1.));
#2097=DIRECTION('',(1.,0.,0.));
#2098=DIRECTION('',(0.,0.,1.));
#2099=DIRECTION('',(0.,0.,-1.));
#2100=DIRECTION('',(-1.,0.,0.));
#2101=DIRECTION('',(0.,1.,0.));
#2102=DIRECTION('',(0.,0.,1.));
#2103=DIRECTION('',(0.,0.,1.));
#2104=DIRECTION('',(0.,0.,1.));
#2105=DIRECTION('',(-1.,0.,0.));
#2106=DIRECTION('',(0.,0.,1.));
#2107=DIRECTION('',(0.,0.,1.));
#2108=DIRECTION('',(1.,0.,0.));
#2109=DIRECTION('',(0.,0.,1.));
#2110=DIRECTION('',(0.,0.,-1.));
#2111=DIRECTION('',(-1.,0.,0.));
#2112=DIRECTION('',(-1.,0.,0.));
#2113=DIRECTION('',(0.,0.,1.));
#2114=DIRECTION('',(0.,0.,1.));
#2115=DIRECTION('',(0.,0.,1.));
#2116=DIRECTION('',(0.,0.,1.));
#2117=DIRECTION('',(0.,-1.,0.));
#2118=DIRECTION('',(0.,0.,1.));
#2119=DIRECTION('',(1.,0.,0.));
#2120=DIRECTION('',(0.,0.,1.));
#2121=DIRECTION('',(0.,0.,-1.));
#2122=DIRECTION('',(-1.,0.,0.));
#2123=DIRECTION('',(0.,-1.,0.));
#2124=DIRECTION('',(0.,0.,-1.));
#2125=DIRECTION('',(0.,0.,1.));
#2126=DIRECTION('',(0.,0.,1.));
#2127=DIRECTION('',(1.,0.,0.));
#2128=DIRECTION('',(0.,0.,1.));
#2129=DIRECTION('',(0.,-1.,0.));
#2130=DIRECTION('',(0.,0.,-1.));
#2131=DIRECTION('',(1.,0.,0.));
#2132=DIRECTION('',(0.,-1.,0.));
#2133=DIRECTION('',(0.,0.,-1.));
#2134=DIRECTION('',(0.,0.,1.));
#2135=DIRECTION('',(0.,-1.,0.));
#2136=DIRECTION('',(0.,0.,-1.));
#2137=DIRECTION('',(1.,0.,0.));
#2138=DIRECTION('',(0.,-1.,0.));
#2139=DIRECTION('',(0.,0.,-1.));
#2140=DIRECTION('',(0.,0.,1.));
#2141=DIRECTION('',(0.,0.,1.));
#2142=DIRECTION('',(1.,0.,0.));
#2143=DIRECTION('',(0.,0.,-1.));
#2144=DIRECTION('',(-1.,0.,0.));
#2145=DIRECTION('',(-1.,0.,0.));
#2146=DIRECTION('',(0.,0.,1.));
#2147=DIRECTION('',(0.,1.,0.));
#2148=DIRECTION('',(0.,0.,1.));
#2149=DIRECTION('',(0.,-1.,0.));
#2150=DIRECTION('',(0.,0.,-1.));
#2151=DIRECTION('',(0.,0.,-1.));
#2152=DIRECTION('',(-1.,0.,0.));
#2153=DIRECTION('',(0.,0.,-1.));
#2154=DIRECTION('',(-1.,0.,0.));
#2155=DIRECTION('',(0.,0.,-1.));
#2156=DIRECTION('',(-1.,0.,0.));
#2157=DIRECTION('',(0.,0.,1.));
#2158=DIRECTION('',(1.,0.,0.));
#2159=DIRECTION('',(0.,0.,-1.));
#2160=DIRECTION('',(-1.,0.,0.));
#2161=DIRECTION('',(0.,0.,-1.));
#2162=DIRECTION('',(-1.,0.,0.));
#2163=DIRECTION('',(0.,0.,1.));
#2164=DIRECTION('',(1.,0.,0.));
#2165=DIRECTION('',(0.,0.,-1.));
#2166=DIRECTION('',(-1.,0.,0.));
#2167=DIRECTION('',(0.,0.,-1.));
#2168=DIRECTION('',(-1.,0.,0.));
#2169=DIRECTION('',(0.,0.,1.));
#2170=DIRECTION('',(1.,0.,0.));
#2171=DIRECTION('',(0.,0.,-1.));
#2172=DIRECTION('',(-1.,0.,0.));
#2173=DIRECTION('',(0.,0.,-1.));
#2174=DIRECTION('',(-1.,0.,0.));
#2175=DIRECTION('',(0.,0.,1.));
#2176=DIRECTION('',(1.,0.,0.));
#2177=DIRECTION('',(0.,0.,-1.));
#2178=DIRECTION('',(-1.,0.,0.));
#2179=DIRECTION('',(-0.707106781186547,0.,-0.707106781186548));
#2180=DIRECTION('',(0.,1.,0.));
#2181=DIRECTION('',(-0.707106781186548,0.,0.707106781186547));
#2182=DIRECTION('',(0.707106781186548,-8.17756488897799E-16,-0.707106781186547));
#2183=DIRECTION('',(0.,0.,-1.));
#2184=DIRECTION('',(-1.,0.,0.));
#2185=DIRECTION('',(0.,0.707106781186547,-0.707106781186548));
#2186=DIRECTION('',(0.,0.,-1.));
#2187=DIRECTION('',(-1.,0.,0.));
#2188=DIRECTION('',(0.,0.707106781186548,0.707106781186547));
#2189=DIRECTION('',(0.,-0.707106781186547,-0.707106781186548));
#2190=DIRECTION('',(-1.,0.,0.));
#2191=DIRECTION('',(0.,0.707106781186548,-0.707106781186547));
#2192=DIRECTION('',(0.,0.707106781186547,-0.707106781186548));
#2193=DIRECTION('',(1.,0.,0.));
#2194=DIRECTION('',(0.,0.707106781186548,0.707106781186547));
#2195=DIRECTION('',(0.,0.,-1.));
#2196=DIRECTION('',(-1.,0.,0.));
#2197=DIRECTION('',(-0.707106781186548,0.,-0.707106781186547));
#2198=DIRECTION('',(0.,0.,-1.));
#2199=DIRECTION('',(-1.,0.,0.));
#2200=DIRECTION('',(0.707106781186548,0.,0.707106781186547));
#2201=DIRECTION('',(0.707106781186547,0.,-0.707106781186548));
#2202=DIRECTION('',(0.,-1.,0.));
#2203=DIRECTION('',(0.,0.,-1.));
#2204=DIRECTION('',(-1.,0.,0.));
#2205=DIRECTION('',(0.,0.,1.));
#2206=DIRECTION('',(1.,0.,0.));
#2207=DIRECTION('',(0.,0.,1.));
#2208=DIRECTION('',(1.,0.,0.));
#2209=DIRECTION('',(0.,0.,1.));
#2210=DIRECTION('',(1.,0.,0.));
#2211=DIRECTION('',(0.,0.,1.));
#2212=DIRECTION('',(1.,0.,0.));
#2213=DIRECTION('',(0.,0.,1.));
#2214=DIRECTION('',(1.,0.,0.));
#2215=DIRECTION('',(0.,0.,-1.));
#2216=DIRECTION('',(-1.,0.,0.));
#2217=DIRECTION('',(0.,0.,1.));
#2218=DIRECTION('',(1.,0.,0.));
#2219=DIRECTION('',(0.,-0.707106781186545,-0.707106781186551));
#2220=DIRECTION('',(-1.,0.,0.));
#2221=DIRECTION('',(0.,0.707106781186551,-0.707106781186545));
#2222=DIRECTION('',(0.,-0.707106781186551,0.707106781186545));
#2223=DIRECTION('',(0.,0.,1.));
#2224=DIRECTION('',(1.,0.,0.));
#2225=DIRECTION('',(0.707106781186548,0.,0.707106781186547));
#2226=DIRECTION('',(0.,0.,1.));
#2227=DIRECTION('',(1.,0.,0.));
#2228=DIRECTION('',(0.707106781186548,0.,-0.707106781186547));
#2229=DIRECTION('',(-0.707106781186546,1.37319470971986E-16,0.707106781186549));
#2230=DIRECTION('',(-1.94199058226481E-16,-1.,0.));
#2231=DIRECTION('',(0.707106781186549,0.,0.707106781186546));
#2232=DIRECTION('',(-0.707106781186545,0.,-0.707106781186551));
#2233=DIRECTION('',(0.,1.,0.));
#2234=DIRECTION('',(0.707106781186551,0.,-0.707106781186545));
#2235=DIRECTION('',(0.,0.,1.));
#2236=DIRECTION('',(1.,0.,0.));
#2237=DIRECTION('',(0.,0.707106781186549,0.707106781186547));
#2238=DIRECTION('',(0.,0.,1.));
#2239=DIRECTION('',(1.,0.,0.));
#2240=DIRECTION('',(0.,-0.707106781186549,-0.707106781186546));
#2241=DIRECTION('',(0.,-0.707106781186546,0.70710678118655));
#2242=DIRECTION('',(1.,0.,0.));
#2243=DIRECTION('',(1.,0.,0.));
#2244=DIRECTION('',(0.,0.,-1.));
#2245=DIRECTION('',(1.,0.,0.));
#2246=DIRECTION('',(0.,0.,-1.));
#2247=DIRECTION('',(-1.,0.,0.));
#2248=DIRECTION('',(0.,0.,1.));
#2249=DIRECTION('',(1.,0.,0.));
#2250=DIRECTION('',(0.,-1.,0.));
#2251=DIRECTION('',(0.,0.,-1.));
#2252=DIRECTION('',(0.,0.,-1.));
#2253=DIRECTION('',(-1.,0.,0.));
#2254=DIRECTION('',(0.,-1.,0.));
#2255=DIRECTION('',(0.,0.,-1.));
#2256=DIRECTION('',(0.,-1.,0.));
#2257=DIRECTION('',(0.,0.,-1.));
#2258=DIRECTION('',(0.,-1.,0.));
#2259=DIRECTION('',(0.,0.,-1.));
#2260=DIRECTION('',(0.,0.,-1.));
#2261=DIRECTION('',(-1.,0.,0.));
#2262=DIRECTION('',(0.,0.,1.));
#2263=DIRECTION('',(1.,0.,0.));
#2264=DIRECTION('',(0.,1.73472347597681E-15,-1.));
#2265=DIRECTION('',(0.,1.,1.73472347597681E-15));
#2266=DIRECTION('',(0.,0.,1.));
#2267=DIRECTION('',(0.,0.,-1.));
#2268=DIRECTION('',(-1.,0.,0.));
#2269=DIRECTION('',(0.,0.,1.));
#2270=DIRECTION('',(0.,0.,-1.));
#2271=DIRECTION('',(-1.,0.,0.));
#2272=DIRECTION('',(0.,-1.,0.));
#2273=DIRECTION('',(0.,0.,-1.));
#2274=DIRECTION('',(1.,0.,0.));
#2275=DIRECTION('',(0.,0.,-1.));
#2276=DIRECTION('',(0.,-1.,0.));
#2277=DIRECTION('',(0.,0.,-1.));
#2278=DIRECTION('',(0.,-1.,0.));
#2279=DIRECTION('',(0.,0.,-1.));
#2280=DIRECTION('',(0.,-1.,0.));
#2281=DIRECTION('',(0.,0.,-1.));
#2282=DIRECTION('',(-1.,0.,0.));
#2283=DIRECTION('',(0.,0.,1.));
#2284=DIRECTION('',(-1.,0.,0.));
#2285=DIRECTION('',(0.,0.,1.));
#2286=DIRECTION('',(1.,0.,0.));
#2287=DIRECTION('',(0.,0.,-1.));
#2288=DIRECTION('',(1.,0.,0.));
#2289=DIRECTION('',(0.,0.,-1.));
#2290=DIRECTION('',(-1.,0.,0.));
#2291=DIRECTION('',(0.,0.,-1.));
#2292=DIRECTION('',(-1.,0.,0.));
#2293=DIRECTION('',(0.,0.,-1.));
#2294=DIRECTION('',(-1.,0.,0.));
#2295=DIRECTION('',(0.,0.,-1.));
#2296=DIRECTION('',(-1.,0.,0.));
#2297=DIRECTION('',(0.,0.,-1.));
#2298=DIRECTION('',(-1.,0.,0.));
#2299=DIRECTION('',(0.,0.,-1.));
#2300=DIRECTION('',(-1.,0.,0.));
#2301=DIRECTION('',(0.,0.,1.));
#2302=DIRECTION('',(1.,0.,0.));
#2303=DIRECTION('',(0.,0.,1.));
#2304=DIRECTION('',(1.,0.,0.));
#2305=DIRECTION('',(0.,0.,1.));
#2306=DIRECTION('',(1.,0.,0.));
#2307=DIRECTION('',(0.,0.,-1.));
#2308=DIRECTION('',(1.,0.,0.));
#2309=DIRECTION('',(-1.,0.,0.));
#2310=DIRECTION('',(-1.,0.,0.));
#2311=DIRECTION('',(1.,0.,0.));
#2312=DIRECTION('',(0.,0.,-1.));
#2313=DIRECTION('',(0.,0.,1.));
#2314=DIRECTION('',(0.,0.,1.));
#2315=DIRECTION('',(1.,0.,0.));
#2316=DIRECTION('',(0.,0.,1.));
#2317=DIRECTION('',(0.,-1.,0.));
#2318=DIRECTION('',(0.,0.,-1.));
#2319=DIRECTION('',(0.,-1.,0.));
#2320=DIRECTION('',(0.,0.,-1.));
#2321=DIRECTION('',(0.,0.,1.));
#2322=DIRECTION('',(0.,0.,1.));
#2323=DIRECTION('',(1.,0.,0.));
#2324=DIRECTION('',(0.,0.,1.));
#2325=DIRECTION('',(-1.,0.,0.));
#2326=DIRECTION('',(0.,0.,1.));
#2327=DIRECTION('',(1.,0.,0.));
#2328=DIRECTION('',(0.,0.,-1.));
#2329=DIRECTION('',(0.,0.,1.));
#2330=DIRECTION('',(0.,0.,1.));
#2331=DIRECTION('',(1.,0.,0.));
#2332=DIRECTION('',(0.,0.,1.));
#2333=DIRECTION('',(0.,1.,0.));
#2334=DIRECTION('',(0.,0.,1.));
#2335=DIRECTION('',(0.,0.,1.));
#2336=DIRECTION('',(1.,0.,0.));
#2337=DIRECTION('',(0.,1.,0.));
#2338=DIRECTION('',(0.,0.,1.));
#2339=DIRECTION('',(0.,1.,0.));
#2340=DIRECTION('',(0.,0.,1.));
#2341=DIRECTION('',(0.,1.,0.));
#2342=DIRECTION('',(0.,0.,1.));
#2343=DIRECTION('',(0.,0.,-1.));
#2344=DIRECTION('',(-1.,0.,0.));
#2345=DIRECTION('',(1.,0.,0.));
#2346=DIRECTION('',(0.,0.,-1.));
#2347=DIRECTION('',(-1.,0.,0.));
#2348=DIRECTION('',(0.,0.,1.));
#2349=DIRECTION('',(1.,8.67361737988403E-16,0.));
#2350=DIRECTION('',(-8.67361737988403E-16,1.,0.));
#2351=DIRECTION('',(0.,0.,-1.));
#2352=DIRECTION('',(-1.,0.,0.));
#2353=DIRECTION('',(0.,0.,-1.));
#2354=DIRECTION('',(-1.,0.,0.));
#2355=DIRECTION('',(0.,1.,0.));
#2356=DIRECTION('',(0.,0.,1.));
#2357=DIRECTION('',(0.,0.,-1.));
#2358=DIRECTION('',(-1.,0.,0.));
#2359=DIRECTION('',(0.,1.,0.));
#2360=DIRECTION('',(0.,0.,1.));
#2361=DIRECTION('',(1.,0.,-1.73472347597681E-15));
#2362=DIRECTION('',(-1.73472347597681E-15,0.,-1.));
#2363=DIRECTION('',(0.,0.,1.));
#2364=DIRECTION('',(1.,0.,0.));
#2365=DIRECTION('',(0.,0.,-1.));
#2366=DIRECTION('',(-1.,0.,0.));
#2367=DIRECTION('',(1.,0.,0.));
#2368=DIRECTION('',(0.,0.,-1.));
#2369=DIRECTION('',(1.,0.,8.67361737988403E-16));
#2370=DIRECTION('',(8.67361737988403E-16,0.,-1.));
#2371=DIRECTION('',(0.,1.,0.));
#2372=DIRECTION('',(0.,0.,1.));
#2373=CARTESIAN_POINT('',(0.,0.,0.));
#2374=CARTESIAN_POINT('',(-0.05094510456305,-0.00461788224612156,-0.009702));
#2375=CARTESIAN_POINT('',(-0.05094510456305,-0.00461788224612156,-0.0097));
#2376=CARTESIAN_POINT('',(-0.05094510456305,-0.00286788224615156,-0.0097));
#2377=CARTESIAN_POINT('',(-0.05094510456305,0.00313211775384844,-0.0097));
#2378=CARTESIAN_POINT('',(-0.05094510456305,-0.00286788224615156,-0.009702));
#2379=CARTESIAN_POINT('',(-0.05094510456305,-0.00286788224615156,0.));
#2380=CARTESIAN_POINT('',(-0.05094510456305,-0.00461788224612156,0.));
#2381=CARTESIAN_POINT('',(-0.05094510456305,-0.0344678822461515,0.));
#2382=CARTESIAN_POINT('',(-0.05094510456305,-0.0344678822461515,-0.009702));
#2383=CARTESIAN_POINT('',(-0.05094510456305,-0.0344678822461515,-0.0097));
#2384=CARTESIAN_POINT('',(-0.05094510456305,-0.00461788224612156,-0.0097));
#2385=CARTESIAN_POINT('',(-0.05094510456305,-0.0369678832710515,-0.0097));
#2386=CARTESIAN_POINT('',(-0.05094510456305,-0.0369678832710515,-0.009702));
#2387=CARTESIAN_POINT('',(-0.05094510456305,-0.0369678832710515,-0.0115));
#2388=CARTESIAN_POINT('',(-0.05094510456305,-0.00461788224612156,-0.0115));
#2389=CARTESIAN_POINT('',(-0.05094510456305,0.0277321187788084,-0.0115));
#2390=CARTESIAN_POINT('',(-0.05094510456305,0.0277321187788084,-0.009702));
#2391=CARTESIAN_POINT('',(-0.05094510456305,0.0277321187788084,-0.0097));
#2392=CARTESIAN_POINT('',(-0.05094510456305,-0.00461788224612156,-0.0097));
#2393=CARTESIAN_POINT('',(-0.05094510456305,0.0247321177538485,-0.0097));
#2394=CARTESIAN_POINT('',(-0.05094510456305,0.0247321177538485,-0.009702));
#2395=CARTESIAN_POINT('',(-0.05094510456305,0.0247321177538485,0.));
#2396=CARTESIAN_POINT('',(-0.05094510456305,-0.00461788224612156,0.));
#2397=CARTESIAN_POINT('',(-0.05094510456305,0.00313211775384844,0.));
#2398=CARTESIAN_POINT('',(-0.05094510456305,0.00313211775384844,-0.009702));
#2399=CARTESIAN_POINT('',(-0.04714510456305,0.000132117753848443,-0.009702));
#2400=CARTESIAN_POINT('',(-0.04714510456305,-0.00286788224615156,-0.009702));
#2401=CARTESIAN_POINT('',(-0.04714510456305,-0.00286788224615156,-0.0097));
#2402=CARTESIAN_POINT('',(-0.04714510456305,-0.00286788224615156,0.));
#2403=CARTESIAN_POINT('',(-0.04714510456305,0.000132117753848443,-0.0097));
#2404=CARTESIAN_POINT('',(-0.04714510456305,0.00313211775384844,-0.0097));
#2405=CARTESIAN_POINT('',(-0.04714510456305,0.00313211775384844,-0.009702));
#2406=CARTESIAN_POINT('',(-0.04714510456305,0.00313211775384844,0.));
#2407=CARTESIAN_POINT('',(-0.04714510456305,0.000132117753848443,0.));
#2408=CARTESIAN_POINT('',(-0.04714510456305,0.000132117753848443,-0.009702));
#2409=CARTESIAN_POINT('',(-0.04714510456305,0.000132117753848443,-0.0097));
#2410=CARTESIAN_POINT('',(-0.04889510456305,0.000132117753848443,-0.0097));
#2411=CARTESIAN_POINT('',(-0.04714510456305,0.000132117753848443,-0.006));
#2412=CARTESIAN_POINT('',(-0.04889510456305,0.000132117753848443,-0.006));
#2413=CARTESIAN_POINT('',(0.,0.,0.));
#2414=CARTESIAN_POINT('',(-0.04904510456305,0.00313211775384844,0.));
#2415=CARTESIAN_POINT('',(-0.04909510456305,0.0247321177538485,0.));
#2416=CARTESIAN_POINT('',(-0.04724510456305,0.0247321177538485,0.));
#2417=CARTESIAN_POINT('',(-0.04724510456305,0.0277321177538484,0.));
#2418=CARTESIAN_POINT('',(-0.0442451045630499,0.0277321177538484,0.));
#2419=CARTESIAN_POINT('',(-0.0442451045630499,0.0295821177538485,0.));
#2420=CARTESIAN_POINT('',(-0.0442451045630499,0.0314321177538484,0.));
#2421=CARTESIAN_POINT('',(0.00105489543694653,0.0314321177538484,0.));
#2422=CARTESIAN_POINT('',(0.04635489543695,0.0314321177538484,0.));
#2423=CARTESIAN_POINT('',(0.04635489543695,0.0295821177538485,0.));
#2424=CARTESIAN_POINT('',(0.04635489543695,0.0277321177538484,0.));
#2425=CARTESIAN_POINT('',(0.04935489543695,0.0277321177538484,0.));
#2426=CARTESIAN_POINT('',(0.04935489543695,0.0247321177538485,0.));
#2427=CARTESIAN_POINT('',(0.0512048954369501,0.0247321177538485,0.));
#2428=CARTESIAN_POINT('',(0.0530548954369501,0.0247321177538485,0.));
#2429=CARTESIAN_POINT('',(0.0530548954369501,-0.00461788224612157,0.));
#2430=CARTESIAN_POINT('',(0.0530548954369501,-0.0339678822461515,0.));
#2431=CARTESIAN_POINT('',(0.0512048954369501,-0.0339678822461515,0.));
#2432=CARTESIAN_POINT('',(0.04935489543695,-0.0339678822461515,0.));
#2433=CARTESIAN_POINT('',(0.04935489543695,-0.0369678822461516,0.));
#2434=CARTESIAN_POINT('',(0.04635489543695,-0.0369678822461516,0.));
#2435=CARTESIAN_POINT('',(0.04635489543695,-0.0388178822461515,0.));
#2436=CARTESIAN_POINT('',(0.04635489543695,-0.0406678822461515,0.));
#2437=CARTESIAN_POINT('',(0.00105489543694653,-0.0406678822461515,0.));
#2438=CARTESIAN_POINT('',(-0.0447451045630499,-0.0406678822461515,0.));
#2439=CARTESIAN_POINT('',(-0.0447451045630499,-0.0388178822461515,0.));
#2440=CARTESIAN_POINT('',(-0.0447451045630499,-0.0369678822461516,0.));
#2441=CARTESIAN_POINT('',(-0.04724510456305,-0.0369678822461516,0.));
#2442=CARTESIAN_POINT('',(-0.04724510456305,-0.0344678822461515,0.));
#2443=CARTESIAN_POINT('',(-0.04909510456305,-0.0344678822461515,0.));
#2444=CARTESIAN_POINT('',(-0.04904510456305,-0.00286788224615156,0.));
#2445=CARTESIAN_POINT('',(0.04255489543695,-0.0264678822461516,0.));
#2446=CARTESIAN_POINT('',(0.03945489543695,-0.0264678822461516,0.));
#2447=CARTESIAN_POINT('',(-0.00310310456304996,0.0224196177538535,0.));
#2448=CARTESIAN_POINT('',(-0.00350310456304997,0.0224196177538535,0.));
#2449=CARTESIAN_POINT('',(-0.01478710456305,0.0224196177538535,0.));
#2450=CARTESIAN_POINT('',(-0.01518710456305,0.0224196177538535,0.));
#2451=CARTESIAN_POINT('',(0.03304989543695,-0.0265678822461516,0.));
#2452=CARTESIAN_POINT('',(0.03049989543695,-0.0265678822461516,0.));
#2453=CARTESIAN_POINT('',(0.026564122392314,-0.0218241638033342,0.));
#2454=CARTESIAN_POINT('',(0.026564122392314,-0.00495874785519182,0.));
#2455=CARTESIAN_POINT('',(0.026564122392314,-0.0386895797514765,0.));
#2456=CARTESIAN_POINT('',(0.025564122392314,-0.00495874785519182,0.));
#2457=CARTESIAN_POINT('',(0.025564122392314,-0.00395874785519182,0.));
#2458=CARTESIAN_POINT('',(-0.00891587760768597,-0.00395874785519182,0.));
#2459=CARTESIAN_POINT('',(-0.043395877607686,-0.00395874785519182,0.));
#2460=CARTESIAN_POINT('',(-0.043395877607686,-0.00495874785519182,0.));
#2461=CARTESIAN_POINT('',(-0.044395877607686,-0.00495874785519182,0.));
#2462=CARTESIAN_POINT('',(-0.044395877607686,-0.0218241638033342,0.));
#2463=CARTESIAN_POINT('',(-0.044395877607686,-0.0386895797514765,0.));
#2464=CARTESIAN_POINT('',(-0.043395877607686,-0.0386895797514765,0.));
#2465=CARTESIAN_POINT('',(-0.043395877607686,-0.0396895797514766,0.));
#2466=CARTESIAN_POINT('',(-0.00891587760768597,-0.0396895797514766,0.));
#2467=CARTESIAN_POINT('',(0.025564122392314,-0.0396895797514766,0.));
#2468=CARTESIAN_POINT('',(0.025564122392314,-0.0386895797514765,0.));
#2469=CARTESIAN_POINT('',(0.01355489543695,0.00773211775384844,0.));
#2470=CARTESIAN_POINT('',(0.02205489543695,0.00773211775384844,0.));
#2471=CARTESIAN_POINT('',(-0.03224510456305,0.00773211775384844,0.));
#2472=CARTESIAN_POINT('',(-0.02374510456305,0.00773211775384844,0.));
#2473=CARTESIAN_POINT('',(-0.04724510456305,-0.0369678822461516,-0.0097));
#2474=CARTESIAN_POINT('',(-0.0447451045630499,-0.0369678822461516,-0.009702));
#2475=CARTESIAN_POINT('',(-0.0447451045630499,-0.0369678822461516,-0.0097));
#2476=CARTESIAN_POINT('',(-0.04724510456305,-0.0369678822461516,-0.0097));
#2477=CARTESIAN_POINT('',(-0.04724510456305,-0.0344678822461515,-0.0097));
#2478=CARTESIAN_POINT('',(-0.04724510456305,-0.0344678822461515,-0.009702));
#2479=CARTESIAN_POINT('',(0.,0.,0.002));
#2480=CARTESIAN_POINT('',(-0.043395877607686,-0.00495874785519182,0.002));
#2481=CARTESIAN_POINT('',(-0.045395877607686,-0.00495874785519182,0.002));
#2482=CARTESIAN_POINT('',(-0.043395877607686,-0.00295874785519182,0.002));
#2483=CARTESIAN_POINT('',(0.025564122392314,-0.00295874785519182,0.002));
#2484=CARTESIAN_POINT('',(0.025564122392314,-0.00295874785519182,0.002));
#2485=CARTESIAN_POINT('',(0.025564122392314,-0.00495874785519182,0.002));
#2486=CARTESIAN_POINT('',(0.027564122392314,-0.00495874785519182,0.002));
#2487=CARTESIAN_POINT('',(0.027564122392314,-0.0386895797514765,0.002));
#2488=CARTESIAN_POINT('',(0.027564122392314,-0.0386895797514765,0.002));
#2489=CARTESIAN_POINT('',(0.025564122392314,-0.0386895797514765,0.002));
#2490=CARTESIAN_POINT('',(0.025564122392314,-0.0406895797514766,0.002));
#2491=CARTESIAN_POINT('',(0.,-0.0406895797514766,0.002));
#2492=CARTESIAN_POINT('',(-0.043395877607686,-0.0406895797514766,0.002));
#2493=CARTESIAN_POINT('',(-0.043395877607686,-0.0386895797514765,0.002));
#2494=CARTESIAN_POINT('',(-0.045395877607686,-0.0386895797514765,0.002));
#2495=CARTESIAN_POINT('',(-0.045395877607686,0.,0.002));
#2496=CARTESIAN_POINT('',(-0.04844510456305,0.0289321177538484,0.002));
#2497=CARTESIAN_POINT('',(-0.04844510456305,0.0299321177538485,0.002));
#2498=CARTESIAN_POINT('',(-0.04944510456305,0.0289321177538484,0.002));
#2499=CARTESIAN_POINT('',(-0.04944510456305,0.,0.002));
#2500=CARTESIAN_POINT('',(-0.04944510456305,-0.0410678822461516,0.002));
#2501=CARTESIAN_POINT('',(-0.04844510456305,-0.0410678822461516,0.002));
#2502=CARTESIAN_POINT('',(-0.04844510456305,-0.0420678822461515,0.002));
#2503=CARTESIAN_POINT('',(0.,-0.0420678822461515,0.002));
#2504=CARTESIAN_POINT('',(0.0505548954369501,-0.0420678822461515,0.002));
#2505=CARTESIAN_POINT('',(0.0505548954369501,-0.0410678822461516,0.002));
#2506=CARTESIAN_POINT('',(0.0515548954369501,-0.0410678822461516,0.002));
#2507=CARTESIAN_POINT('',(0.0515548954369501,0.,0.002));
#2508=CARTESIAN_POINT('',(0.0515548954369501,0.0289321177538484,0.002));
#2509=CARTESIAN_POINT('',(0.0505548954369501,0.0289321177538484,0.002));
#2510=CARTESIAN_POINT('',(0.0505548954369501,0.0299321177538485,0.002));
#2511=CARTESIAN_POINT('',(0.,0.0299321177538485,0.002));
#2512=CARTESIAN_POINT('',(0.03304989543695,-0.0265678822461516,0.002));
#2513=CARTESIAN_POINT('',(0.03659989543695,-0.0265678822461516,0.002));
#2514=CARTESIAN_POINT('',(-0.03224510456305,0.00773211775384844,0.002));
#2515=CARTESIAN_POINT('',(-0.02274510456305,0.00773211775384844,0.002));
#2516=CARTESIAN_POINT('',(0.01355489543695,0.00773211775384844,0.002));
#2517=CARTESIAN_POINT('',(0.02305489543695,0.00773211775384844,0.002));
#2518=CARTESIAN_POINT('',(-0.01478710456305,0.0224196177538535,0.002));
#2519=CARTESIAN_POINT('',(-0.01438710456305,0.0224196177538535,0.002));
#2520=CARTESIAN_POINT('',(-0.00310310456304996,0.0224196177538535,0.002));
#2521=CARTESIAN_POINT('',(-0.00270310456304996,0.0224196177538535,0.002));
#2522=CARTESIAN_POINT('',(0.04255489543695,-0.0264678822461516,0.002));
#2523=CARTESIAN_POINT('',(0.04565489543695,-0.0264678822461516,0.002));
#2524=CARTESIAN_POINT('',(0.04255489543695,-0.0264678822461516,0.025));
#2525=CARTESIAN_POINT('',(-0.00310310456304996,0.0224196177538535,0.025));
#2526=CARTESIAN_POINT('',(-0.01478710456305,0.0224196177538535,0.025));
#2527=CARTESIAN_POINT('',(0.03304989543695,-0.0265678822461516,0.025));
#2528=CARTESIAN_POINT('',(0.03304989543695,-0.0265678822461516,0.001));
#2529=CARTESIAN_POINT('',(0.0355998954369501,-0.0265678822461516,0.001));
#2530=CARTESIAN_POINT('',(-0.00891587760768597,-0.00395874785519182,0.025));
#2531=CARTESIAN_POINT('',(0.025564122392314,-0.00395874785519182,0.002));
#2532=CARTESIAN_POINT('',(0.025564122392314,-0.00395874785519182,0.001));
#2533=CARTESIAN_POINT('',(-0.043395877607686,-0.00395874785519182,0.001));
#2534=CARTESIAN_POINT('',(-0.043395877607686,-0.00395874785519182,0.001));
#2535=CARTESIAN_POINT('',(-0.043395877607686,-0.00395874785519182,0.025));
#2536=CARTESIAN_POINT('',(0.026564122392314,-0.0218241638033342,0.025));
#2537=CARTESIAN_POINT('',(0.026564122392314,-0.0386895797514765,0.025));
#2538=CARTESIAN_POINT('',(0.026564122392314,-0.0386895797514765,0.001));
#2539=CARTESIAN_POINT('',(0.026564122392314,-0.00495874785519182,0.001));
#2540=CARTESIAN_POINT('',(0.026564122392314,-0.00495874785519182,0.001));
#2541=CARTESIAN_POINT('',(0.026564122392314,-0.00495874785519182,0.));
#2542=CARTESIAN_POINT('',(-0.00891587760768597,-0.0396895797514766,0.025));
#2543=CARTESIAN_POINT('',(-0.043395877607686,-0.0396895797514766,0.002));
#2544=CARTESIAN_POINT('',(-0.043395877607686,-0.0396895797514766,0.001));
#2545=CARTESIAN_POINT('',(-0.00891587760768597,-0.0396895797514766,0.001));
#2546=CARTESIAN_POINT('',(0.025564122392314,-0.0396895797514766,0.001));
#2547=CARTESIAN_POINT('',(0.025564122392314,-0.0396895797514766,0.025));
#2548=CARTESIAN_POINT('',(-0.044395877607686,-0.0218241638033342,0.025));
#2549=CARTESIAN_POINT('',(-0.044395877607686,-0.00495874785519182,0.025));
#2550=CARTESIAN_POINT('',(-0.044395877607686,-0.00495874785519182,0.001));
#2551=CARTESIAN_POINT('',(-0.044395877607686,-0.0218241638033342,0.001));
#2552=CARTESIAN_POINT('',(-0.044395877607686,-0.0386895797514765,0.001));
#2553=CARTESIAN_POINT('',(-0.044395877607686,-0.0386895797514765,0.));
#2554=CARTESIAN_POINT('',(0.01355489543695,0.00773211775384844,-0.023));
#2555=CARTESIAN_POINT('',(0.01355489543695,0.00773211775384844,0.001));
#2556=CARTESIAN_POINT('',(0.02205489543695,0.00773211775384844,0.001));
#2557=CARTESIAN_POINT('',(-0.03224510456305,0.00773211775384844,-0.023));
#2558=CARTESIAN_POINT('',(-0.03224510456305,0.00773211775384844,0.001));
#2559=CARTESIAN_POINT('',(-0.02374510456305,0.00773211775384844,0.001));
#2560=CARTESIAN_POINT('',(-0.03224510456305,0.00773211775384844,0.001));
#2561=CARTESIAN_POINT('',(0.01355489543695,0.00773211775384844,0.001));
#2562=CARTESIAN_POINT('',(0.03304989543695,-0.0265678822461516,0.001));
#2563=CARTESIAN_POINT('',(0.00105489543695013,-0.00606788224615156,-0.0097));
#2564=CARTESIAN_POINT('',(0.04635489543695,0.0295821177538485,-0.0097));
#2565=CARTESIAN_POINT('',(0.04635489543695,0.0277321177538484,-0.0097));
#2566=CARTESIAN_POINT('',(0.04635489543695,0.0314321177538484,-0.0097));
#2567=CARTESIAN_POINT('',(0.00105489543694653,0.0314321177538484,-0.0097));
#2568=CARTESIAN_POINT('',(0.0493548964619,0.0314321177538514,-0.0097));
#2569=CARTESIAN_POINT('',(0.0493548964619,0.0277321187788084,-0.0097));
#2570=CARTESIAN_POINT('',(0.0530548954369501,0.0277321187788084,-0.0097));
#2571=CARTESIAN_POINT('',(0.0530548954369501,-0.00461788224612157,-0.0097));
#2572=CARTESIAN_POINT('',(0.0530548954369501,0.0247321177538485,-0.0097));
#2573=CARTESIAN_POINT('',(0.0512048954369501,0.0247321177538485,-0.0097));
#2574=CARTESIAN_POINT('',(0.04935489543695,0.0247321177538485,-0.0097));
#2575=CARTESIAN_POINT('',(0.04935489543695,0.0277321177538484,-0.0097));
#2576=CARTESIAN_POINT('',(0.04935489543695,0.0277321177538484,-0.0097));
#2577=CARTESIAN_POINT('',(0.04760489543695,0.0277321177538484,-0.0097));
#2578=CARTESIAN_POINT('',(0.00105489543695013,-0.00606788224615156,-0.0097));
#2579=CARTESIAN_POINT('',(-0.04909510456305,0.0247321177538485,-0.0097));
#2580=CARTESIAN_POINT('',(-0.04724510456305,0.0247321177538485,-0.0097));
#2581=CARTESIAN_POINT('',(-0.047245105588007,0.0277321187788084,-0.0097));
#2582=CARTESIAN_POINT('',(-0.047245105588007,0.0314321177538514,-0.0097));
#2583=CARTESIAN_POINT('',(0.00105489543694653,0.0314321177538484,-0.0097));
#2584=CARTESIAN_POINT('',(-0.0442451045630499,0.0314321177538484,-0.0097));
#2585=CARTESIAN_POINT('',(-0.0442451045630499,0.0295821177538485,-0.0097));
#2586=CARTESIAN_POINT('',(-0.0442451045630499,0.0277321177538484,-0.0097));
#2587=CARTESIAN_POINT('',(-0.04724510456305,0.0277321177538484,-0.0097));
#2588=CARTESIAN_POINT('',(-0.04724510456305,0.0277321177538484,-0.0097));
#2589=CARTESIAN_POINT('',(-0.04899510456305,0.0277321177538484,-0.0097));
#2590=CARTESIAN_POINT('',(0.00105489543695013,-0.00606788224615156,-0.0097));
#2591=CARTESIAN_POINT('',(-0.0447451045630499,-0.0388178822461515,-0.0097));
#2592=CARTESIAN_POINT('',(-0.0447451045630499,-0.0406678822461515,-0.0097));
#2593=CARTESIAN_POINT('',(0.00105489543694653,-0.0406678822461515,-0.0097));
#2594=CARTESIAN_POINT('',(-0.047245105588007,-0.0406678822460945,-0.0097));
#2595=CARTESIAN_POINT('',(-0.0472451055880069,-0.0369678832710515,-0.0097));
#2596=CARTESIAN_POINT('',(-0.04909510456305,-0.0344678822461515,-0.0097));
#2597=CARTESIAN_POINT('',(0.00105489543695013,-0.00606788224615156,-0.0097));
#2598=CARTESIAN_POINT('',(0.0512048954369501,-0.0339678822461515,-0.0097));
#2599=CARTESIAN_POINT('',(0.04935489543695,-0.0339678822461515,-0.0097));
#2600=CARTESIAN_POINT('',(0.0530548954369501,-0.0339678822461515,-0.0097));
#2601=CARTESIAN_POINT('',(0.0530548954369501,-0.00461788224612157,-0.0097));
#2602=CARTESIAN_POINT('',(0.053054895436943,-0.0369678832710515,-0.0097));
#2603=CARTESIAN_POINT('',(0.0493548964619,-0.0369678832710515,-0.0097));
#2604=CARTESIAN_POINT('',(0.0493548964619,-0.0406678822461515,-0.0097));
#2605=CARTESIAN_POINT('',(0.00105489543694653,-0.0406678822461515,-0.0097));
#2606=CARTESIAN_POINT('',(0.04635489543695,-0.0406678822461515,-0.0097));
#2607=CARTESIAN_POINT('',(0.04635489543695,-0.0388178822461515,-0.0097));
#2608=CARTESIAN_POINT('',(0.04635489543695,-0.0369678822461516,-0.0097));
#2609=CARTESIAN_POINT('',(0.04935489543695,-0.0369678822461516,-0.0097));
#2610=CARTESIAN_POINT('',(0.04935489543695,-0.0369678822461516,-0.0097));
#2611=CARTESIAN_POINT('',(0.04760489543695,-0.0369678822461516,-0.0097));
#2612=CARTESIAN_POINT('',(0.0545548954369501,-0.00461788224615156,0.025));
#2613=CARTESIAN_POINT('',(0.0545548954369501,0.0289321177538484,0.025));
#2614=CARTESIAN_POINT('',(0.0545548954369501,0.0289321177538484,-0.0115));
#2615=CARTESIAN_POINT('',(0.0545548954369501,0.0289321177538484,-0.001));
#2616=CARTESIAN_POINT('',(0.0545548954369501,-0.00461788224615156,-0.001));
#2617=CARTESIAN_POINT('',(0.0545548954369501,-0.0410678822461516,-0.001));
#2618=CARTESIAN_POINT('',(0.0545548954369501,-0.0410678822461516,0.025));
#2619=CARTESIAN_POINT('',(0.0545548954369501,-0.0410678822461516,-0.0115));
#2620=CARTESIAN_POINT('',(0.0545548954369501,-0.00461788224615156,-0.0115));
#2621=CARTESIAN_POINT('',(-0.05244510456305,-0.00461788224615157,0.025));
#2622=CARTESIAN_POINT('',(-0.05244510456305,-0.0410678822461516,0.025));
#2623=CARTESIAN_POINT('',(-0.05244510456305,-0.0410678822461516,-0.0115));
#2624=CARTESIAN_POINT('',(-0.05244510456305,-0.0410678822461516,-0.001));
#2625=CARTESIAN_POINT('',(-0.05244510456305,-0.00461788224615157,-0.001));
#2626=CARTESIAN_POINT('',(-0.05244510456305,0.0289321177538484,-0.001));
#2627=CARTESIAN_POINT('',(-0.05244510456305,0.0289321177538484,0.025));
#2628=CARTESIAN_POINT('',(-0.05244510456305,0.0289321177538484,-0.0115));
#2629=CARTESIAN_POINT('',(-0.05244510456305,-0.00461788224615157,-0.0115));
#2630=CARTESIAN_POINT('',(0.00105489543695003,0.0329321177538484,0.025));
#2631=CARTESIAN_POINT('',(-0.00575510456304997,0.0329321177538484,-0.008305));
#2632=CARTESIAN_POINT('',(-0.01213510456305,0.0329321177538484,-0.008305));
#2633=CARTESIAN_POINT('',(-0.00575510456304996,0.0329321177538484,-0.008305));
#2634=CARTESIAN_POINT('',(-0.00575510456304997,0.0329321177538484,-0.005725));
#2635=CARTESIAN_POINT('',(-0.00317510456304996,0.0329321177538484,-0.005725));
#2636=CARTESIAN_POINT('',(-0.00317510456304996,0.0329321177538484,-0.005125));
#2637=CARTESIAN_POINT('',(-0.00317510456304996,0.0329321177538484,-0.005125));
#2638=CARTESIAN_POINT('',(-0.00575510456304996,0.0329321177538484,-0.005125));
#2639=CARTESIAN_POINT('',(-0.00575510456304997,0.0329321177538484,-0.002545));
#2640=CARTESIAN_POINT('',(0.00105489543695003,0.0329321177538484,-0.002545));
#2641=CARTESIAN_POINT('',(-0.01213510456305,0.0329321177538484,-0.002545));
#2642=CARTESIAN_POINT('',(-0.01213510456305,0.0329321177538484,-0.005125));
#2643=CARTESIAN_POINT('',(-0.01471510456305,0.0329321177538484,-0.005125));
#2644=CARTESIAN_POINT('',(-0.01471510456305,0.0329321177538484,0.025));
#2645=CARTESIAN_POINT('',(-0.01471510456305,0.0329321177538484,-0.005725));
#2646=CARTESIAN_POINT('',(-0.01213510456305,0.0329321177538484,-0.005725));
#2647=CARTESIAN_POINT('',(-0.04844510456305,0.0329321177538484,0.025));
#2648=CARTESIAN_POINT('',(-0.04844510456305,0.0329321177538484,-0.0115));
#2649=CARTESIAN_POINT('',(-0.04844510456305,0.0329321177538484,-0.001));
#2650=CARTESIAN_POINT('',(0.00105489543695003,0.0329321177538484,-0.001));
#2651=CARTESIAN_POINT('',(0.0505548954369501,0.0329321177538484,-0.001));
#2652=CARTESIAN_POINT('',(0.0505548954369501,0.0329321177538484,0.025));
#2653=CARTESIAN_POINT('',(0.0505548954369501,0.0329321177538484,-0.0115));
#2654=CARTESIAN_POINT('',(0.00105489543695003,0.0329321177538484,-0.0115));
#2655=CARTESIAN_POINT('',(-0.0472451055880069,-0.0369678832710515,-0.009702));
#2656=CARTESIAN_POINT('',(-0.047245105588007,-0.0406678822460945,-0.009702));
#2657=CARTESIAN_POINT('',(-0.047245105588007,-0.0406678822460945,-0.0115));
#2658=CARTESIAN_POINT('',(-0.0472451055880069,-0.0369678832710515,-0.0115));
#2659=CARTESIAN_POINT('',(0.00105489543694653,-0.0406678822461515,-0.009702));
#2660=CARTESIAN_POINT('',(0.04635489543695,-0.0406678822461515,-0.009702));
#2661=CARTESIAN_POINT('',(0.0493548964619,-0.0406678822461515,-0.009702));
#2662=CARTESIAN_POINT('',(0.0493548964619,-0.0406678822461515,-0.0115));
#2663=CARTESIAN_POINT('',(0.00105489543694653,-0.0406678822461515,-0.0115));
#2664=CARTESIAN_POINT('',(-0.0447451045630499,-0.0406678822461515,-0.009702));
#2665=CARTESIAN_POINT('',(0.0493548964619,-0.0369678832710515,-0.009702));
#2666=CARTESIAN_POINT('',(0.053054895436943,-0.0369678832710515,-0.009702));
#2667=CARTESIAN_POINT('',(0.053054895436943,-0.0369678832710515,-0.0115));
#2668=CARTESIAN_POINT('',(0.0493548964619,-0.0369678832710515,-0.0115));
#2669=CARTESIAN_POINT('',(0.0530548954369501,-0.00461788224612157,-0.009702));
#2670=CARTESIAN_POINT('',(0.0530548954369501,-0.0339678822461515,-0.009702));
#2671=CARTESIAN_POINT('',(0.0530548954369501,0.0247321177538485,-0.009702));
#2672=CARTESIAN_POINT('',(0.0530548954369501,0.0277321187788084,-0.009702));
#2673=CARTESIAN_POINT('',(0.0530548954369501,0.0277321187788084,-0.0115));
#2674=CARTESIAN_POINT('',(0.0530548954369501,-0.00461788224612157,-0.0115));
#2675=CARTESIAN_POINT('',(0.0493548964619,0.0277321187788084,-0.009702));
#2676=CARTESIAN_POINT('',(0.0493548964619,0.0314321177538514,-0.009702));
#2677=CARTESIAN_POINT('',(0.0493548964619,0.0314321177538514,-0.0115));
#2678=CARTESIAN_POINT('',(0.0493548964619,0.0277321187788084,-0.0115));
#2679=CARTESIAN_POINT('',(0.00105489543694653,0.0314321177538484,-0.009702));
#2680=CARTESIAN_POINT('',(-0.0442451045630499,0.0314321177538484,-0.009702));
#2681=CARTESIAN_POINT('',(-0.047245105588007,0.0314321177538484,-0.009702));
#2682=CARTESIAN_POINT('',(-0.047245105588007,0.0314321177538484,-0.0115));
#2683=CARTESIAN_POINT('',(0.00105489543694653,0.0314321177538484,-0.0115));
#2684=CARTESIAN_POINT('',(0.04635489543695,0.0314321177538484,-0.009702));
#2685=CARTESIAN_POINT('',(-0.00575510456304997,0.0314321177538484,-0.005725));
#2686=CARTESIAN_POINT('',(-0.00367510456304995,0.0314321177538484,-0.005725));
#2687=CARTESIAN_POINT('',(-0.00575510456304997,0.0314321177538484,-0.007805));
#2688=CARTESIAN_POINT('',(-0.01213510456305,0.0314321177538484,-0.007805));
#2689=CARTESIAN_POINT('',(-0.01213510456305,0.0314321177538484,-0.007805));
#2690=CARTESIAN_POINT('',(-0.01213510456305,0.0314321177538484,-0.005725));
#2691=CARTESIAN_POINT('',(-0.01421510456305,0.0314321177538484,-0.005725));
#2692=CARTESIAN_POINT('',(-0.01421510456305,0.0314321177538484,-0.009702));
#2693=CARTESIAN_POINT('',(-0.01421510456305,0.0314321177538484,-0.005125));
#2694=CARTESIAN_POINT('',(-0.01213510456305,0.0314321177538484,-0.005125));
#2695=CARTESIAN_POINT('',(-0.01213510456305,0.0314321177538484,-0.003045));
#2696=CARTESIAN_POINT('',(0.00105489543694653,0.0314321177538484,-0.003045));
#2697=CARTESIAN_POINT('',(-0.00575510456304997,0.0314321177538484,-0.003045));
#2698=CARTESIAN_POINT('',(-0.00575510456304996,0.0314321177538484,-0.005125));
#2699=CARTESIAN_POINT('',(-0.00367510456304996,0.0314321177538484,-0.005125));
#2700=CARTESIAN_POINT('',(-0.00367510456304996,0.0314321177538484,-0.005725));
#2701=CARTESIAN_POINT('',(-0.047245105588007,0.0277321187788084,-0.009702));
#2702=CARTESIAN_POINT('',(-0.047245105588007,0.0277321187788084,-0.0115));
#2703=CARTESIAN_POINT('',(-0.0447451045630499,-0.0388178822461515,-0.009702));
#2704=CARTESIAN_POINT('',(-0.04909510456305,-0.0344678822461515,-0.009702));
#2705=CARTESIAN_POINT('',(0.00105489543695004,-0.0450678822461516,0.025));
#2706=CARTESIAN_POINT('',(0.0505548954369501,-0.0450678822461516,0.025));
#2707=CARTESIAN_POINT('',(0.0505548954369501,-0.0450678822461516,-0.0115));
#2708=CARTESIAN_POINT('',(0.0505548954369501,-0.0450678822461516,-0.001));
#2709=CARTESIAN_POINT('',(0.00105489543695004,-0.0450678822461516,-0.001));
#2710=CARTESIAN_POINT('',(-0.04844510456305,-0.0450678822461516,-0.001));
#2711=CARTESIAN_POINT('',(-0.04844510456305,-0.0450678822461516,0.025));
#2712=CARTESIAN_POINT('',(-0.04844510456305,-0.0450678822461516,-0.0115));
#2713=CARTESIAN_POINT('',(0.00105489543695004,-0.0450678822461516,-0.0115));
#2714=CARTESIAN_POINT('',(-0.04844510456305,0.0289321177538484,0.025));
#2715=CARTESIAN_POINT('',(-0.04844510456305,0.0289321177538484,-0.001));
#2716=CARTESIAN_POINT('',(-0.04844510456305,0.0289321177538484,-0.0115));
#2717=CARTESIAN_POINT('',(-0.04844510456305,-0.0410678822461516,0.025));
#2718=CARTESIAN_POINT('',(-0.04844510456305,-0.0410678822461516,-0.001));
#2719=CARTESIAN_POINT('',(-0.04844510456305,-0.0410678822461516,-0.0115));
#2720=CARTESIAN_POINT('',(0.0505548954369501,0.0289321177538484,0.025));
#2721=CARTESIAN_POINT('',(0.0505548954369501,0.0289321177538484,-0.001));
#2722=CARTESIAN_POINT('',(0.0505548954369501,0.0289321177538484,-0.0115));
#2723=CARTESIAN_POINT('',(0.0505548954369501,-0.0410678822461516,0.025));
#2724=CARTESIAN_POINT('',(0.0505548954369501,-0.0410678822461516,-0.001));
#2725=CARTESIAN_POINT('',(0.0505548954369501,-0.0410678822461516,-0.0115));
#2726=CARTESIAN_POINT('',(0.0515548954369501,0.,0.002));
#2727=CARTESIAN_POINT('',(0.0545548954369501,-0.0410678822461516,-0.001));
#2728=CARTESIAN_POINT('',(0.0515548954369501,0.0289321177538484,0.002));
#2729=CARTESIAN_POINT('',(0.0505548954369501,0.0289321177538484,0.002));
#2730=CARTESIAN_POINT('',(0.0505548954369501,0.0299321177538485,0.002));
#2731=CARTESIAN_POINT('',(0.0505548954369501,-0.0410678822461516,0.002));
#2732=CARTESIAN_POINT('',(0.0505548954369501,-0.0450678822461516,-0.001));
#2733=CARTESIAN_POINT('',(0.,0.0299321177538485,0.002));
#2734=CARTESIAN_POINT('',(-0.04844510456305,0.0299321177538485,0.002));
#2735=CARTESIAN_POINT('',(0.,-0.0420678822461515,0.002));
#2736=CARTESIAN_POINT('',(-0.04844510456305,-0.0450678822461516,-0.001));
#2737=CARTESIAN_POINT('',(-0.04844510456305,0.0289321177538484,0.002));
#2738=CARTESIAN_POINT('',(-0.04944510456305,0.0289321177538484,0.002));
#2739=CARTESIAN_POINT('',(-0.04844510456305,-0.0410678822461516,0.002));
#2740=CARTESIAN_POINT('',(-0.05244510456305,-0.0410678822461516,-0.001));
#2741=CARTESIAN_POINT('',(-0.04944510456305,0.,0.002));
#2742=CARTESIAN_POINT('',(0.025564122392314,-0.0386895797514765,0.025));
#2743=CARTESIAN_POINT('',(0.025564122392314,-0.0386895797514765,0.001));
#2744=CARTESIAN_POINT('',(-0.043395877607686,-0.0386895797514765,0.025));
#2745=CARTESIAN_POINT('',(-0.043395877607686,-0.0386895797514765,0.001));
#2746=CARTESIAN_POINT('',(0.025564122392314,-0.00495874785519182,0.025));
#2747=CARTESIAN_POINT('',(0.025564122392314,-0.00495874785519182,0.001));
#2748=CARTESIAN_POINT('',(-0.043395877607686,-0.00495874785519182,0.025));
#2749=CARTESIAN_POINT('',(-0.043395877607686,-0.00495874785519182,0.001));
#2750=CARTESIAN_POINT('',(0.,-0.0406895797514766,0.002));
#2751=CARTESIAN_POINT('',(-0.043395877607686,-0.0406895797514766,0.002));
#2752=CARTESIAN_POINT('',(0.025564122392314,-0.0396895797514766,0.001));
#2753=CARTESIAN_POINT('',(0.025564122392314,-0.0386895797514765,0.002));
#2754=CARTESIAN_POINT('',(0.026564122392314,-0.0386895797514765,0.001));
#2755=CARTESIAN_POINT('',(-0.043395877607686,-0.0386895797514765,0.002));
#2756=CARTESIAN_POINT('',(-0.045395877607686,-0.0386895797514765,0.002));
#2757=CARTESIAN_POINT('',(0.026564122392314,-0.0218241638033342,0.001));
#2758=CARTESIAN_POINT('',(0.026564122392314,-0.00495874785519182,0.001));
#2759=CARTESIAN_POINT('',(-0.045395877607686,0.,0.002));
#2760=CARTESIAN_POINT('',(-0.045395877607686,-0.00495874785519182,0.002));
#2761=CARTESIAN_POINT('',(0.025564122392314,-0.00495874785519182,0.002));
#2762=CARTESIAN_POINT('',(0.025564122392314,-0.00395874785519182,0.001));
#2763=CARTESIAN_POINT('',(-0.043395877607686,-0.00495874785519182,0.002));
#2764=CARTESIAN_POINT('',(-0.043395877607686,-0.00295874785519182,0.002));
#2765=CARTESIAN_POINT('',(-0.00891587760768597,-0.00395874785519182,0.001));
#2766=CARTESIAN_POINT('',(0.00105489543694653,0.0319321177538484,-0.003045));
#2767=CARTESIAN_POINT('',(-0.00575510456304997,0.0319321177538484,-0.003045));
#2768=CARTESIAN_POINT('',(-0.00575510456304997,0.0319321177538484,-0.003545));
#2769=CARTESIAN_POINT('',(-0.01213510456305,0.0319321177538484,-0.003045));
#2770=CARTESIAN_POINT('',(-0.01213510456305,0.0319321177538484,-0.003545));
#2771=CARTESIAN_POINT('',(-0.01054010456305,0.0319321177538484,-0.003545));
#2772=CARTESIAN_POINT('',(-0.01213510456305,0.0319321177538484,-0.005125));
#2773=CARTESIAN_POINT('',(-0.01421510456305,0.0319321177538484,-0.005125));
#2774=CARTESIAN_POINT('',(-0.01371510456305,0.0319321177538484,-0.005125));
#2775=CARTESIAN_POINT('',(-0.01213510456305,0.0319321177538484,-0.005125));
#2776=CARTESIAN_POINT('',(-0.00575510456304996,0.0319321177538484,-0.005125));
#2777=CARTESIAN_POINT('',(-0.00575510456304996,0.0319321177538484,-0.005125));
#2778=CARTESIAN_POINT('',(-0.00417510456304996,0.0319321177538484,-0.005125));
#2779=CARTESIAN_POINT('',(-0.00367510456304996,0.0319321177538484,-0.005125));
#2780=CARTESIAN_POINT('',(-0.01421510456305,0.0319321177538484,-0.009702));
#2781=CARTESIAN_POINT('',(-0.01421510456305,0.0319321177538484,-0.005725));
#2782=CARTESIAN_POINT('',(-0.01371510456305,0.0319321177538484,-0.005725));
#2783=CARTESIAN_POINT('',(-0.01371510456305,0.0319321177538484,-0.005425));
#2784=CARTESIAN_POINT('',(-0.00367510456304996,0.0319321177538484,-0.005425));
#2785=CARTESIAN_POINT('',(-0.00417510456304996,0.0319321177538484,-0.005125));
#2786=CARTESIAN_POINT('',(-0.00417510456304996,0.0319321177538484,-0.005725));
#2787=CARTESIAN_POINT('',(-0.00367510456304996,0.0319321177538484,-0.005725));
#2788=CARTESIAN_POINT('',(-0.01213510456305,0.0319321177538484,-0.005725));
#2789=CARTESIAN_POINT('',(-0.01213510456305,0.0319321177538484,-0.007805));
#2790=CARTESIAN_POINT('',(-0.01213510456305,0.0319321177538484,-0.007305));
#2791=CARTESIAN_POINT('',(-0.01213510456305,0.0319321177538484,-0.005725));
#2792=CARTESIAN_POINT('',(-0.00575510456304997,0.0319321177538484,-0.005725));
#2793=CARTESIAN_POINT('',(-0.00575510456304997,0.0319321177538484,-0.005725));
#2794=CARTESIAN_POINT('',(-0.00575510456304997,0.0319321177538484,-0.007305));
#2795=CARTESIAN_POINT('',(-0.00575510456304997,0.0319321177538484,-0.007805));
#2796=CARTESIAN_POINT('',(-0.00735010456304996,0.0319321177538484,-0.007805));
#2797=CARTESIAN_POINT('',(-0.00575510456304997,0.0319321177538484,-0.007305));
#2798=CARTESIAN_POINT('',(0.00105489543695013,-0.00606788224615156,-0.0115));
#2799=CARTESIAN_POINT('',(0.04935489543695,-0.0369678822461516,-0.006));
#2800=CARTESIAN_POINT('',(0.04935489543695,-0.0369678822461516,-0.006));
#2801=CARTESIAN_POINT('',(0.04760489543695,-0.0369678822461516,-0.006));
#2802=CARTESIAN_POINT('',(-0.04724510456305,0.0277321177538484,-0.006));
#2803=CARTESIAN_POINT('',(-0.04724510456305,0.0277321177538484,-0.006));
#2804=CARTESIAN_POINT('',(-0.04899510456305,0.0277321177538484,-0.006));
#2805=CARTESIAN_POINT('',(0.04935489543695,0.0277321177538484,-0.006));
#2806=CARTESIAN_POINT('',(0.04935489543695,0.0277321177538484,-0.006));
#2807=CARTESIAN_POINT('',(0.04760489543695,0.0277321177538484,-0.006));
#2808=CARTESIAN_POINT('',(0.00105489543695004,-0.00606788224615156,-0.006));
#2809=CARTESIAN_POINT('',(0.00105489543695004,-0.00606788224615156,-0.006));
#2810=CARTESIAN_POINT('',(0.00105489543695004,-0.00606788224615156,-0.006));
#2811=CARTESIAN_POINT('',(0.00105489543695013,-0.00606788224615156,-0.0097));
#2812=CARTESIAN_POINT('',(-0.04904510456305,-0.00286788224615156,-0.0097));
#2813=CARTESIAN_POINT('',(-0.04904510456305,0.00313211775384844,-0.0097));
#2814=CARTESIAN_POINT('',(0.04635489543695,0.0295821177538485,-0.009702));
#2815=CARTESIAN_POINT('',(0.04635489543695,0.0277321177538484,-0.009702));
#2816=CARTESIAN_POINT('',(0.04935489543695,0.0277321177538484,-0.009702));
#2817=CARTESIAN_POINT('',(0.04935489543695,0.0247321177538485,-0.009702));
#2818=CARTESIAN_POINT('',(0.0512048954369501,0.0247321177538485,-0.009702));
#2819=CARTESIAN_POINT('',(0.0512048954369501,-0.0339678822461515,-0.009702));
#2820=CARTESIAN_POINT('',(0.04935489543695,-0.0339678822461515,-0.009702));
#2821=CARTESIAN_POINT('',(0.04935489543695,-0.0369678822461516,-0.009702));
#2822=CARTESIAN_POINT('',(0.04635489543695,-0.0369678822461516,-0.009702));
#2823=CARTESIAN_POINT('',(0.04635489543695,-0.0388178822461515,-0.009702));
#2824=CARTESIAN_POINT('',(-0.0442451045630499,0.0295821177538485,-0.009702));
#2825=CARTESIAN_POINT('',(-0.0442451045630499,0.0277321177538484,-0.009702));
#2826=CARTESIAN_POINT('',(-0.04724510456305,0.0277321177538484,-0.009702));
#2827=CARTESIAN_POINT('',(-0.04724510456305,0.0247321177538485,-0.009702));
#2828=CARTESIAN_POINT('',(-0.04909510456305,0.0247321177538485,-0.009702));
#2829=CARTESIAN_POINT('',(0.,0.,-0.006));
#2830=CARTESIAN_POINT('',(-0.04904510456305,-0.00286788224615156,-0.009702));
#2831=CARTESIAN_POINT('',(-0.04904510456305,0.00313211775384844,-0.009702));
#2832=CARTESIAN_POINT('',(-0.01213510456305,0.0319321177538484,-0.005125));
#2833=CARTESIAN_POINT('',(-0.01471510456305,0.0319321177538484,-0.005125));
#2834=CARTESIAN_POINT('',(-0.01213510456305,0.0319321177538484,-0.002545));
#2835=CARTESIAN_POINT('',(0.00105489543695003,0.0319321177538484,-0.002545));
#2836=CARTESIAN_POINT('',(-0.00575510456304997,0.0319321177538484,-0.002545));
#2837=CARTESIAN_POINT('',(-0.01471510456305,0.0319321177538484,0.025));
#2838=CARTESIAN_POINT('',(-0.01471510456305,0.0319321177538484,-0.005725));
#2839=CARTESIAN_POINT('',(-0.00575510456304996,0.0319321177538484,-0.005125));
#2840=CARTESIAN_POINT('',(-0.00317510456304996,0.0319321177538484,-0.005125));
#2841=CARTESIAN_POINT('',(-0.01213510456305,0.0319321177538484,-0.005725));
#2842=CARTESIAN_POINT('',(-0.01213510456305,0.0319321177538484,-0.008305));
#2843=CARTESIAN_POINT('',(-0.00317510456304996,0.0319321177538484,-0.005425));
#2844=CARTESIAN_POINT('',(-0.00317510456304996,0.0319321177538484,-0.005725));
#2845=CARTESIAN_POINT('',(-0.00735010456304996,0.0319321177538484,-0.008305));
#2846=CARTESIAN_POINT('',(-0.00575510456304996,0.0319321177538484,-0.008305));
#2847=CARTESIAN_POINT('',(-0.00575510456304997,0.0319321177538484,-0.005725));
#2848=MECHANICAL_DESIGN_GEOMETRIC_PRESENTATION_REPRESENTATION('',(#1658),
#2849);
#2849=(
GEOMETRIC_REPRESENTATION_CONTEXT(3)
GLOBAL_UNCERTAINTY_ASSIGNED_CONTEXT((#2850))
GLOBAL_UNIT_ASSIGNED_CONTEXT((#2853,#2852,#2851))
REPRESENTATION_CONTEXT('Part 1','TOP_LEVEL_ASSEMBLY_PART')
);
#2850=UNCERTAINTY_MEASURE_WITH_UNIT(LENGTH_MEASURE(1.E-8),#2853,
'DISTANCE_ACCURACY_VALUE','Maximum Tolerance applied to model');
#2851=(
NAMED_UNIT(*)
SI_UNIT($,.STERADIAN.)
SOLID_ANGLE_UNIT()
);
#2852=(
NAMED_UNIT(*)
PLANE_ANGLE_UNIT()
SI_UNIT($,.RADIAN.)
);
#2853=(
LENGTH_UNIT()
NAMED_UNIT(*)
SI_UNIT($,.METRE.)
);
#2854=PRODUCT_DEFINITION_SHAPE('','',#2855);
#2855=PRODUCT_DEFINITION('','',#2857,#2856);
#2856=PRODUCT_DEFINITION_CONTEXT('',#2863,'design');
#2857=PRODUCT_DEFINITION_FORMATION_WITH_SPECIFIED_SOURCE('','',#2859,
 .NOT_KNOWN.);
#2858=PRODUCT_RELATED_PRODUCT_CATEGORY('','',(#2859));
#2859=PRODUCT('Part 1','Part 1','Part 1',(#2861));
#2860=PRODUCT_CATEGORY('','');
#2861=PRODUCT_CONTEXT('',#2863,'mechanical');
#2862=APPLICATION_PROTOCOL_DEFINITION('international standard',
'ap242_managed_model_based_3d_engineering',2020,#2863);
#2863=APPLICATION_CONTEXT('managed model based 3d engineering');
ENDSEC;
END-ISO-10303-21;
